{"type": "FeatureCollection", "features": [{"type": "Feature", "geometry": {"type": "Point", "coordinates": [109.3276215, -0.001087]}, "properties": {"id": "GEN-KLM-0001", "name": "PLTD Siantan Kalbar", "osm_name": "PLTD Siantan Kalbar", "type": "PLTD", "capacity_mw": "30.0", "province": "Kalimantan Barat", "system": "Khatulistiwa", "status": "existing", "operator": "Perusahaan Listrik Negara", "method": "combustion", "osm_id": "way/284402692", "osm_source": "oil", "review_flag": "", "source_id": "OSM-overpass", "capacity_unit": "MW", "role": "Utility", "roleDescription": "Memasok listrik ke sistem kelistrikan publik.", "roleConfidence": "", "roleReason": "", "match_tier": "UNMATCHED_IPM", "match_score": "0.10", "match_reason": "tidak ada RUPTL row yang cocok", "name_source": "ipm_osm", "capacity_mw_source": "ipm_osm", "type_source": "ipm_osm", "role_source": "ipm_osm", "operator_source": "ipm_osm", "status_source": "ipm_osm", "coord_source": "ipm_osm", "capacity_mw_ipm": "30.0", "type_ipm": "PLTD", "role_ipm": "Utility", "status_norm": "OPERATIONAL", "action_norm": "", "is_placeholder": false}}, {"type": "Feature", "geometry": {"type": "Point", "coordinates": [115.4458201, -2.1585393]}, "properties": {"id": "GEN-KLM-0002", "name": "PLTU MSW", "osm_name": "PLTU MSW", "type": "PLTU", "capacity_mw": "60.0", "province": "Kalimantan Selatan", "system": "Kalselteng", "status": "existing", "operator": "", "method": "combustion", "osm_id": "way/353964382", "osm_source": "coal", "review_flag": "", "source_id": "OSM-overpass", "capacity_unit": "MW", "role": "Utility", "roleDescription": "Memasok listrik ke sistem kelistrikan publik.", "roleConfidence": "", "roleReason": "", "match_tier": "UNMATCHED_IPM", "match_score": "0.10", "match_reason": "tidak ada RUPTL row yang cocok", "name_source": "ipm_osm", "capacity_mw_source": "ipm_osm", "type_source": "ipm_osm", "role_source": "ipm_osm", "status_source": "ipm_osm", "coord_source": "ipm_osm", "capacity_mw_ipm": "60.0", "type_ipm": "PLTU", "role_ipm": "Utility", "status_norm": "OPERATIONAL", "action_norm": "", "is_placeholder": false}}, {"type": "Feature", "geometry": {"type": "Point", "coordinates": [116.8413592, -1.2625591]}, "properties": {"id": "GEN-KLM-0003", "name": "PLTD Gunung Malang", "osm_name": "PLTD Gunung Malang", "type": "PLTD", "capacity_mw": "16.0", "province": "Kalimantan Timur", "system": "Mahakam", "status": "existing", "operator": "Perusahaan Listrik Negara", "method": "", "osm_id": "way/373369943", "osm_source": "diesel", "review_flag": "", "source_id": "OSM-overpass", "capacity_unit": "MW", "role": "Utility", "roleDescription": "Memasok listrik ke sistem kelistrikan publik.", "roleConfidence": "", "roleReason": "", "match_tier": "UNMATCHED_IPM", "match_score": "0.10", "match_reason": "tidak ada RUPTL row yang cocok", "name_source": "ipm_osm", "capacity_mw_source": "ipm_osm", "type_source": "ipm_osm", "role_source": "ipm_osm", "operator_source": "ipm_osm", "status_source": "ipm_osm", "coord_source": "ipm_osm", "capacity_mw_ipm": "16.0", "type_ipm": "PLTD", "role_ipm": "Utility", "status_norm": "OPERATIONAL", "action_norm": "", "is_placeholder": false}}, {"type": "Feature", "geometry": {"type": "Point", "coordinates": [114.5703126, -3.3102183]}, "properties": {"id": "GEN-KLM-0004", "name": "PLTD & PLTG Trisakti", "osm_name": "PLTD & PLTG Trisakti", "type": "PLTD", "capacity_mw": "111.0", "province": "Kalimantan Selatan", "system": "Kalselteng", "status": "existing", "operator": "PLN", "method": "combustion", "osm_id": "way/416518494", "osm_source": "diesel;gas", "review_flag": "", "source_id": "OSM-overpass", "capacity_unit": "MW", "role": "Utility", "roleDescription": "Memasok listrik ke sistem kelistrikan publik.", "roleConfidence": "", "roleReason": "", "match_tier": "UNMATCHED_IPM", "match_score": "0.10", "match_reason": "tidak ada RUPTL row yang cocok", "name_source": "ipm_osm", "capacity_mw_source": "ipm_osm", "type_source": "ipm_osm", "role_source": "ipm_osm", "operator_source": "ipm_osm", "status_source": "ipm_osm", "coord_source": "ipm_osm", "capacity_mw_ipm": "111.0", "type_ipm": "PLTD", "role_ipm": "Utility", "status_norm": "OPERATIONAL", "action_norm": "", "is_placeholder": false}}, {"type": "Feature", "geometry": {"type": "Point", "coordinates": [117.0519962, -0.3823542]}, "properties": {"id": "GEN-KLM-0005", "name": "PLTGU Tanjung Batu", "osm_name": "PLTGU Tanjung Batu", "type": "PLTGU", "capacity_mw": "60.0", "province": "Kalimantan Timur", "system": "Mahakam", "status": "existing", "operator": "", "method": "", "osm_id": "way/450527117", "osm_source": "gas", "review_flag": "", "source_id": "OSM-overpass", "capacity_unit": "MW", "role": "Utility", "roleDescription": "Memasok listrik ke sistem kelistrikan publik.", "roleConfidence": "", "roleReason": "", "match_tier": "UNMATCHED_IPM", "match_score": "0.10", "match_reason": "tidak ada RUPTL row yang cocok", "name_source": "ipm_osm", "capacity_mw_source": "ipm_osm", "type_source": "ipm_osm", "role_source": "ipm_osm", "status_source": "ipm_osm", "coord_source": "ipm_osm", "capacity_mw_ipm": "60.0", "type_ipm": "PLTGU", "role_ipm": "Utility", "status_norm": "OPERATIONAL", "action_norm": "", "is_placeholder": false}}, {"type": "Feature", "geometry": {"type": "Point", "coordinates": [117.062746, -0.3715316]}, "properties": {"id": "GEN-KLM-0006", "name": "PLTU Embalut", "osm_name": "PLTU Embalut", "type": "PLTU", "capacity_mw": "110.0", "province": "Kalimantan Timur", "system": "Mahakam", "status": "existing", "operator": "", "method": "combustion", "osm_id": "way/450527118", "osm_source": "coal", "review_flag": "", "source_id": "OSM-overpass", "capacity_unit": "MW", "role": "Utility", "roleDescription": "Memasok listrik ke sistem kelistrikan publik.", "roleConfidence": "", "roleReason": "", "match_tier": "UNMATCHED_IPM", "match_score": "0.10", "match_reason": "tidak ada RUPTL row yang cocok", "name_source": "ipm_osm", "capacity_mw_source": "ipm_osm", "type_source": "ipm_osm", "role_source": "ipm_osm", "status_source": "ipm_osm", "coord_source": "ipm_osm", "capacity_mw_ipm": "110.0", "type_ipm": "PLTU", "role_ipm": "Utility", "status_norm": "OPERATIONAL", "action_norm": "", "is_placeholder": false}}, {"type": "Feature", "geometry": {"type": "Point", "coordinates": [116.9503976, -1.2386724]}, "properties": {"id": "GEN-KLM-0007", "name": "PTLD Batakan", "osm_name": "PTLD Batakan", "type": "PLTD", "capacity_mw": "4.0", "province": "Kalimantan Timur", "system": "Mahakam", "status": "existing", "operator": "PLN", "method": "", "osm_id": "way/508067180", "osm_source": "diesel", "review_flag": "", "source_id": "OSM-overpass", "capacity_unit": "MW", "role": "Utility", "roleDescription": "Memasok listrik ke sistem kelistrikan publik.", "roleConfidence": "", "roleReason": "", "match_tier": "UNMATCHED_IPM", "match_score": "0.10", "match_reason": "tidak ada RUPTL row yang cocok", "name_source": "ipm_osm", "capacity_mw_source": "ipm_osm", "type_source": "ipm_osm", "role_source": "ipm_osm", "operator_source": "ipm_osm", "status_source": "ipm_osm", "coord_source": "ipm_osm", "capacity_mw_ipm": "4.0", "type_ipm": "PLTD", "role_ipm": "Utility", "status_norm": "OPERATIONAL", "action_norm": "", "is_placeholder": false}}, {"type": "Feature", "geometry": {"type": "Point", "coordinates": [110.555892, 0.0297497]}, "properties": {"id": "GEN-KLM-0008", "name": "PLTU Sanggau", "osm_name": "PLTU Sanggau", "type": "PLTU", "capacity_mw": "17.0", "province": "Kalimantan Barat", "system": "Khatulistiwa", "status": "existing", "operator": "Indonesia Power", "method": "combustion", "osm_id": "way/563399561", "osm_source": "coal", "review_flag": "", "source_id": "OSM-overpass", "capacity_unit": "MW", "role": "Utility", "roleDescription": "Memasok listrik ke sistem kelistrikan publik.", "roleConfidence": "", "roleReason": "", "match_tier": "UNMATCHED_IPM", "match_score": "0.10", "match_reason": "tidak ada RUPTL row yang cocok", "name_source": "ipm_osm", "capacity_mw_source": "ipm_osm", "type_source": "ipm_osm", "role_source": "ipm_osm", "operator_source": "ipm_osm", "status_source": "ipm_osm", "coord_source": "ipm_osm", "capacity_mw_ipm": "17.0", "type_ipm": "PLTU", "role_ipm": "Utility", "status_norm": "OPERATIONAL", "action_norm": "", "is_placeholder": false}}, {"type": "Feature", "geometry": {"type": "Point", "coordinates": [111.43339, 0.0739163]}, "properties": {"id": "GEN-KLM-0009", "name": "PLTU Sintang", "osm_name": "PLTU Sintang", "type": "PLTU", "capacity_mw": "27.0", "province": "Kalimantan Barat", "system": "Khatulistiwa", "status": "existing", "operator": "Indonesia Power", "method": "combustion", "osm_id": "way/563399562", "osm_source": "coal", "review_flag": "", "source_id": "OSM-overpass", "capacity_unit": "MW", "role": "Utility", "roleDescription": "Memasok listrik ke sistem kelistrikan publik.", "roleConfidence": "", "roleReason": "", "match_tier": "UNMATCHED_IPM", "match_score": "0.10", "match_reason": "tidak ada RUPTL row yang cocok", "name_source": "ipm_osm", "capacity_mw_source": "ipm_osm", "type_source": "ipm_osm", "role_source": "ipm_osm", "operator_source": "ipm_osm", "status_source": "ipm_osm", "coord_source": "ipm_osm", "capacity_mw_ipm": "27.0", "type_ipm": "PLTU", "role_ipm": "Utility", "status_norm": "OPERATIONAL", "action_norm": "", "is_placeholder": false}}, {"type": "Feature", "geometry": {"type": "Point", "coordinates": [108.863233, 0.8300932]}, "properties": {"id": "GEN-KLM-0010", "name": "PLTU Kalbar-2", "osm_name": "PLTU Kalbar-2", "type": "PLTU", "capacity_mw": "55.0", "province": "Kalimantan Barat", "system": "Khatulistiwa", "status": "existing", "operator": "Perusahaan Listrik Negara", "method": "combustion", "osm_id": "way/563399569", "osm_source": "coal", "review_flag": "", "source_id": "OSM-overpass", "capacity_unit": "MW", "role": "Utility", "roleDescription": "Memasok listrik ke sistem kelistrikan publik.", "roleConfidence": "", "roleReason": "", "match_tier": "UNMATCHED_IPM", "match_score": "0.10", "match_reason": "tidak ada RUPTL row yang cocok", "name_source": "ipm_osm", "capacity_mw_source": "ipm_osm", "type_source": "ipm_osm", "role_source": "ipm_osm", "operator_source": "ipm_osm", "status_source": "ipm_osm", "coord_source": "ipm_osm", "capacity_mw_ipm": "55.0", "type_ipm": "PLTU", "role_ipm": "Utility", "status_norm": "OPERATIONAL", "action_norm": "", "is_placeholder": false}}, {"type": "Feature", "geometry": {"type": "Point", "coordinates": [116.7884605, -1.1700853]}, "properties": {"id": "GEN-KLM-0011", "name": "PLTU Kaltim Teluk", "osm_name": "PLTU Kaltim Teluk", "type": "PLTU", "capacity_mw": "250.0", "province": "Kalimantan Timur", "system": "Mahakam", "status": "existing", "operator": "", "method": "combustion", "osm_id": "way/573633098", "osm_source": "coal", "review_flag": "", "source_id": "OSM-overpass", "capacity_unit": "MW", "role": "Utility", "roleDescription": "Memasok listrik ke sistem kelistrikan publik.", "roleConfidence": "", "roleReason": "", "match_tier": "UNMATCHED_IPM", "match_score": "0.10", "match_reason": "tidak ada RUPTL row yang cocok", "name_source": "ipm_osm", "capacity_mw_source": "ipm_osm", "type_source": "ipm_osm", "role_source": "ipm_osm", "status_source": "ipm_osm", "coord_source": "ipm_osm", "capacity_mw_ipm": "250.0", "type_ipm": "PLTU", "role_ipm": "Utility", "status_norm": "OPERATIONAL", "action_norm": "", "is_placeholder": false}}, {"type": "Feature", "geometry": {"type": "Point", "coordinates": [115.1052189, -3.9271515]}, "properties": {"id": "GEN-KLM-0012", "name": "PLTU Asam Asam", "osm_name": "PLTU Asam Asam", "type": "PLTU", "capacity_mw": "260.0", "province": "Kalimantan Selatan", "system": "Kalselteng", "status": "existing", "operator": "PLN", "method": "combustion", "osm_id": "way/611478867", "osm_source": "coal", "review_flag": "", "source_id": "OSM-overpass", "capacity_unit": "MW", "role": "Utility", "roleDescription": "Memasok listrik ke sistem kelistrikan publik.", "roleConfidence": "", "roleReason": "", "match_tier": "UNMATCHED_IPM", "match_score": "0.10", "match_reason": "tidak ada RUPTL row yang cocok", "name_source": "ipm_osm", "capacity_mw_source": "ipm_osm", "type_source": "ipm_osm", "role_source": "ipm_osm", "operator_source": "ipm_osm", "status_source": "ipm_osm", "coord_source": "ipm_osm", "capacity_mw_ipm": "260.0", "type_ipm": "PLTU", "role_ipm": "Utility", "status_norm": "OPERATIONAL", "action_norm": "", "is_placeholder": false}}, {"type": "Feature", "geometry": {"type": "Point", "coordinates": [114.3727892, -3.0123226]}, "properties": {"id": "GEN-KLM-0013", "name": "PLTD Kuala Kapuas", "osm_name": "PLTD Kuala Kapuas", "type": "PLTD", "capacity_mw": "10.0", "province": "Kalimantan Selatan", "system": "Kalselteng", "status": "existing", "operator": "", "method": "combustion", "osm_id": "way/611547067", "osm_source": "diesel", "review_flag": "", "source_id": "OSM-overpass", "capacity_unit": "MW", "role": "Utility", "roleDescription": "Memasok listrik ke sistem kelistrikan publik.", "roleConfidence": "", "roleReason": "", "match_tier": "UNMATCHED_IPM", "match_score": "0.10", "match_reason": "tidak ada RUPTL row yang cocok", "name_source": "ipm_osm", "capacity_mw_source": "ipm_osm", "type_source": "ipm_osm", "role_source": "ipm_osm", "status_source": "ipm_osm", "coord_source": "ipm_osm", "capacity_mw_ipm": "10.0", "type_ipm": "PLTD", "role_ipm": "Utility", "status_norm": "OPERATIONAL", "action_norm": "", "is_placeholder": false}}, {"type": "Feature", "geometry": {"type": "Point", "coordinates": [114.5525672, -3.2768161]}, "properties": {"id": "GEN-KLM-0014", "name": "PLTD Seberang Barito", "osm_name": "PLTD Seberang Barito", "type": "PLTD", "capacity_mw": "45.0", "province": "Kalimantan Selatan", "system": "Kalselteng", "status": "existing", "operator": "Perusahaan Listrik Negara", "method": "combustion", "osm_id": "way/611547068", "osm_source": "diesel;gas", "review_flag": "", "source_id": "OSM-overpass", "capacity_unit": "MW", "role": "Utility", "roleDescription": "Memasok listrik ke sistem kelistrikan publik.", "roleConfidence": "", "roleReason": "", "match_tier": "UNMATCHED_IPM", "match_score": "0.10", "match_reason": "tidak ada RUPTL row yang cocok", "name_source": "ipm_osm", "capacity_mw_source": "ipm_osm", "type_source": "ipm_osm", "role_source": "ipm_osm", "operator_source": "ipm_osm", "status_source": "ipm_osm", "coord_source": "ipm_osm", "capacity_mw_ipm": "45.0", "type_ipm": "PLTD", "role_ipm": "Utility", "status_norm": "OPERATIONAL", "action_norm": "", "is_placeholder": false}}, {"type": "Feature", "geometry": {"type": "Point", "coordinates": [115.4505238, -2.1966964]}, "properties": {"id": "GEN-KLM-0015", "name": "PLTD Maburai", "osm_name": "PLTD Maburai", "type": "PLTD", "capacity_mw": "5.0", "province": "Kalimantan Selatan", "system": "Kalselteng", "status": "existing", "operator": "PLN", "method": "combustion", "osm_id": "way/611647727", "osm_source": "diesel", "review_flag": "", "source_id": "OSM-overpass", "capacity_unit": "MW", "role": "Utility", "roleDescription": "Memasok listrik ke sistem kelistrikan publik.", "roleConfidence": "", "roleReason": "", "match_tier": "UNMATCHED_IPM", "match_score": "0.10", "match_reason": "tidak ada RUPTL row yang cocok", "name_source": "ipm_osm", "capacity_mw_source": "ipm_osm", "type_source": "ipm_osm", "role_source": "ipm_osm", "operator_source": "ipm_osm", "status_source": "ipm_osm", "coord_source": "ipm_osm", "capacity_mw_ipm": "5.0", "type_ipm": "PLTD", "role_ipm": "Utility", "status_norm": "OPERATIONAL", "action_norm": "", "is_placeholder": false}}, {"type": "Feature", "geometry": {"type": "Point", "coordinates": [117.2924034, -0.3161946]}, "properties": {"id": "GEN-KLM-0016", "name": "PLTG Sambera", "osm_name": "PLTG Sambera", "type": "PLTG", "capacity_mw": "40.0", "province": "Kalimantan Timur", "system": "Mahakam", "status": "existing", "operator": "", "method": "", "osm_id": "way/612348764", "osm_source": "gas", "review_flag": "", "source_id": "OSM-overpass", "capacity_unit": "MW", "role": "Utility", "roleDescription": "Memasok listrik ke sistem kelistrikan publik.", "roleConfidence": "", "roleReason": "", "match_tier": "UNMATCHED_IPM", "match_score": "0.10", "match_reason": "tidak ada RUPTL row yang cocok", "name_source": "ipm_osm", "capacity_mw_source": "ipm_osm", "type_source": "ipm_osm", "role_source": "ipm_osm", "status_source": "ipm_osm", "coord_source": "ipm_osm", "capacity_mw_ipm": "40.0", "type_ipm": "PLTG", "role_ipm": "Utility", "status_norm": "OPERATIONAL", "action_norm": "", "is_placeholder": false}}, {"type": "Feature", "geometry": {"type": "Point", "coordinates": [115.0064707, -3.5147851]}, "properties": {"id": "GEN-KLM-0017", "name": "PLTA Riam Kanan", "osm_name": "PLTA Riam Kanan", "type": "PLTA", "capacity_mw": "30.0", "province": "Kalimantan Selatan", "system": "Kalselteng", "status": "existing", "operator": "PLN", "method": "water-storage", "osm_id": "way/613098761", "osm_source": "hydro", "review_flag": "", "source_id": "OSM-overpass", "capacity_unit": "MW", "role": "Utility", "roleDescription": "Memasok listrik ke sistem kelistrikan publik.", "roleConfidence": "", "roleReason": "", "match_tier": "UNMATCHED_IPM", "match_score": "0.10", "match_reason": "tidak ada RUPTL row yang cocok", "name_source": "ipm_osm", "capacity_mw_source": "ipm_osm", "type_source": "ipm_osm", "role_source": "ipm_osm", "operator_source": "ipm_osm", "status_source": "ipm_osm", "coord_source": "ipm_osm", "capacity_mw_ipm": "30.0", "type_ipm": "PLTA", "role_ipm": "Utility", "status_norm": "OPERATIONAL", "action_norm": "", "is_placeholder": false}}, {"type": "Feature", "geometry": {"type": "Point", "coordinates": [113.8736172, -2.1732838]}, "properties": {"id": "GEN-KLM-0018", "name": "PLTD Kahayan Baru", "osm_name": "PLTD Kahayan Baru", "type": "PLTD", "capacity_mw": "10.0", "province": "Kalimantan Tengah", "system": "Kalselteng", "status": "existing", "operator": "", "method": "combustion", "osm_id": "way/613865135", "osm_source": "diesel", "review_flag": "", "source_id": "OSM-overpass", "capacity_unit": "MW", "role": "Utility", "roleDescription": "Memasok listrik ke sistem kelistrikan publik.", "roleConfidence": "", "roleReason": "", "match_tier": "UNMATCHED_IPM", "match_score": "0.10", "match_reason": "tidak ada RUPTL row yang cocok", "name_source": "ipm_osm", "capacity_mw_source": "ipm_osm", "type_source": "ipm_osm", "role_source": "ipm_osm", "status_source": "ipm_osm", "coord_source": "ipm_osm", "capacity_mw_ipm": "10.0", "type_ipm": "PLTD", "role_ipm": "Utility", "status_norm": "OPERATIONAL", "action_norm": "", "is_placeholder": false}}, {"type": "Feature", "geometry": {"type": "Point", "coordinates": [108.843188, 0.8174175]}, "properties": {"id": "GEN-KLM-0020", "name": "PLTU Kalbar-1", "osm_name": "PLTU Kalbar-1", "type": "PLTU", "capacity_mw": "200.0", "province": "Kalimantan Barat", "system": "Khatulistiwa", "status": "existing", "operator": "", "method": "combustion", "osm_id": "way/872005243", "osm_source": "coal", "review_flag": "", "source_id": "OSM-overpass", "capacity_unit": "MW", "role": "Utility", "roleDescription": "Memasok listrik ke sistem kelistrikan publik.", "roleConfidence": "", "roleReason": "", "match_tier": "UNMATCHED_IPM", "match_score": "0.10", "match_reason": "tidak ada RUPTL row yang cocok", "name_source": "ipm_osm", "capacity_mw_source": "ipm_osm", "type_source": "ipm_osm", "role_source": "ipm_osm", "status_source": "ipm_osm", "coord_source": "ipm_osm", "capacity_mw_ipm": "200.0", "type_ipm": "PLTU", "role_ipm": "Utility", "status_norm": "OPERATIONAL", "action_norm": "", "is_placeholder": false}}, {"type": "Feature", "geometry": {"type": "Point", "coordinates": [108.8737929, 0.8371708]}, "properties": {"id": "GEN-KLM-0021", "name": "PLTU Bengkayang", "osm_name": "PLTU Bengkayang", "type": "PLTU", "capacity_mw": "100.0", "province": "Kalimantan Barat", "system": "Khatulistiwa", "status": "existing", "operator": "", "method": "combustion", "osm_id": "way/872005244", "osm_source": "coal", "review_flag": "", "source_id": "OSM-overpass", "capacity_unit": "MW", "role": "Utility", "roleDescription": "Memasok listrik ke sistem kelistrikan publik.", "roleConfidence": "", "roleReason": "", "match_tier": "UNMATCHED_IPM", "match_score": "0.10", "match_reason": "tidak ada RUPTL row yang cocok", "name_source": "ipm_osm", "capacity_mw_source": "ipm_osm", "type_source": "ipm_osm", "role_source": "ipm_osm", "status_source": "ipm_osm", "coord_source": "ipm_osm", "capacity_mw_ipm": "100.0", "type_ipm": "PLTU", "role_ipm": "Utility", "status_norm": "OPERATIONAL", "action_norm": "", "is_placeholder": false}}, {"type": "Feature", "geometry": {"type": "Point", "coordinates": [109.2032589, 0.0586762]}, "properties": {"id": "GEN-KLM-0022", "name": "PLTU Parit Baru (FTP1)", "osm_name": "PLTU Parit Baru (FTP1)", "type": "PLTU", "capacity_mw": "100.0", "province": "Kalimantan Barat", "system": "Khatulistiwa", "status": "existing", "operator": "Perusahaan Listrik Negara", "method": "combustion", "osm_id": "way/919274063", "osm_source": "coal", "review_flag": "", "source_id": "OSM-overpass", "capacity_unit": "MW", "role": "Utility", "roleDescription": "Memasok listrik ke sistem kelistrikan publik.", "roleConfidence": "", "roleReason": "", "match_tier": "PROBABLE_MATCH", "match_score": "0.80", "match_reason": "nama-stem sama ('parit baru ftp1'), jarak 0.0 km", "ruptl_id": "RUPTL-KALIMANTAN-P-0021", "name_source": "ipm_osm", "capacity_mw_source": "ipm_osm", "type_source": "ipm_osm", "role_source": "ipm_osm", "operator_source": "ipm_osm", "status_source": "ipm_osm", "coord_source": "ipm_osm", "capacity_mw_ipm": "100.0", "capacity_mw_ruptl": "50.0", "type_ipm": "PLTU", "type_ruptl": "PLTU", "role_ipm": "Utility", "has_capacity_conflict": "true", "has_type_conflict": "false", "has_location_conflict": "false", "target_cod_year_ruptl": "2030", "source_page_ruptl": "735", "source_table_ruptl": "Tabel A11.11", "status_norm": "", "action_norm": "", "is_placeholder": false}}, {"type": "Feature", "geometry": {"type": "Point", "coordinates": [117.3671633, 2.8134715]}, "properties": {"id": "GEN-KLM-0023", "name": "PLTMG Tanjung Selor", "osm_name": "PLTMG Tanjung Selor", "type": "PLTMG", "capacity_mw": "15.0", "province": "Kalimantan Utara", "system": "Mahakam", "status": "existing", "operator": "", "method": "", "osm_id": "way/943966216", "osm_source": "gas", "review_flag": "", "source_id": "OSM-overpass", "capacity_unit": "MW", "role": "Utility", "roleDescription": "Memasok listrik ke sistem kelistrikan publik.", "roleConfidence": "", "roleReason": "", "match_tier": "PROBABLE_MATCH", "match_score": "0.80", "match_reason": "nama-stem sama ('tanjung selor'), jarak 0.0 km", "ruptl_id": "RUPTL-KALIMANTAN-P-0094", "name_source": "ipm_osm", "capacity_mw_source": "ipm_osm", "type_source": "ipm_osm", "role_source": "ipm_osm", "status_source": "ipm_osm", "coord_source": "ipm_osm", "capacity_mw_ipm": "15.0", "capacity_mw_ruptl": "14.0", "type_ipm": "PLTMG", "type_ruptl": "PLTU", "role_ipm": "Utility", "has_capacity_conflict": "false", "has_type_conflict": "true", "has_location_conflict": "false", "target_cod_year_ruptl": "2030", "source_page_ruptl": "803", "source_table_ruptl": "Tabel A15.11", "status_norm": "", "action_norm": "", "is_placeholder": false}}, {"type": "Feature", "geometry": {"type": "Point", "coordinates": [117.5113113, 2.1575228]}, "properties": {"id": "GEN-KLM-0024", "name": "PLTD Sambaliung", "osm_name": "PLTD Sambaliung", "type": "PLTD", "capacity_mw": "10.0", "province": "Kalimantan Timur", "system": "Mahakam", "status": "existing", "operator": "", "method": "", "osm_id": "way/943966217", "osm_source": "diesel", "review_flag": "", "source_id": "OSM-overpass", "capacity_unit": "MW", "role": "Utility", "roleDescription": "Memasok listrik ke sistem kelistrikan publik.", "roleConfidence": "", "roleReason": "", "match_tier": "UNMATCHED_IPM", "match_score": "0.10", "match_reason": "tidak ada RUPTL row yang cocok", "name_source": "ipm_osm", "capacity_mw_source": "ipm_osm", "type_source": "ipm_osm", "role_source": "ipm_osm", "status_source": "ipm_osm", "coord_source": "ipm_osm", "capacity_mw_ipm": "10.0", "type_ipm": "PLTD", "role_ipm": "Utility", "status_norm": "OPERATIONAL", "action_norm": "", "is_placeholder": false}}, {"type": "Feature", "geometry": {"type": "Point", "coordinates": [117.6357811, 0.5403338]}, "properties": {"id": "GEN-KLM-0025", "name": "PLTU Tanjung Bara", "osm_name": "PLTU Tanjung Bara", "type": "PLTU", "capacity_mw": "64.0", "province": "Kalimantan Timur", "system": "Mahakam", "status": "existing", "operator": "", "method": "", "osm_id": "way/944504857", "osm_source": "coal", "review_flag": "", "source_id": "OSM-overpass", "capacity_unit": "MW", "role": "Utility", "roleDescription": "Memasok listrik ke sistem kelistrikan publik.", "roleConfidence": "", "roleReason": "", "match_tier": "UNMATCHED_IPM", "match_score": "0.10", "match_reason": "tidak ada RUPTL row yang cocok", "name_source": "ipm_osm", "capacity_mw_source": "ipm_osm", "type_source": "ipm_osm", "role_source": "ipm_osm", "status_source": "ipm_osm", "coord_source": "ipm_osm", "capacity_mw_ipm": "64.0", "type_ipm": "PLTU", "role_ipm": "Utility", "status_norm": "OPERATIONAL", "action_norm": "", "is_placeholder": false}}, {"type": "Feature", "geometry": {"type": "Point", "coordinates": [117.493966, 0.0548112]}, "properties": {"id": "GEN-KLM-0026", "name": "PLTU Kaltim 2", "osm_name": "PLTU Kaltim 2", "type": "PLTU", "capacity_mw": "200.0", "province": "Kalimantan Timur", "system": "Mahakam", "status": "existing", "operator": "", "method": "combustion", "osm_id": "way/944504860", "osm_source": "coal", "review_flag": "", "source_id": "OSM-overpass", "capacity_unit": "MW", "role": "Utility", "roleDescription": "Memasok listrik ke sistem kelistrikan publik.", "roleConfidence": "", "roleReason": "", "match_tier": "UNMATCHED_IPM", "match_score": "0.10", "match_reason": "tidak ada RUPTL row yang cocok", "name_source": "ipm_osm", "capacity_mw_source": "ipm_osm", "type_source": "ipm_osm", "role_source": "ipm_osm", "status_source": "ipm_osm", "coord_source": "ipm_osm", "capacity_mw_ipm": "200.0", "type_ipm": "PLTU", "role_ipm": "Utility", "status_norm": "OPERATIONAL", "action_norm": "", "is_placeholder": false}}, {"type": "Feature", "geometry": {"type": "Point", "coordinates": [117.1883726, -0.7802248]}, "properties": {"id": "GEN-KLM-0027", "name": "PLTU Muara Jawa", "osm_name": "PLTU Muara Jawa", "type": "PLTU", "capacity_mw": "55.0", "province": "Kalimantan Timur", "system": "Mahakam", "status": "existing", "operator": "", "method": "", "osm_id": "way/945128872", "osm_source": "coal", "review_flag": "", "source_id": "OSM-overpass", "capacity_unit": "MW", "role": "Utility", "roleDescription": "Memasok listrik ke sistem kelistrikan publik.", "roleConfidence": "", "roleReason": "", "match_tier": "UNMATCHED_IPM", "match_score": "0.10", "match_reason": "tidak ada RUPTL row yang cocok", "name_source": "ipm_osm", "capacity_mw_source": "ipm_osm", "type_source": "ipm_osm", "role_source": "ipm_osm", "status_source": "ipm_osm", "coord_source": "ipm_osm", "capacity_mw_ipm": "55.0", "type_ipm": "PLTU", "role_ipm": "Utility", "status_norm": "OPERATIONAL", "action_norm": "", "is_placeholder": false}}, {"type": "Feature", "geometry": {"type": "Point", "coordinates": [117.1358469, -0.9871918]}, "properties": {"id": "GEN-KLM-0028", "name": "PLTGU Senipah", "osm_name": "PLTGU Senipah", "type": "PLTGU", "capacity_mw": "117.0", "province": "Kalimantan Timur", "system": "Mahakam", "status": "existing", "operator": "", "method": "combustion", "osm_id": "way/945128875", "osm_source": "gas", "review_flag": "", "source_id": "OSM-overpass", "capacity_unit": "MW", "role": "Utility", "roleDescription": "Memasok listrik ke sistem kelistrikan publik.", "roleConfidence": "", "roleReason": "", "match_tier": "UNMATCHED_IPM", "match_score": "0.10", "match_reason": "tidak ada RUPTL row yang cocok", "name_source": "ipm_osm", "capacity_mw_source": "ipm_osm", "type_source": "ipm_osm", "role_source": "ipm_osm", "status_source": "ipm_osm", "coord_source": "ipm_osm", "capacity_mw_ipm": "117.0", "type_ipm": "PLTGU", "role_ipm": "Utility", "status_norm": "OPERATIONAL", "action_norm": "", "is_placeholder": false}}, {"type": "Feature", "geometry": {"type": "Point", "coordinates": [116.6713701, -1.3411832]}, "properties": {"id": "GEN-KLM-0029", "name": "PLTD Girimukti", "osm_name": "PLTD Girimukti", "type": "PLTD", "capacity_mw": "20.0", "province": "Kalimantan Timur", "system": "Mahakam", "status": "existing", "operator": "", "method": "", "osm_id": "way/945128881", "osm_source": "diesel", "review_flag": "", "source_id": "OSM-overpass", "capacity_unit": "MW", "role": "Utility", "roleDescription": "Memasok listrik ke sistem kelistrikan publik.", "roleConfidence": "", "roleReason": "", "match_tier": "UNMATCHED_IPM", "match_score": "0.10", "match_reason": "tidak ada RUPTL row yang cocok", "name_source": "ipm_osm", "capacity_mw_source": "ipm_osm", "type_source": "ipm_osm", "role_source": "ipm_osm", "status_source": "ipm_osm", "coord_source": "ipm_osm", "capacity_mw_ipm": "20.0", "type_ipm": "PLTD", "role_ipm": "Utility", "status_norm": "OPERATIONAL", "action_norm": "", "is_placeholder": false}}, {"type": "Feature", "geometry": {"type": "Point", "coordinates": [115.4412353, -2.1632372]}, "properties": {"id": "GEN-KLM-0030", "name": "PLTU Tabalong", "osm_name": "PLTU Tabalong", "type": "PLTU", "capacity_mw": "200.0", "province": "Kalimantan Selatan", "system": "Kalselteng", "status": "existing", "operator": "", "method": "combustion", "osm_id": "way/945128883", "osm_source": "coal", "review_flag": "", "source_id": "OSM-overpass", "capacity_unit": "MW", "role": "Utility", "roleDescription": "Memasok listrik ke sistem kelistrikan publik.", "roleConfidence": "", "roleReason": "", "match_tier": "UNMATCHED_IPM", "match_score": "0.10", "match_reason": "tidak ada RUPTL row yang cocok", "name_source": "ipm_osm", "capacity_mw_source": "ipm_osm", "type_source": "ipm_osm", "role_source": "ipm_osm", "status_source": "ipm_osm", "coord_source": "ipm_osm", "capacity_mw_ipm": "200.0", "type_ipm": "PLTU", "role_ipm": "Utility", "status_norm": "OPERATIONAL", "action_norm": "", "is_placeholder": false}}, {"type": "Feature", "geometry": {"type": "Point", "coordinates": [115.137459, -0.6229549]}, "properties": {"id": "GEN-KLM-0031", "name": "PLTMG Bangkanai", "osm_name": "PLTMG Bangkanai", "type": "PLTMG", "capacity_mw": "155.0", "province": "Kalimantan Tengah", "system": "Mahakam", "status": "existing", "operator": "", "method": "combustion", "osm_id": "way/945128888", "osm_source": "gas", "review_flag": "", "source_id": "OSM-overpass", "capacity_unit": "MW", "role": "Utility", "roleDescription": "Memasok listrik ke sistem kelistrikan publik.", "roleConfidence": "", "roleReason": "", "match_tier": "UNMATCHED_IPM", "match_score": "0.10", "match_reason": "tidak ada RUPTL row yang cocok", "name_source": "ipm_osm", "capacity_mw_source": "ipm_osm", "type_source": "ipm_osm", "role_source": "ipm_osm", "status_source": "ipm_osm", "coord_source": "ipm_osm", "capacity_mw_ipm": "155.0", "type_ipm": "PLTMG", "role_ipm": "Utility", "status_norm": "OPERATIONAL", "action_norm": "", "is_placeholder": false}}, {"type": "Feature", "geometry": {"type": "Point", "coordinates": [113.5674728, -1.3733024]}, "properties": {"id": "GEN-KLM-0032", "name": "PLTU Kalselteng-1 Pulang Pisau", "osm_name": "Kalselteng-1 Power Plant", "type": "PLTU", "capacity_mw": "200.0", "province": "Kalimantan Tengah", "system": "Kalselteng", "status": "existing", "operator": "", "method": "", "osm_id": "way/955122312", "osm_source": "", "review_flag": "NO_CAPACITY;NO_TYPE", "source_id": "OSM-overpass", "capacity_unit": "MW", "role": "Utility", "roleDescription": "Memasok listrik ke sistem kelistrikan publik.", "roleConfidence": "", "roleReason": "", "match_tier": "CONFIRMED_MATCH", "match_score": "1.00", "match_reason": "coord 0.0 km ≤ 2.0, type=PLTU matches, capacity diff 0% ≤ 20%", "ruptl_id": "RUPTL-KALIMANTAN-P-0053", "name_source": "ipm_osm", "capacity_mw_source": "ipm_osm", "type_source": "ipm_osm", "role_source": "ipm_osm", "status_source": "ipm_osm", "coord_source": "ipm_osm", "capacity_mw_ipm": "200.0", "capacity_mw_ruptl": "200.0", "type_ipm": "PLTU", "type_ruptl": "PLTU", "role_ipm": "Utility", "has_capacity_conflict": "false", "has_type_conflict": "false", "has_location_conflict": "false", "target_cod_year_ruptl": "2032", "source_page_ruptl": "765", "source_table_ruptl": "Tabel A13.11", "status_norm": "", "action_norm": "", "is_placeholder": false}}, {"type": "Feature", "geometry": {"type": "Point", "coordinates": [115.3734585, -2.5917148]}, "properties": {"id": "GEN-KLM-0033", "name": "PLTD Banua Lima Unit Barabai", "osm_name": "PLTD Banua Lima Unit Barabai", "type": "PLTD", "capacity_mw": "6.0", "province": "Kalimantan Selatan", "system": "Kalselteng", "status": "existing", "operator": "PLN", "method": "combustion", "osm_id": "way/1028155968", "osm_source": "diesel", "review_flag": "", "source_id": "OSM-overpass", "capacity_unit": "MW", "role": "Utility", "roleDescription": "Memasok listrik ke sistem kelistrikan publik.", "roleConfidence": "", "roleReason": "", "match_tier": "UNMATCHED_IPM", "match_score": "0.10", "match_reason": "tidak ada RUPTL row yang cocok", "name_source": "ipm_osm", "capacity_mw_source": "ipm_osm", "type_source": "ipm_osm", "role_source": "ipm_osm", "operator_source": "ipm_osm", "status_source": "ipm_osm", "coord_source": "ipm_osm", "capacity_mw_ipm": "6.0", "type_ipm": "PLTD", "role_ipm": "Utility", "status_norm": "OPERATIONAL", "action_norm": "", "is_placeholder": false}}, {"type": "Feature", "geometry": {"type": "Point", "coordinates": [115.2626125, -2.4050013]}, "properties": {"id": "GEN-KLM-0034", "name": "PLTD Banua Lima Unit Panangkalaan", "osm_name": "PLTD Banua Lima Unit Panangkalaan", "type": "PLTD", "capacity_mw": "8.7", "province": "Kalimantan Selatan", "system": "Kalselteng", "status": "existing", "operator": "PLN", "method": "combustion", "osm_id": "way/1028155969", "osm_source": "diesel", "review_flag": "", "source_id": "OSM-overpass", "capacity_unit": "MW", "role": "Utility", "roleDescription": "Memasok listrik ke sistem kelistrikan publik.", "roleConfidence": "", "roleReason": "", "match_tier": "UNMATCHED_IPM", "match_score": "0.10", "match_reason": "tidak ada RUPTL row yang cocok", "name_source": "ipm_osm", "capacity_mw_source": "ipm_osm", "type_source": "ipm_osm", "role_source": "ipm_osm", "operator_source": "ipm_osm", "status_source": "ipm_osm", "coord_source": "ipm_osm", "capacity_mw_ipm": "8.7", "type_ipm": "PLTD", "role_ipm": "Utility", "status_norm": "OPERATIONAL", "action_norm": "", "is_placeholder": false}}, {"type": "Feature", "geometry": {"type": "Point", "coordinates": [114.2787485, 0.7744364]}, "properties": {"id": "GEN-KLM-0035", "name": "PLTS Terpusat Long Penaneh", "osm_name": "", "type": "PLTS", "capacity_mw": "0.0608", "province": "Kalimantan Timur", "system": "Mahakam", "status": "existing", "operator": "", "method": "", "osm_id": "way/1042007577", "osm_source": "solar", "review_flag": "NO_NAME;NO_CAPACITY", "source_id": "OSM-overpass", "capacity_unit": "MWp", "role": "Community", "roleDescription": "Memasok listrik untuk komunitas lokal, desa terpencil, atau pulau kecil.", "roleConfidence": "High", "roleReason": "Sistem komunitas terpencil", "match_tier": "UNMATCHED_IPM", "match_score": "0.10", "match_reason": "tidak ada RUPTL row yang cocok", "name_source": "ipm_osm", "capacity_mw_source": "ipm_osm", "type_source": "ipm_osm", "role_source": "ipm_osm", "status_source": "ipm_osm", "coord_source": "ipm_osm", "capacity_mw_ipm": "0.0608", "type_ipm": "PLTS", "role_ipm": "Community", "status_norm": "OPERATIONAL", "action_norm": "", "is_placeholder": false}}, {"type": "Feature", "geometry": {"type": "Point", "coordinates": [114.2737324, 0.7701449]}, "properties": {"id": "GEN-KLM-0036", "name": "PLTS Tower BTS Desa Long Apari", "osm_name": "", "type": "PLTS", "capacity_mw": "0.0054", "province": "Kalimantan Timur", "system": "Mahakam", "status": "existing", "operator": "", "method": "", "osm_id": "way/1042007733", "osm_source": "solar", "review_flag": "NO_NAME;NO_CAPACITY", "source_id": "OSM-overpass", "capacity_unit": "MWp", "role": "Community", "roleDescription": "Memasok listrik untuk komunitas lokal, desa terpencil, atau pulau kecil.", "roleConfidence": "High", "roleReason": "Sistem elektrifikasi desa", "match_tier": "UNMATCHED_IPM", "match_score": "0.10", "match_reason": "tidak ada RUPTL row yang cocok", "name_source": "ipm_osm", "capacity_mw_source": "ipm_osm", "type_source": "ipm_osm", "role_source": "ipm_osm", "status_source": "ipm_osm", "coord_source": "ipm_osm", "capacity_mw_ipm": "0.0054", "type_ipm": "PLTS", "role_ipm": "Community", "status_norm": "OPERATIONAL", "action_norm": "", "is_placeholder": false}}, {"type": "Feature", "geometry": {"type": "Point", "coordinates": [115.6975726, 3.6130338]}, "properties": {"id": "GEN-KLM-0037", "name": "PLTS Terpusat Long Layu", "osm_name": "", "type": "PLTS", "capacity_mw": "0.050", "province": "Kalimantan Utara", "system": "Mahakam", "status": "existing", "operator": "", "method": "photovoltaic", "osm_id": "way/1043457651", "osm_source": "solar", "review_flag": "NO_NAME;NO_CAPACITY", "source_id": "OSM-overpass", "capacity_unit": "MWp", "role": "Community", "roleDescription": "Memasok listrik untuk komunitas lokal, desa terpencil, atau pulau kecil.", "roleConfidence": "High", "roleReason": "Sistem komunitas terpencil", "match_tier": "UNMATCHED_IPM", "match_score": "0.10", "match_reason": "tidak ada RUPTL row yang cocok", "name_source": "ipm_osm", "capacity_mw_source": "ipm_osm", "type_source": "ipm_osm", "role_source": "ipm_osm", "status_source": "ipm_osm", "coord_source": "ipm_osm", "capacity_mw_ipm": "0.050", "type_ipm": "PLTS", "role_ipm": "Community", "status_norm": "OPERATIONAL", "action_norm": "", "is_placeholder": false}}, {"type": "Feature", "geometry": {"type": "Point", "coordinates": [117.0651993, -0.3644715]}, "properties": {"id": "GEN-KLM-0038", "name": "PLTU Kaltim-4", "osm_name": "PLTU Kaltim-4", "type": "PLTU", "capacity_mw": "200.0", "province": "Kalimantan Timur", "system": "Mahakam", "status": "existing", "operator": "", "method": "combustion", "osm_id": "way/1148695448", "osm_source": "coal", "review_flag": "", "source_id": "OSM-overpass", "capacity_unit": "MW", "role": "Utility", "roleDescription": "Memasok listrik ke sistem kelistrikan publik.", "roleConfidence": "", "roleReason": "", "match_tier": "UNMATCHED_IPM", "match_score": "0.10", "match_reason": "tidak ada RUPTL row yang cocok", "name_source": "ipm_osm", "capacity_mw_source": "ipm_osm", "type_source": "ipm_osm", "role_source": "ipm_osm", "status_source": "ipm_osm", "coord_source": "ipm_osm", "capacity_mw_ipm": "200.0", "type_ipm": "PLTU", "role_ipm": "Utility", "status_norm": "OPERATIONAL", "action_norm": "", "is_placeholder": false}}, {"type": "Feature", "geometry": {"type": "Point", "coordinates": [114.9051424, 1.7825724]}, "properties": {"id": "GEN-KLM-0039", "name": "PLTS Long Nawang", "osm_name": "PLTS Long Nawang", "type": "PLTS", "capacity_mw": "0.100", "province": "Kalimantan Utara", "system": "Mahakam", "status": "existing", "operator": "", "method": "", "osm_id": "way/1150889689", "osm_source": "solar", "review_flag": "NO_CAPACITY", "source_id": "OSM-overpass", "capacity_unit": "MWp", "role": "Community", "roleDescription": "Memasok listrik untuk komunitas lokal, desa terpencil, atau pulau kecil.", "roleConfidence": "High", "roleReason": "Sistem komunitas terpencil", "match_tier": "UNMATCHED_IPM", "match_score": "0.10", "match_reason": "tidak ada RUPTL row yang cocok", "name_source": "ipm_osm", "capacity_mw_source": "ipm_osm", "type_source": "ipm_osm", "role_source": "ipm_osm", "status_source": "ipm_osm", "coord_source": "ipm_osm", "capacity_mw_ipm": "0.100", "type_ipm": "PLTS", "role_ipm": "Community", "status_norm": "OPERATIONAL", "action_norm": "", "is_placeholder": false}}, {"type": "Feature", "geometry": {"type": "Point", "coordinates": [114.8948056, 1.7949122]}, "properties": {"id": "GEN-KLM-0040", "name": "PLTD Long Nawang", "osm_name": "PLTD Long Nawang", "type": "PLTD", "capacity_mw": "", "province": "Kalimantan Utara", "system": "Mahakam", "status": "existing", "operator": "Perusahaan Listrik Negara", "method": "combustion", "osm_id": "way/1151107028", "osm_source": "oil", "review_flag": "NO_CAPACITY", "source_id": "OSM-overpass", "capacity_unit": "MW", "role": "Community", "roleDescription": "Memasok listrik untuk komunitas lokal, desa terpencil, atau pulau kecil.", "roleConfidence": "High", "roleReason": "Sistem komunitas terpencil", "match_tier": "UNMATCHED_IPM", "match_score": "0.10", "match_reason": "tidak ada RUPTL row yang cocok", "name_source": "ipm_osm", "type_source": "ipm_osm", "role_source": "ipm_osm", "operator_source": "ipm_osm", "status_source": "ipm_osm", "coord_source": "ipm_osm", "type_ipm": "PLTD", "role_ipm": "Community", "status_norm": "OPERATIONAL", "action_norm": "", "is_placeholder": false}}, {"type": "Feature", "geometry": {"type": "Point", "coordinates": [114.2117965, -2.8245463]}, "properties": {"id": "GEN-KLM-0041", "name": "PLTU Kalteng-1 Pulang Pisau", "osm_name": "PLTU Kalteng-1 Pulang Pisau", "type": "PLTU", "capacity_mw": "120.0", "province": "Kalimantan Tengah", "system": "Kalselteng", "status": "existing", "operator": "", "method": "combustion", "osm_id": "way/1178166875", "osm_source": "coal", "review_flag": "", "source_id": "OSM-overpass", "capacity_unit": "MW", "role": "Utility", "roleDescription": "Memasok listrik ke sistem kelistrikan publik.", "roleConfidence": "", "roleReason": "", "match_tier": "UNMATCHED_IPM", "match_score": "0.10", "match_reason": "tidak ada RUPTL row yang cocok", "name_source": "ipm_osm", "capacity_mw_source": "ipm_osm", "type_source": "ipm_osm", "role_source": "ipm_osm", "status_source": "ipm_osm", "coord_source": "ipm_osm", "capacity_mw_ipm": "120.0", "type_ipm": "PLTU", "role_ipm": "Utility", "status_norm": "OPERATIONAL", "action_norm": "", "is_placeholder": false}}, {"type": "Feature", "geometry": {"type": "Point", "coordinates": [114.6897687, 0.8856043]}, "properties": {"id": "GEN-KLM-0042", "name": "PLTS Long Pahangai", "osm_name": "", "type": "PLTS", "capacity_mw": "0.120", "province": "Kalimantan Timur", "system": "Mahakam", "status": "existing", "operator": "", "method": "photovoltaic", "osm_id": "way/1188270208", "osm_source": "solar", "review_flag": "NO_NAME;NO_CAPACITY", "source_id": "OSM-overpass", "capacity_unit": "MWp", "role": "Community", "roleDescription": "Memasok listrik untuk komunitas lokal, desa terpencil, atau pulau kecil.", "roleConfidence": "High", "roleReason": "Sistem komunitas terpencil", "match_tier": "UNMATCHED_IPM", "match_score": "0.10", "match_reason": "tidak ada RUPTL row yang cocok", "name_source": "ipm_osm", "capacity_mw_source": "ipm_osm", "type_source": "ipm_osm", "role_source": "ipm_osm", "status_source": "ipm_osm", "coord_source": "ipm_osm", "capacity_mw_ipm": "0.120", "type_ipm": "PLTS", "role_ipm": "Community", "status_norm": "OPERATIONAL", "action_norm": "", "is_placeholder": false}}, {"type": "Feature", "geometry": {"type": "Point", "coordinates": [117.0510154, -0.3842383]}, "properties": {"id": "GEN-KLM-0043", "name": "PLTU Kaltim", "osm_name": "Kaltim power station", "type": "PLTU", "capacity_mw": "", "province": "Kalimantan Timur", "system": "Mahakam", "status": "existing", "operator": "", "method": "", "osm_id": "way/1190705190", "osm_source": "", "review_flag": "NO_CAPACITY;NO_TYPE", "source_id": "OSM-overpass", "capacity_unit": "MW", "role": "Utility", "roleDescription": "Memasok listrik ke sistem kelistrikan publik.", "roleConfidence": "", "roleReason": "", "match_tier": "UNMATCHED_IPM", "match_score": "0.10", "match_reason": "tidak ada RUPTL row yang cocok", "name_source": "ipm_osm", "type_source": "ipm_osm", "role_source": "ipm_osm", "status_source": "ipm_osm", "coord_source": "ipm_osm", "type_ipm": "PLTU", "role_ipm": "Utility", "status_norm": "OPERATIONAL", "action_norm": "", "is_placeholder": false}}, {"type": "Feature", "geometry": {"type": "Point", "coordinates": [110.1572199, -2.3666338]}, "properties": {"id": "GEN-KLM-0045", "name": "PLTU WHW Ketapang", "osm_name": "Ketapang WHW Smelter Power Plant", "type": "PLTU", "capacity_mw": "20.0", "province": "Kalimantan Barat", "system": "Khatulistiwa", "status": "existing", "operator": "PT Well Harvest Winning Alumina Refinery", "method": "combustion", "osm_id": "way/1226006242", "osm_source": "coal", "review_flag": "NO_CAPACITY", "source_id": "OSM-overpass", "capacity_unit": "MW", "role": "Captive", "roleDescription": "Memasok listrik untuk kebutuhan industri atau pelanggan khusus.", "roleConfidence": "High", "roleReason": "Nama/operator menunjukkan fasilitas smelter", "match_tier": "UNMATCHED_IPM", "match_score": "0.10", "match_reason": "tidak ada RUPTL row yang cocok", "name_source": "ipm_osm", "capacity_mw_source": "ipm_osm", "type_source": "ipm_osm", "role_source": "ipm_osm", "operator_source": "ipm_osm", "status_source": "ipm_osm", "coord_source": "ipm_osm", "capacity_mw_ipm": "20.0", "type_ipm": "PLTU", "role_ipm": "Captive", "status_norm": "OPERATIONAL", "action_norm": "", "is_placeholder": false}}, {"type": "Feature", "geometry": {"type": "Point", "coordinates": [117.4768166, 0.1067593]}, "properties": {"id": "GEN-KLM-0046", "name": "PLTS Badak LNG", "osm_name": "", "type": "PLTS", "capacity_mw": "4.0", "province": "Kalimantan Timur", "system": "Mahakam", "status": "existing", "operator": "", "method": "photovoltaic", "osm_id": "way/1231910573", "osm_source": "solar", "review_flag": "NO_NAME;NO_CAPACITY", "source_id": "OSM-overpass", "capacity_unit": "MWp", "role": "Captive", "roleDescription": "Memasok listrik untuk kebutuhan industri atau pelanggan khusus.", "roleConfidence": "High", "roleReason": "Nama/operator menunjukkan fasilitas refinery/oil-gas", "match_tier": "UNMATCHED_IPM", "match_score": "0.10", "match_reason": "tidak ada RUPTL row yang cocok", "name_source": "ipm_osm", "capacity_mw_source": "ipm_osm", "type_source": "ipm_osm", "role_source": "ipm_osm", "status_source": "ipm_osm", "coord_source": "ipm_osm", "capacity_mw_ipm": "4.0", "type_ipm": "PLTS", "role_ipm": "Captive", "status_norm": "OPERATIONAL", "action_norm": "", "is_placeholder": false}}, {"type": "Feature", "geometry": {"type": "Point", "coordinates": [109.2038611, 0.0589964]}, "properties": {"id": "GEN-KLM-0050", "name": "PLTG MPP Parit Baru", "osm_name": "PLTG MPP Parit Baru", "type": "PLTG", "capacity_mw": "100.0", "province": "Kalimantan Barat", "system": "Khatulistiwa", "status": "existing", "operator": "Perusahaan Listrik Negara", "method": "combustion", "osm_id": "way/1236737903", "osm_source": "gas", "review_flag": "", "source_id": "OSM-overpass", "capacity_unit": "MW", "role": "Utility", "roleDescription": "Memasok listrik ke sistem kelistrikan publik.", "roleConfidence": "", "roleReason": "", "match_tier": "UNMATCHED_IPM", "match_score": "0.10", "match_reason": "tidak ada RUPTL row yang cocok", "name_source": "ipm_osm", "capacity_mw_source": "ipm_osm", "type_source": "ipm_osm", "role_source": "ipm_osm", "operator_source": "ipm_osm", "status_source": "ipm_osm", "coord_source": "ipm_osm", "capacity_mw_ipm": "100.0", "type_ipm": "PLTG", "role_ipm": "Utility", "status_norm": "OPERATIONAL", "action_norm": "", "is_placeholder": false}}, {"type": "Feature", "geometry": {"type": "Point", "coordinates": [117.618881, 2.2143447]}, "properties": {"id": "GEN-KLM-0051", "name": "PLTU Lati", "osm_name": "PTLU Lati", "type": "PLTU", "capacity_mw": "28.0", "province": "Kalimantan Timur", "system": "Mahakam", "status": "existing", "operator": "", "method": "combustion", "osm_id": "way/1280400266", "osm_source": "coal", "review_flag": "NO_CAPACITY", "source_id": "OSM-overpass", "capacity_unit": "MW", "role": "Utility", "roleDescription": "Memasok listrik ke sistem kelistrikan publik.", "roleConfidence": "", "roleReason": "", "match_tier": "UNMATCHED_IPM", "match_score": "0.10", "match_reason": "tidak ada RUPTL row yang cocok", "name_source": "ipm_osm", "capacity_mw_source": "ipm_osm", "type_source": "ipm_osm", "role_source": "ipm_osm", "status_source": "ipm_osm", "coord_source": "ipm_osm", "capacity_mw_ipm": "28.0", "type_ipm": "PLTU", "role_ipm": "Utility", "status_norm": "OPERATIONAL", "action_norm": "", "is_placeholder": false}}, {"type": "Feature", "geometry": {"type": "Point", "coordinates": [116.6382959, -0.9898017]}, "properties": {"id": "GEN-KLM-0052", "name": "PLTS IKN", "osm_name": "PLTS IKN", "type": "PLTS", "capacity_mw": "50.0", "province": "Kalimantan Timur", "system": "Mahakam", "status": "existing", "operator": "Nusantara Sembcorp Solar Energi", "method": "photovoltaic", "osm_id": "way/1303917776", "osm_source": "solar", "review_flag": "", "source_id": "OSM-overpass", "capacity_unit": "MWp", "role": "Utility", "roleDescription": "Memasok listrik ke sistem kelistrikan publik.", "roleConfidence": "", "roleReason": "", "match_tier": "CONFIRMED_MATCH", "match_score": "1.00", "match_reason": "coord 0.0 km ≤ 2.0, type=PLTS matches, capacity diff 0% ≤ 20%", "ruptl_id": "RUPTL-KALIMANTAN-P-0060", "name_source": "ipm_osm", "capacity_mw_source": "ipm_osm", "type_source": "ipm_osm", "role_source": "ipm_osm", "operator_source": "ipm_osm", "status_source": "ipm_osm", "coord_source": "ipm_osm", "capacity_mw_ipm": "50.0", "capacity_mw_ruptl": "50.0", "type_ipm": "PLTS", "type_ruptl": "PLTS", "role_ipm": "Utility", "has_capacity_conflict": "false", "has_type_conflict": "false", "has_location_conflict": "false", "target_cod_year_ruptl": "2025", "source_page_ruptl": "781", "source_table_ruptl": "Tabel A14.14", "status_norm": "", "action_norm": "", "is_placeholder": false}}, {"type": "Feature", "geometry": {"type": "Point", "coordinates": [117.3853796, 2.8316482]}, "properties": {"id": "GEN-KLM-0053", "name": "PLTD Sei Baya", "osm_name": "PLTD Sei Baya", "type": "PLTD", "capacity_mw": "", "province": "Kalimantan Utara", "system": "Mahakam", "status": "existing", "operator": "PLN", "method": "combustion", "osm_id": "way/1312946738", "osm_source": "coal", "review_flag": "NO_CAPACITY", "source_id": "OSM-overpass", "capacity_unit": "MW", "role": "Community", "roleDescription": "Memasok listrik untuk komunitas lokal, desa terpencil, atau pulau kecil.", "roleConfidence": "High", "roleReason": "Sistem komunitas terpencil", "match_tier": "UNMATCHED_IPM", "match_score": "0.10", "match_reason": "tidak ada RUPTL row yang cocok", "name_source": "ipm_osm", "type_source": "ipm_osm", "role_source": "ipm_osm", "operator_source": "ipm_osm", "status_source": "ipm_osm", "coord_source": "ipm_osm", "type_ipm": "PLTD", "role_ipm": "Community", "status_norm": "OPERATIONAL", "action_norm": "", "is_placeholder": false}}, {"type": "Feature", "geometry": {"type": "Point", "coordinates": [115.8565947, -0.3186849]}, "properties": {"id": "GEN-KLM-0054", "name": "PLTS Bunyut", "osm_name": "PLTS Bunyut", "type": "PLTS", "capacity_mw": "2.0", "province": "Kalimantan Timur", "system": "Mahakam", "status": "existing", "operator": "Indo Tambangraya Megah", "method": "photovoltaic", "osm_id": "way/1322972373", "osm_source": "solar", "review_flag": "", "source_id": "OSM-overpass", "capacity_unit": "MWp", "role": "Captive", "roleDescription": "Memasok listrik untuk kebutuhan industri atau pelanggan khusus.", "roleConfidence": "High", "roleReason": "Nama/operator menunjukkan fasilitas smelter", "match_tier": "UNMATCHED_IPM", "match_score": "0.10", "match_reason": "tidak ada RUPTL row yang cocok", "name_source": "ipm_osm", "capacity_mw_source": "ipm_osm", "type_source": "ipm_osm", "role_source": "ipm_osm", "operator_source": "ipm_osm", "status_source": "ipm_osm", "coord_source": "ipm_osm", "capacity_mw_ipm": "2.0", "type_ipm": "PLTS", "role_ipm": "Captive", "status_norm": "OPERATIONAL", "action_norm": "", "is_placeholder": false}}, {"type": "Feature", "geometry": {"type": "Point", "coordinates": [116.1434176, 3.0558239]}, "properties": {"id": "GEN-KLM-0055", "name": "PLTS Terpusat Long Pada", "osm_name": "", "type": "PLTS", "capacity_mw": "0.030", "province": "Kalimantan Utara", "system": "Mahakam", "status": "existing", "operator": "", "method": "", "osm_id": "way/1361600216", "osm_source": "solar", "review_flag": "NO_NAME;NO_CAPACITY", "source_id": "OSM-overpass", "capacity_unit": "MWp", "role": "Community", "roleDescription": "Memasok listrik untuk komunitas lokal, desa terpencil, atau pulau kecil.", "roleConfidence": "High", "roleReason": "Sistem komunitas terpencil", "match_tier": "UNMATCHED_IPM", "match_score": "0.10", "match_reason": "tidak ada RUPTL row yang cocok", "name_source": "ipm_osm", "capacity_mw_source": "ipm_osm", "type_source": "ipm_osm", "role_source": "ipm_osm", "status_source": "ipm_osm", "coord_source": "ipm_osm", "capacity_mw_ipm": "0.030", "type_ipm": "PLTS", "role_ipm": "Community", "status_norm": "OPERATIONAL", "action_norm": "", "is_placeholder": false}}, {"type": "Feature", "geometry": {"type": "Point", "coordinates": [116.5332271, 3.9888448]}, "properties": {"id": "GEN-KLM-0056", "name": "PLTS Klaster Suka Maju", "osm_name": "", "type": "PLTS", "capacity_mw": "0.086", "province": "Kalimantan Utara", "system": "Mahakam", "status": "existing", "operator": "", "method": "", "osm_id": "way/1362008818", "osm_source": "solar", "review_flag": "NO_NAME;NO_CAPACITY", "source_id": "OSM-overpass", "capacity_unit": "MWp", "role": "Utility", "roleDescription": "Memasok listrik ke sistem kelistrikan publik.", "roleConfidence": "", "roleReason": "", "match_tier": "UNMATCHED_IPM", "match_score": "0.10", "match_reason": "tidak ada RUPTL row yang cocok", "name_source": "ipm_osm", "capacity_mw_source": "ipm_osm", "type_source": "ipm_osm", "role_source": "ipm_osm", "status_source": "ipm_osm", "coord_source": "ipm_osm", "capacity_mw_ipm": "0.086", "type_ipm": "PLTS", "role_ipm": "Utility", "status_norm": "OPERATIONAL", "action_norm": "", "is_placeholder": false}}, {"type": "Feature", "geometry": {"type": "Point", "coordinates": [116.4990023, 4.2232843]}, "properties": {"id": "GEN-KLM-0057", "name": "PLTS Terpusat Sumentobol", "osm_name": "", "type": "PLTS", "capacity_mw": "", "province": "Kalimantan Utara", "system": "Mahakam", "status": "existing", "operator": "", "method": "", "osm_id": "way/1362142681", "osm_source": "solar", "review_flag": "NO_NAME;NO_CAPACITY", "source_id": "OSM-overpass", "capacity_unit": "MWp", "role": "Community", "roleDescription": "Memasok listrik untuk komunitas lokal, desa terpencil, atau pulau kecil.", "roleConfidence": "High", "roleReason": "Sistem kelistrikan lokal", "match_tier": "UNMATCHED_IPM", "match_score": "0.10", "match_reason": "tidak ada RUPTL row yang cocok", "name_source": "ipm_osm", "type_source": "ipm_osm", "role_source": "ipm_osm", "status_source": "ipm_osm", "coord_source": "ipm_osm", "type_ipm": "PLTS", "role_ipm": "Community", "status_norm": "OPERATIONAL", "action_norm": "", "is_placeholder": false}}, {"type": "Feature", "geometry": {"type": "Point", "coordinates": [109.598207, 2.0067549]}, "properties": {"id": "GEN-KLM-0058", "name": "PLTS Temajuk", "osm_name": "PLTS Temajuk", "type": "PLTS", "capacity_mw": "0.371", "province": "Kalimantan Barat", "system": "Khatulistiwa", "status": "existing", "operator": "PT PLN", "method": "photovoltaic", "osm_id": "way/1371398238", "osm_source": "solar", "review_flag": "NO_CAPACITY", "source_id": "OSM-overpass", "capacity_unit": "MWp", "role": "Utility", "roleDescription": "Memasok listrik ke sistem kelistrikan publik.", "roleConfidence": "", "roleReason": "", "match_tier": "UNMATCHED_IPM", "match_score": "0.10", "match_reason": "tidak ada RUPTL row yang cocok", "name_source": "ipm_osm", "capacity_mw_source": "ipm_osm", "type_source": "ipm_osm", "role_source": "ipm_osm", "operator_source": "ipm_osm", "status_source": "ipm_osm", "coord_source": "ipm_osm", "capacity_mw_ipm": "0.371", "type_ipm": "PLTS", "role_ipm": "Utility", "status_norm": "OPERATIONAL", "action_norm": "", "is_placeholder": false}}, {"type": "Feature", "geometry": {"type": "Point", "coordinates": [118.2434624, 2.2862757]}, "properties": {"id": "GEN-KLM-0059", "name": "PLTS Derawan", "osm_name": "PLTS Derawan", "type": "PLTS", "capacity_mw": "0.080", "province": "Kalimantan Timur", "system": "Mahakam", "status": "existing", "operator": "PT PLN", "method": "photovoltaic", "osm_id": "way/1371398249", "osm_source": "solar", "review_flag": "NO_CAPACITY", "source_id": "OSM-overpass", "capacity_unit": "MWp", "role": "Utility", "roleDescription": "Memasok listrik ke sistem kelistrikan publik.", "roleConfidence": "", "roleReason": "", "match_tier": "UNMATCHED_IPM", "match_score": "0.10", "match_reason": "tidak ada RUPTL row yang cocok", "name_source": "ipm_osm", "capacity_mw_source": "ipm_osm", "type_source": "ipm_osm", "role_source": "ipm_osm", "operator_source": "ipm_osm", "status_source": "ipm_osm", "coord_source": "ipm_osm", "capacity_mw_ipm": "0.080", "type_ipm": "PLTS", "role_ipm": "Utility", "status_norm": "OPERATIONAL", "action_norm": "", "is_placeholder": false}}, {"type": "Feature", "geometry": {"type": "Point", "coordinates": [116.112217, -3.256105]}, "properties": {"id": "GEN-KLM-0060", "name": "PLTS Indocement", "osm_name": "PLTS Indocement", "type": "PLTS", "capacity_mw": "15.0", "province": "Kalimantan Selatan", "system": "Kalselteng", "status": "existing", "operator": "", "method": "photovoltaic", "osm_id": "way/1411100174", "osm_source": "solar", "review_flag": "", "source_id": "OSM-overpass", "capacity_unit": "MWp", "role": "Captive", "roleDescription": "Memasok listrik untuk kebutuhan industri atau pelanggan khusus.", "roleConfidence": "High", "roleReason": "Nama/operator menunjukkan pabrik semen", "match_tier": "UNMATCHED_IPM", "match_score": "0.10", "match_reason": "tidak ada RUPTL row yang cocok", "name_source": "ipm_osm", "capacity_mw_source": "ipm_osm", "type_source": "ipm_osm", "role_source": "ipm_osm", "status_source": "ipm_osm", "coord_source": "ipm_osm", "capacity_mw_ipm": "15.0", "type_ipm": "PLTS", "role_ipm": "Captive", "status_norm": "OPERATIONAL", "action_norm": "", "is_placeholder": false}}, {"type": "Feature", "geometry": {"type": "Point", "coordinates": [109.3806946, -0.072842]}, "properties": {"id": "GEN-KLM-0061", "name": "PLTD Sei Raya Kalbar", "osm_name": "PLTD Sei Raya Kalbar", "type": "PLTD", "capacity_mw": "65.0", "province": "Kalimantan Barat", "system": "Khatulistiwa", "status": "existing", "operator": "Perusahaan Listrik Negara", "method": "combustion", "osm_id": "way/1434857505", "osm_source": "oil", "review_flag": "", "source_id": "OSM-overpass", "capacity_unit": "MW", "role": "Utility", "roleDescription": "Memasok listrik ke sistem kelistrikan publik.", "roleConfidence": "", "roleReason": "", "match_tier": "UNMATCHED_IPM", "match_score": "0.10", "match_reason": "tidak ada RUPTL row yang cocok", "name_source": "ipm_osm", "capacity_mw_source": "ipm_osm", "type_source": "ipm_osm", "role_source": "ipm_osm", "operator_source": "ipm_osm", "status_source": "ipm_osm", "coord_source": "ipm_osm", "capacity_mw_ipm": "65.0", "type_ipm": "PLTD", "role_ipm": "Utility", "status_norm": "OPERATIONAL", "action_norm": "", "is_placeholder": false}}, {"type": "Feature", "geometry": {"type": "Point", "coordinates": [115.7283033, 2.6907285]}, "properties": {"id": "GEN-KLM-0062", "name": "PLTS Long Belaka Pitau", "osm_name": "", "type": "PLTS", "capacity_mw": "0.075", "province": "Kalimantan Utara", "system": "Mahakam", "status": "existing", "operator": "", "method": "photovoltaic", "osm_id": "way/1453797217", "osm_source": "solar", "review_flag": "NO_NAME;NO_CAPACITY", "source_id": "OSM-overpass", "capacity_unit": "MWp", "role": "Community", "roleDescription": "Memasok listrik untuk komunitas lokal, desa terpencil, atau pulau kecil.", "roleConfidence": "High", "roleReason": "Sistem komunitas terpencil", "match_tier": "UNMATCHED_IPM", "match_score": "0.10", "match_reason": "tidak ada RUPTL row yang cocok", "name_source": "ipm_osm", "capacity_mw_source": "ipm_osm", "type_source": "ipm_osm", "role_source": "ipm_osm", "status_source": "ipm_osm", "coord_source": "ipm_osm", "capacity_mw_ipm": "0.075", "type_ipm": "PLTS", "role_ipm": "Community", "status_norm": "OPERATIONAL", "action_norm": "", "is_placeholder": false}}, {"type": "Feature", "geometry": {"type": "Point", "coordinates": [117.301879, 4.3011171]}, "properties": {"id": "GEN-KLM-0063", "name": "PLTS Terpusat Pos Pamtas GABMA", "osm_name": "", "type": "PLTS", "capacity_mw": "0.0125", "province": "Kalimantan Utara", "system": "Mahakam", "status": "existing", "operator": "", "method": "photovoltaic", "osm_id": "way/1455366530", "osm_source": "solar", "review_flag": "NO_NAME;NO_CAPACITY", "source_id": "OSM-overpass", "capacity_unit": "MWp", "role": "Community", "roleDescription": "Memasok listrik untuk komunitas lokal, desa terpencil, atau pulau kecil.", "roleConfidence": "High", "roleReason": "Sistem komunitas terpencil", "match_tier": "UNMATCHED_IPM", "match_score": "0.10", "match_reason": "tidak ada RUPTL row yang cocok", "name_source": "ipm_osm", "capacity_mw_source": "ipm_osm", "type_source": "ipm_osm", "role_source": "ipm_osm", "status_source": "ipm_osm", "coord_source": "ipm_osm", "capacity_mw_ipm": "0.0125", "type_ipm": "PLTS", "role_ipm": "Community", "status_norm": "OPERATIONAL", "action_norm": "", "is_placeholder": false}}, {"type": "Feature", "geometry": {"type": "Point", "coordinates": [117.0205272, 3.9725752]}, "properties": {"id": "GEN-KLM-0064", "name": "PLTS Terpusat Desa Tepian", "osm_name": "", "type": "PLTS", "capacity_mw": "0.075", "province": "Kalimantan Utara", "system": "Mahakam", "status": "existing", "operator": "", "method": "photovoltaic", "osm_id": "way/1456210720", "osm_source": "solar", "review_flag": "NO_NAME;NO_CAPACITY", "source_id": "OSM-overpass", "capacity_unit": "MWp", "role": "Community", "roleDescription": "Memasok listrik untuk komunitas lokal, desa terpencil, atau pulau kecil.", "roleConfidence": "High", "roleReason": "Sistem elektrifikasi desa", "match_tier": "UNMATCHED_IPM", "match_score": "0.10", "match_reason": "tidak ada RUPTL row yang cocok", "name_source": "ipm_osm", "capacity_mw_source": "ipm_osm", "type_source": "ipm_osm", "role_source": "ipm_osm", "status_source": "ipm_osm", "coord_source": "ipm_osm", "capacity_mw_ipm": "0.075", "type_ipm": "PLTS", "role_ipm": "Community", "status_norm": "OPERATIONAL", "action_norm": "", "is_placeholder": false}}, {"type": "Feature", "geometry": {"type": "Point", "coordinates": [116.1515622, 2.8339237]}, "properties": {"id": "GEN-KLM-0065", "name": "PLTS Terpusat Desa Long Jalan", "osm_name": "", "type": "PLTS", "capacity_mw": "", "province": "Kalimantan Utara", "system": "Mahakam", "status": "planned", "operator": "", "method": "", "osm_id": "way/1460653376", "osm_source": "solar", "review_flag": "NO_NAME;NO_CAPACITY", "source_id": "OSM-overpass", "capacity_unit": "MWp", "role": "Community", "roleDescription": "Memasok listrik untuk komunitas lokal, desa terpencil, atau pulau kecil.", "roleConfidence": "High", "roleReason": "Sistem elektrifikasi desa", "match_tier": "UNMATCHED_IPM", "match_score": "0.10", "match_reason": "tidak ada RUPTL row yang cocok", "name_source": "ipm_osm", "type_source": "ipm_osm", "role_source": "ipm_osm", "status_source": "ipm_osm", "coord_source": "ipm_osm", "type_ipm": "PLTS", "role_ipm": "Community", "status_norm": "PLANNED", "action_norm": "", "is_placeholder": false}}, {"type": "Feature", "geometry": {"type": "Point", "coordinates": [116.5295215, 1.982936]}, "properties": {"id": "GEN-KLM-0066", "name": "PLTS Terpusat Long Sului", "osm_name": "", "type": "PLTS", "capacity_mw": "0.04149", "province": "Kalimantan Timur", "system": "Mahakam", "status": "existing", "operator": "", "method": "photovoltaic", "osm_id": "way/1497548536", "osm_source": "solar", "review_flag": "NO_NAME;NO_CAPACITY", "source_id": "OSM-overpass", "capacity_unit": "MWp", "role": "Community", "roleDescription": "Memasok listrik untuk komunitas lokal, desa terpencil, atau pulau kecil.", "roleConfidence": "High", "roleReason": "Sistem komunitas terpencil", "match_tier": "UNMATCHED_IPM", "match_score": "0.10", "match_reason": "tidak ada RUPTL row yang cocok", "name_source": "ipm_osm", "capacity_mw_source": "ipm_osm", "type_source": "ipm_osm", "role_source": "ipm_osm", "status_source": "ipm_osm", "coord_source": "ipm_osm", "capacity_mw_ipm": "0.04149", "type_ipm": "PLTS", "role_ipm": "Community", "status_norm": "OPERATIONAL", "action_norm": "", "is_placeholder": false}}, {"type": "Feature", "geometry": {"type": "Point", "coordinates": [114.27154, 0.774872]}, "properties": {"id": "GEN-KLM-0067", "name": "PLTD Long Apari", "osm_name": "", "type": "PLTD", "capacity_mw": "0.48", "province": "Kalimantan Timur", "system": "Kaltim", "status": "existing", "operator": "", "method": "", "osm_id": "", "osm_source": "", "review_flag": "MANUAL_ADD_v1.0", "source_id": "manual_revision_v1.0", "capacity_unit": "MW", "role": "Community", "roleDescription": "Memasok listrik untuk komunitas lokal, desa terpencil, atau pulau kecil.", "roleConfidence": "High", "roleReason": "Sistem komunitas terpencil", "match_tier": "UNMATCHED_IPM", "match_score": "0.10", "match_reason": "tidak ada RUPTL row yang cocok", "name_source": "ipm_osm", "capacity_mw_source": "ipm_osm", "type_source": "ipm_osm", "role_source": "ipm_osm", "status_source": "ipm_osm", "coord_source": "ipm_osm", "capacity_mw_ipm": "0.48", "type_ipm": "PLTD", "role_ipm": "Community", "status_norm": "OPERATIONAL", "action_norm": "", "is_placeholder": false}}, {"type": "Feature", "geometry": {"type": "Point", "coordinates": [114.6897687, 0.8856043]}, "properties": {"id": "GEN-KLM-0068", "name": "PLTD Long Pahangai", "osm_name": "", "type": "PLTD", "capacity_mw": "0.24", "province": "Kalimantan Timur", "system": "Kaltim", "status": "existing", "operator": "", "method": "", "osm_id": "", "osm_source": "", "review_flag": "MANUAL_ADD_v1.0", "source_id": "manual_revision_v1.0", "capacity_unit": "MW", "role": "Community", "roleDescription": "Memasok listrik untuk komunitas lokal, desa terpencil, atau pulau kecil.", "roleConfidence": "High", "roleReason": "Sistem komunitas terpencil", "match_tier": "UNMATCHED_IPM", "match_score": "0.10", "match_reason": "tidak ada RUPTL row yang cocok", "name_source": "ipm_osm", "capacity_mw_source": "ipm_osm", "type_source": "ipm_osm", "role_source": "ipm_osm", "status_source": "ipm_osm", "coord_source": "ipm_osm", "capacity_mw_ipm": "0.24", "type_ipm": "PLTD", "role_ipm": "Community", "status_norm": "OPERATIONAL", "action_norm": "", "is_placeholder": false}}, {"type": "Feature", "geometry": {"type": "Point", "coordinates": [114.9051424, 1.7825724]}, "properties": {"id": "GEN-KLM-0069", "name": "PLTD Long Nawang", "osm_name": "", "type": "PLTD", "capacity_mw": "2.0", "province": "Kalimantan Utara", "system": "Kaltara", "status": "existing", "operator": "", "method": "", "osm_id": "", "osm_source": "", "review_flag": "MANUAL_ADD_v1.0", "source_id": "manual_revision_v1.0", "capacity_unit": "MW", "role": "Community", "roleDescription": "Memasok listrik untuk komunitas lokal, desa terpencil, atau pulau kecil.", "roleConfidence": "High", "roleReason": "Sistem komunitas terpencil", "match_tier": "UNMATCHED_IPM", "match_score": "0.10", "match_reason": "tidak ada RUPTL row yang cocok", "name_source": "ipm_osm", "capacity_mw_source": "ipm_osm", "type_source": "ipm_osm", "role_source": "ipm_osm", "status_source": "ipm_osm", "coord_source": "ipm_osm", "capacity_mw_ipm": "2.0", "type_ipm": "PLTD", "role_ipm": "Community", "status_norm": "OPERATIONAL", "action_norm": "", "is_placeholder": false}}, {"type": "Feature", "geometry": {"type": "Point", "coordinates": [117.955244, 2.187761]}, "properties": {"id": "GEN-KLM-0070", "name": "PLTS Kampung Teluk Semanting", "osm_name": "", "type": "PLTS", "capacity_mw": "0.040", "province": "Kalimantan Timur", "system": "Kaltim", "status": "existing", "operator": "", "method": "", "osm_id": "", "osm_source": "", "review_flag": "MANUAL_ADD_v1.0", "source_id": "manual_revision_v1.0", "capacity_unit": "MWp", "role": "Community", "roleDescription": "Memasok listrik untuk komunitas lokal, desa terpencil, atau pulau kecil.", "roleConfidence": "High", "roleReason": "Sistem elektrifikasi desa", "match_tier": "UNMATCHED_IPM", "match_score": "0.10", "match_reason": "tidak ada RUPTL row yang cocok", "name_source": "ipm_osm", "capacity_mw_source": "ipm_osm", "type_source": "ipm_osm", "role_source": "ipm_osm", "status_source": "ipm_osm", "coord_source": "ipm_osm", "capacity_mw_ipm": "0.040", "type_ipm": "PLTS", "role_ipm": "Community", "status_norm": "OPERATIONAL", "action_norm": "", "is_placeholder": false}}, {"type": "Feature", "geometry": {"type": "Point", "coordinates": [117.30345, 2.06742]}, "properties": {"id": "GEN-KLM-0071", "name": "PLTS Desa Pegat Batumpuk", "osm_name": "", "type": "PLTS", "capacity_mw": "0.04045", "province": "Kalimantan Timur", "system": "Kaltim", "status": "existing", "operator": "", "method": "", "osm_id": "", "osm_source": "", "review_flag": "MANUAL_ADD_v1.0", "source_id": "manual_revision_v1.0", "capacity_unit": "MWp", "role": "Community", "roleDescription": "Memasok listrik untuk komunitas lokal, desa terpencil, atau pulau kecil.", "roleConfidence": "High", "roleReason": "Sistem elektrifikasi desa", "match_tier": "UNMATCHED_IPM", "match_score": "0.10", "match_reason": "tidak ada RUPTL row yang cocok", "name_source": "ipm_osm", "capacity_mw_source": "ipm_osm", "type_source": "ipm_osm", "role_source": "ipm_osm", "status_source": "ipm_osm", "coord_source": "ipm_osm", "capacity_mw_ipm": "0.04045", "type_ipm": "PLTS", "role_ipm": "Community", "status_norm": "OPERATIONAL", "action_norm": "", "is_placeholder": false}}, {"type": "Feature", "geometry": {"type": "Point", "coordinates": [116.251278, 4.129278]}, "properties": {"id": "GEN-KLM-0072", "name": "PLTS Desa Patal", "osm_name": "", "type": "PLTS", "capacity_mw": "0.074", "province": "Kalimantan Utara", "system": "Kaltara", "status": "planned", "operator": "", "method": "", "osm_id": "", "osm_source": "", "review_flag": "MANUAL_ADD_v1.0", "source_id": "manual_revision_v1.0", "capacity_unit": "MWp", "role": "Community", "roleDescription": "Memasok listrik untuk komunitas lokal, desa terpencil, atau pulau kecil.", "roleConfidence": "High", "roleReason": "Sistem elektrifikasi desa", "match_tier": "UNMATCHED_IPM", "match_score": "0.10", "match_reason": "tidak ada RUPTL row yang cocok", "name_source": "ipm_osm", "capacity_mw_source": "ipm_osm", "type_source": "ipm_osm", "role_source": "ipm_osm", "status_source": "ipm_osm", "coord_source": "ipm_osm", "capacity_mw_ipm": "0.074", "type_ipm": "PLTS", "role_ipm": "Community", "status_norm": "PLANNED", "action_norm": "", "is_placeholder": false}}, {"type": "Feature", "geometry": {"type": "Point", "coordinates": [116.146389, 4.264722]}, "properties": {"id": "GEN-KLM-0073", "name": "PLTS Desa Sedalit", "osm_name": "", "type": "PLTS", "capacity_mw": "0.0528", "province": "Kalimantan Utara", "system": "Kaltara", "status": "existing", "operator": "", "method": "", "osm_id": "", "osm_source": "", "review_flag": "MANUAL_ADD_v1.0", "source_id": "manual_revision_v1.0", "capacity_unit": "MWp", "role": "Community", "roleDescription": "Memasok listrik untuk komunitas lokal, desa terpencil, atau pulau kecil.", "roleConfidence": "High", "roleReason": "Sistem elektrifikasi desa", "match_tier": "UNMATCHED_IPM", "match_score": "0.10", "match_reason": "tidak ada RUPTL row yang cocok", "name_source": "ipm_osm", "capacity_mw_source": "ipm_osm", "type_source": "ipm_osm", "role_source": "ipm_osm", "status_source": "ipm_osm", "coord_source": "ipm_osm", "capacity_mw_ipm": "0.0528", "type_ipm": "PLTS", "role_ipm": "Community", "status_norm": "OPERATIONAL", "action_norm": "", "is_placeholder": false}}, {"type": "Feature", "geometry": {"type": "Point", "coordinates": [109.327622, -0.001087]}, "properties": {"id": "RUPTL:RUPTL-KALIMANTAN-P-0002", "name": "Kalbar-1", "type": "PLTGU", "capacity_mw": 250.0, "province": "Kalimantan Barat", "system": "", "status": "Planned", "role": "", "operator": "", "match_tier": "UNMATCHED_RUPTL", "match_score": "0.10", "match_reason": "tidak ada IPM row yang cocok dalam thresholds", "ruptl_id": "RUPTL-KALIMANTAN-P-0002", "coord_source": "ruptl_geocoded", "capacity_mw_ipm": "", "capacity_mw_ruptl": "250.0", "type_ipm": "", "type_ruptl": "PLTGU", "role_ipm": "", "role_ruptl": "", "name_source": "ruptl", "capacity_mw_source": "ruptl", "type_source": "ruptl", "role_source": "ruptl", "operator_source": "ruptl", "status_source": "ruptl", "has_capacity_conflict": "false", "has_type_conflict": "false", "has_role_conflict": "false", "has_location_conflict": "false", "ipm_id": "", "coord_confidence": "high", "is_placeholder": false, "source_page": "735", "source_table": "Tabel A11.11", "target_cod_year": "2026", "developer": "SH-PLN", "action_norm": "NEW", "status_norm": "PLANNED", "target_cod_year_ruptl": ""}}, {"type": "Feature", "geometry": {"type": "Point", "coordinates": [109.327622, -0.001087]}, "properties": {"id": "RUPTL:RUPTL-KALIMANTAN-P-0003", "name": "Kalbar-1 (PLTS+BESS)", "type": "PLTS", "capacity_mw": 80.0, "province": "Kalimantan Barat", "system": "", "status": "Planned", "role": "", "operator": "", "match_tier": "UNMATCHED_RUPTL", "match_score": "0.10", "match_reason": "tidak ada IPM row yang cocok dalam thresholds", "ruptl_id": "RUPTL-KALIMANTAN-P-0003", "coord_source": "ruptl_geocoded", "capacity_mw_ipm": "", "capacity_mw_ruptl": "80.0", "type_ipm": "", "type_ruptl": "PLTS", "role_ipm": "", "role_ruptl": "", "name_source": "ruptl", "capacity_mw_source": "ruptl", "type_source": "ruptl", "role_source": "ruptl", "operator_source": "ruptl", "status_source": "ruptl", "has_capacity_conflict": "false", "has_type_conflict": "false", "has_role_conflict": "false", "has_location_conflict": "false", "ipm_id": "", "coord_confidence": "high", "is_placeholder": false, "source_page": "735", "source_table": "Tabel A11.11", "developer": "IPP", "action_norm": "NEW", "status_norm": "PLANNED", "target_cod_year": "", "target_cod_year_ruptl": ""}}, {"type": "Feature", "geometry": {"type": "Point", "coordinates": [109.327622, -0.001087]}, "properties": {"id": "RUPTL:RUPTL-KALIMANTAN-P-0004", "name": "Kalbar-1 (PLTS+BESS)", "type": "PLTS", "capacity_mw": 50.0, "province": "Kalimantan Barat", "system": "", "status": "Planned", "role": "", "operator": "", "match_tier": "UNMATCHED_RUPTL", "match_score": "0.10", "match_reason": "tidak ada IPM row yang cocok dalam thresholds", "ruptl_id": "RUPTL-KALIMANTAN-P-0004", "coord_source": "ruptl_geocoded", "capacity_mw_ipm": "", "capacity_mw_ruptl": "50.0", "type_ipm": "", "type_ruptl": "PLTS", "role_ipm": "", "role_ruptl": "", "name_source": "ruptl", "capacity_mw_source": "ruptl", "type_source": "ruptl", "role_source": "ruptl", "operator_source": "ruptl", "status_source": "ruptl", "has_capacity_conflict": "false", "has_type_conflict": "false", "has_role_conflict": "false", "has_location_conflict": "false", "ipm_id": "", "coord_confidence": "high", "is_placeholder": false, "source_page": "735", "source_table": "Tabel A11.11", "developer": "IPP", "action_norm": "NEW", "status_norm": "PLANNED", "target_cod_year": "", "target_cod_year_ruptl": ""}}, {"type": "Feature", "geometry": {"type": "Point", "coordinates": [109.327622, -0.001087]}, "properties": {"id": "RUPTL:RUPTL-KALIMANTAN-P-0005", "name": "Kalbar-1 (PLTS+BESS)", "type": "PLTS", "capacity_mw": 40.0, "province": "Kalimantan Barat", "system": "", "status": "Planned", "role": "", "operator": "", "match_tier": "UNMATCHED_RUPTL", "match_score": "0.10", "match_reason": "tidak ada IPM row yang cocok dalam thresholds", "ruptl_id": "RUPTL-KALIMANTAN-P-0005", "coord_source": "ruptl_geocoded", "capacity_mw_ipm": "", "capacity_mw_ruptl": "40.0", "type_ipm": "", "type_ruptl": "PLTS", "role_ipm": "", "role_ruptl": "", "name_source": "ruptl", "capacity_mw_source": "ruptl", "type_source": "ruptl", "role_source": "ruptl", "operator_source": "ruptl", "status_source": "ruptl", "has_capacity_conflict": "false", "has_type_conflict": "false", "has_role_conflict": "false", "has_location_conflict": "false", "ipm_id": "", "coord_confidence": "high", "is_placeholder": false, "source_page": "735", "source_table": "Tabel A11.11", "developer": "IPP", "action_norm": "NEW", "status_norm": "PLANNED", "target_cod_year": "", "target_cod_year_ruptl": ""}}, {"type": "Feature", "geometry": {"type": "Point", "coordinates": [109.327622, -0.001087]}, "properties": {"id": "RUPTL:RUPTL-KALIMANTAN-P-0006", "name": "Kalbar-1 (PLTS+BESS)", "type": "PLTS", "capacity_mw": 25.0, "province": "Kalimantan Barat", "system": "", "status": "Planned", "role": "", "operator": "", "match_tier": "UNMATCHED_RUPTL", "match_score": "0.10", "match_reason": "tidak ada IPM row yang cocok dalam thresholds", "ruptl_id": "RUPTL-KALIMANTAN-P-0006", "coord_source": "ruptl_geocoded", "capacity_mw_ipm": "", "capacity_mw_ruptl": "25.0", "type_ipm": "", "type_ruptl": "PLTS", "role_ipm": "", "role_ruptl": "", "name_source": "ruptl", "capacity_mw_source": "ruptl", "type_source": "ruptl", "role_source": "ruptl", "operator_source": "ruptl", "status_source": "ruptl", "has_capacity_conflict": "false", "has_type_conflict": "false", "has_role_conflict": "false", "has_location_conflict": "false", "ipm_id": "", "coord_confidence": "high", "is_placeholder": false, "source_page": "735", "source_table": "Tabel A11.11", "developer": "IPP", "action_norm": "NEW", "status_norm": "PLANNED", "target_cod_year": "", "target_cod_year_ruptl": ""}}, {"type": "Feature", "geometry": {"type": "Point", "coordinates": [109.327622, -0.001087]}, "properties": {"id": "RUPTL:RUPTL-KALIMANTAN-P-0009", "name": "Kalbar-2", "type": "PLTGU", "capacity_mw": 100.0, "province": "Kalimantan Barat", "system": "", "status": "Planned", "role": "", "operator": "", "match_tier": "UNMATCHED_RUPTL", "match_score": "0.10", "match_reason": "tidak ada IPM row yang cocok dalam thresholds", "ruptl_id": "RUPTL-KALIMANTAN-P-0009", "coord_source": "ruptl_geocoded", "capacity_mw_ipm": "", "capacity_mw_ruptl": "100.0", "type_ipm": "", "type_ruptl": "PLTGU", "role_ipm": "", "role_ruptl": "", "name_source": "ruptl", "capacity_mw_source": "ruptl", "type_source": "ruptl", "role_source": "ruptl", "operator_source": "ruptl", "status_source": "ruptl", "has_capacity_conflict": "false", "has_type_conflict": "false", "has_role_conflict": "false", "has_location_conflict": "false", "ipm_id": "", "coord_confidence": "high", "is_placeholder": false, "source_page": "735", "source_table": "Tabel A11.11", "target_cod_year": "2027", "developer": "IPP", "action_norm": "NEW", "status_norm": "PLANNED", "target_cod_year_ruptl": ""}}, {"type": "Feature", "geometry": {"type": "Point", "coordinates": [109.327622, -0.001087]}, "properties": {"id": "RUPTL:RUPTL-KALIMANTAN-P-0010", "name": "Kalbar", "type": "PLTS", "capacity_mw": 50.0, "province": "Kalimantan Barat", "system": "", "status": "Planned", "role": "", "operator": "", "match_tier": "UNMATCHED_RUPTL", "match_score": "0.10", "match_reason": "tidak ada IPM row yang cocok dalam thresholds", "ruptl_id": "RUPTL-KALIMANTAN-P-0010", "coord_source": "ruptl_geocoded", "capacity_mw_ipm": "", "capacity_mw_ruptl": "50.0", "type_ipm": "", "type_ruptl": "PLTS", "role_ipm": "", "role_ruptl": "", "name_source": "ruptl", "capacity_mw_source": "ruptl", "type_source": "ruptl", "role_source": "ruptl", "operator_source": "ruptl", "status_source": "ruptl", "has_capacity_conflict": "false", "has_type_conflict": "false", "has_role_conflict": "false", "has_location_conflict": "false", "ipm_id": "", "coord_confidence": "high", "is_placeholder": false, "source_page": "735", "source_table": "Tabel A11.11", "target_cod_year": "2028", "developer": "SH-PLN", "action_norm": "NEW", "status_norm": "PLANNED", "target_cod_year_ruptl": ""}}, {"type": "Feature", "geometry": {"type": "Point", "coordinates": [109.327622, -0.001087]}, "properties": {"id": "RUPTL:RUPTL-KALIMANTAN-P-0013", "name": "Kalbar", "type": "PLTM", "capacity_mw": 2.0, "province": "Kalimantan Barat", "system": "", "status": "Planned", "role": "", "operator": "", "match_tier": "UNMATCHED_RUPTL", "match_score": "0.10", "match_reason": "tidak ada IPM row yang cocok dalam thresholds", "ruptl_id": "RUPTL-KALIMANTAN-P-0013", "coord_source": "ruptl_geocoded", "capacity_mw_ipm": "", "capacity_mw_ruptl": "2.0", "type_ipm": "", "type_ruptl": "PLTM", "role_ipm": "", "role_ruptl": "", "name_source": "ruptl", "capacity_mw_source": "ruptl", "type_source": "ruptl", "role_source": "ruptl", "operator_source": "ruptl", "status_source": "ruptl", "has_capacity_conflict": "false", "has_type_conflict": "false", "has_role_conflict": "false", "has_location_conflict": "false", "ipm_id": "", "coord_confidence": "high", "is_placeholder": false, "source_page": "735", "source_table": "Tabel A11.11", "target_cod_year": "2029", "developer": "PLN", "action_norm": "NEW", "status_norm": "PLANNED", "target_cod_year_ruptl": ""}}, {"type": "Feature", "geometry": {"type": "Point", "coordinates": [109.327622, -0.001087]}, "properties": {"id": "RUPTL:RUPTL-KALIMANTAN-P-0014", "name": "Kalbar-2 (PLTS+BESS)", "type": "PLTS", "capacity_mw": 80.0, "province": "Kalimantan Barat", "system": "", "status": "Planned", "role": "", "operator": "", "match_tier": "UNMATCHED_RUPTL", "match_score": "0.10", "match_reason": "tidak ada IPM row yang cocok dalam thresholds", "ruptl_id": "RUPTL-KALIMANTAN-P-0014", "coord_source": "ruptl_geocoded", "capacity_mw_ipm": "", "capacity_mw_ruptl": "80.0", "type_ipm": "", "type_ruptl": "PLTS", "role_ipm": "", "role_ruptl": "", "name_source": "ruptl", "capacity_mw_source": "ruptl", "type_source": "ruptl", "role_source": "ruptl", "operator_source": "ruptl", "status_source": "ruptl", "has_capacity_conflict": "false", "has_type_conflict": "false", "has_role_conflict": "false", "has_location_conflict": "false", "ipm_id": "", "coord_confidence": "high", "is_placeholder": false, "source_page": "735", "source_table": "Tabel A11.11", "developer": "IPP", "action_norm": "NEW", "status_norm": "PLANNED", "target_cod_year": "", "target_cod_year_ruptl": ""}}, {"type": "Feature", "geometry": {"type": "Point", "coordinates": [109.327622, -0.001087]}, "properties": {"id": "RUPTL:RUPTL-KALIMANTAN-P-0015", "name": "Kalbar-2 (PLTS+BESS)", "type": "PLTS", "capacity_mw": 50.0, "province": "Kalimantan Barat", "system": "", "status": "Planned", "role": "", "operator": "", "match_tier": "UNMATCHED_RUPTL", "match_score": "0.10", "match_reason": "tidak ada IPM row yang cocok dalam thresholds", "ruptl_id": "RUPTL-KALIMANTAN-P-0015", "coord_source": "ruptl_geocoded", "capacity_mw_ipm": "", "capacity_mw_ruptl": "50.0", "type_ipm": "", "type_ruptl": "PLTS", "role_ipm": "", "role_ruptl": "", "name_source": "ruptl", "capacity_mw_source": "ruptl", "type_source": "ruptl", "role_source": "ruptl", "operator_source": "ruptl", "status_source": "ruptl", "has_capacity_conflict": "false", "has_type_conflict": "false", "has_role_conflict": "false", "has_location_conflict": "false", "ipm_id": "", "coord_confidence": "high", "is_placeholder": false, "source_page": "735", "source_table": "Tabel A11.11", "developer": "IPP", "action_norm": "NEW", "status_norm": "PLANNED", "target_cod_year": "", "target_cod_year_ruptl": ""}}, {"type": "Feature", "geometry": {"type": "Point", "coordinates": [109.327622, -0.001087]}, "properties": {"id": "RUPTL:RUPTL-KALIMANTAN-P-0016", "name": "Kalbar-3", "type": "PLTMG", "capacity_mw": 50.0, "province": "Kalimantan Barat", "system": "", "status": "Planned", "role": "", "operator": "", "match_tier": "UNMATCHED_RUPTL", "match_score": "0.10", "match_reason": "tidak ada IPM row yang cocok dalam thresholds", "ruptl_id": "RUPTL-KALIMANTAN-P-0016", "coord_source": "ruptl_geocoded", "capacity_mw_ipm": "", "capacity_mw_ruptl": "50.0", "type_ipm": "", "type_ruptl": "PLTMG", "role_ipm": "", "role_ruptl": "", "name_source": "ruptl", "capacity_mw_source": "ruptl", "type_source": "ruptl", "role_source": "ruptl", "operator_source": "ruptl", "status_source": "ruptl", "has_capacity_conflict": "false", "has_type_conflict": "false", "has_role_conflict": "false", "has_location_conflict": "false", "ipm_id": "", "coord_confidence": "high", "is_placeholder": false, "source_page": "735", "source_table": "Tabel A11.11", "target_cod_year": "2029", "developer": "IPP", "action_norm": "NEW", "status_norm": "PLANNED", "target_cod_year_ruptl": ""}}, {"type": "Feature", "geometry": {"type": "Point", "coordinates": [109.327622, -0.001087]}, "properties": {"id": "RUPTL:RUPTL-KALIMANTAN-P-0018", "name": "Kalbar-2 (PLTS+BESS)", "type": "PLTS", "capacity_mw": 160.0, "province": "Kalimantan Barat", "system": "", "status": "Planned", "role": "", "operator": "", "match_tier": "UNMATCHED_RUPTL", "match_score": "0.10", "match_reason": "tidak ada IPM row yang cocok dalam thresholds", "ruptl_id": "RUPTL-KALIMANTAN-P-0018", "coord_source": "ruptl_geocoded", "capacity_mw_ipm": "", "capacity_mw_ruptl": "160.0", "type_ipm": "", "type_ruptl": "PLTS", "role_ipm": "", "role_ruptl": "", "name_source": "ruptl", "capacity_mw_source": "ruptl", "type_source": "ruptl", "role_source": "ruptl", "operator_source": "ruptl", "status_source": "ruptl", "has_capacity_conflict": "false", "has_type_conflict": "false", "has_role_conflict": "false", "has_location_conflict": "false", "ipm_id": "", "coord_confidence": "high", "is_placeholder": false, "source_page": "735", "source_table": "Tabel A11.11", "developer": "IPP", "action_norm": "NEW", "status_norm": "PLANNED", "target_cod_year": "", "target_cod_year_ruptl": ""}}, {"type": "Feature", "geometry": {"type": "Point", "coordinates": [109.327622, -0.001087]}, "properties": {"id": "RUPTL:RUPTL-KALIMANTAN-P-0019", "name": "Kalbar-2 (PLTS+BESS)", "type": "PLTS", "capacity_mw": 100.0, "province": "Kalimantan Barat", "system": "", "status": "Planned", "role": "", "operator": "", "match_tier": "UNMATCHED_RUPTL", "match_score": "0.10", "match_reason": "tidak ada IPM row yang cocok dalam thresholds", "ruptl_id": "RUPTL-KALIMANTAN-P-0019", "coord_source": "ruptl_geocoded", "capacity_mw_ipm": "", "capacity_mw_ruptl": "100.0", "type_ipm": "", "type_ruptl": "PLTS", "role_ipm": "", "role_ruptl": "", "name_source": "ruptl", "capacity_mw_source": "ruptl", "type_source": "ruptl", "role_source": "ruptl", "operator_source": "ruptl", "status_source": "ruptl", "has_capacity_conflict": "false", "has_type_conflict": "false", "has_role_conflict": "false", "has_location_conflict": "false", "ipm_id": "", "coord_confidence": "high", "is_placeholder": false, "source_page": "735", "source_table": "Tabel A11.11", "developer": "IPP", "action_norm": "NEW", "status_norm": "PLANNED", "target_cod_year": "", "target_cod_year_ruptl": ""}}, {"type": "Feature", "geometry": {"type": "Point", "coordinates": [109.327622, -0.001087]}, "properties": {"id": "RUPTL:RUPTL-KALIMANTAN-P-0034", "name": "Lisdes Kalbar", "type": "PLTS", "capacity_mw": 1.9, "province": "Kalimantan Barat", "system": "", "status": "Planned", "role": "", "operator": "", "match_tier": "UNMATCHED_RUPTL", "match_score": "0.10", "match_reason": "tidak ada IPM row yang cocok dalam thresholds", "ruptl_id": "RUPTL-KALIMANTAN-P-0034", "coord_source": "ruptl_geocoded", "capacity_mw_ipm": "", "capacity_mw_ruptl": "1.9", "type_ipm": "", "type_ruptl": "PLTS", "role_ipm": "", "role_ruptl": "", "name_source": "ruptl", "capacity_mw_source": "ruptl", "type_source": "ruptl", "role_source": "ruptl", "operator_source": "ruptl", "status_source": "ruptl", "has_capacity_conflict": "false", "has_type_conflict": "false", "has_role_conflict": "false", "has_location_conflict": "false", "ipm_id": "", "coord_confidence": "high", "is_placeholder": false, "source_page": "736", "target_cod_year": "2025", "developer": "PLN", "action_norm": "NEW", "status_norm": "PLANNED", "target_cod_year_ruptl": ""}}, {"type": "Feature", "geometry": {"type": "Point", "coordinates": [112.920845, -2.481698]}, "properties": {"id": "RUPTL:RUPTL-KALIMANTAN-P-0050", "name": "Sampit", "type": "PLTU", "capacity_mw": 50.0, "province": "Kalimantan Tengah", "system": "", "status": "Construction", "role": "", "operator": "", "match_tier": "UNMATCHED_RUPTL", "match_score": "0.10", "match_reason": "tidak ada IPM row yang cocok dalam thresholds", "ruptl_id": "RUPTL-KALIMANTAN-P-0050", "coord_source": "ruptl_geocoded", "capacity_mw_ipm": "", "capacity_mw_ruptl": "50.0", "type_ipm": "", "type_ruptl": "PLTU", "role_ipm": "", "role_ruptl": "", "name_source": "ruptl", "capacity_mw_source": "ruptl", "type_source": "ruptl", "role_source": "ruptl", "operator_source": "ruptl", "status_source": "ruptl", "has_capacity_conflict": "false", "has_type_conflict": "false", "has_role_conflict": "false", "has_location_conflict": "false", "ipm_id": "", "coord_confidence": "medium", "is_placeholder": false, "source_page": "765", "source_table": "Tabel A13.11", "target_cod_year": "2030", "developer": "PLN", "action_norm": "NEW", "status_norm": "CONSTRUCTION", "target_cod_year_ruptl": ""}}, {"type": "Feature", "geometry": {"type": "Point", "coordinates": [113.567473, -1.373302]}, "properties": {"id": "RUPTL:RUPTL-KALIMANTAN-P-0051", "name": "MT Hybrid Kalselteng 4", "type": "PLTS", "capacity_mw": 40.0, "province": "Kalimantan Tengah", "system": "", "status": "Planned", "role": "", "operator": "", "match_tier": "UNMATCHED_RUPTL", "match_score": "0.10", "match_reason": "tidak ada IPM row yang cocok dalam thresholds", "ruptl_id": "RUPTL-KALIMANTAN-P-0051", "coord_source": "ruptl_geocoded", "capacity_mw_ipm": "", "capacity_mw_ruptl": "40.0", "type_ipm": "", "type_ruptl": "PLTS", "role_ipm": "", "role_ruptl": "", "name_source": "ruptl", "capacity_mw_source": "ruptl", "type_source": "ruptl", "role_source": "ruptl", "operator_source": "ruptl", "status_source": "ruptl", "has_capacity_conflict": "false", "has_type_conflict": "false", "has_role_conflict": "false", "has_location_conflict": "false", "ipm_id": "", "coord_confidence": "high", "is_placeholder": false, "source_page": "765", "source_table": "Tabel A13.11", "target_cod_year": "2032", "developer": "IPP", "action_norm": "NEW", "status_norm": "PLANNED", "target_cod_year_ruptl": ""}}, {"type": "Feature", "geometry": {"type": "Point", "coordinates": [113.567473, -1.373302]}, "properties": {"id": "RUPTL:RUPTL-KALIMANTAN-P-0052", "name": "MT Hybrid Kalselteng 4", "type": "PLTS", "capacity_mw": 25.0, "province": "Kalimantan Tengah", "system": "", "status": "Planned", "role": "", "operator": "", "match_tier": "UNMATCHED_RUPTL", "match_score": "0.10", "match_reason": "tidak ada IPM row yang cocok dalam thresholds", "ruptl_id": "RUPTL-KALIMANTAN-P-0052", "coord_source": "ruptl_geocoded", "capacity_mw_ipm": "", "capacity_mw_ruptl": "25.0", "type_ipm": "", "type_ruptl": "PLTS", "role_ipm": "", "role_ruptl": "", "name_source": "ruptl", "capacity_mw_source": "ruptl", "type_source": "ruptl", "role_source": "ruptl", "operator_source": "ruptl", "status_source": "ruptl", "has_capacity_conflict": "false", "has_type_conflict": "false", "has_role_conflict": "false", "has_location_conflict": "false", "ipm_id": "", "coord_confidence": "high", "is_placeholder": false, "source_page": "765", "source_table": "Tabel A13.11", "target_cod_year": "2032", "developer": "IPP", "action_norm": "NEW", "status_norm": "PLANNED", "target_cod_year_ruptl": ""}}, {"type": "Feature", "geometry": {"type": "Point", "coordinates": [114.865896, -0.867552]}, "properties": {"id": "RUPTL:RUPTL-KALIMANTAN-P-0054", "name": "Muara Juloi", "type": "PLTA", "capacity_mw": 3401.0, "province": "Kalimantan Tengah", "system": "", "status": "Planned", "role": "", "operator": "", "match_tier": "UNMATCHED_RUPTL", "match_score": "0.10", "match_reason": "tidak ada IPM row yang cocok dalam thresholds", "ruptl_id": "RUPTL-KALIMANTAN-P-0054", "coord_source": "ruptl_geocoded", "capacity_mw_ipm": "", "capacity_mw_ruptl": "3401.0", "type_ipm": "", "type_ruptl": "PLTA", "role_ipm": "", "role_ruptl": "", "name_source": "ruptl", "capacity_mw_source": "ruptl", "type_source": "ruptl", "role_source": "ruptl", "operator_source": "ruptl", "status_source": "ruptl", "has_capacity_conflict": "false", "has_type_conflict": "false", "has_role_conflict": "false", "has_location_conflict": "false", "ipm_id": "", "coord_confidence": "medium", "is_placeholder": false, "source_page": "765", "source_table": "Tabel A13.11", "target_cod_year": "2032", "developer": "SH-PLN", "action_norm": "NEW", "status_norm": "PLANNED", "target_cod_year_ruptl": ""}}, {"type": "Feature", "geometry": {"type": "Point", "coordinates": [114.211797, -2.824546]}, "properties": {"id": "RUPTL:RUPTL-KALIMANTAN-P-0056", "name": "Lisdes Kalteng", "type": "PLTS", "capacity_mw": 13.8, "province": "Kalimantan Tengah", "system": "", "status": "Planned", "role": "", "operator": "", "match_tier": "UNMATCHED_RUPTL", "match_score": "0.10", "match_reason": "tidak ada IPM row yang cocok dalam thresholds", "ruptl_id": "RUPTL-KALIMANTAN-P-0056", "coord_source": "ruptl_geocoded", "capacity_mw_ipm": "", "capacity_mw_ruptl": "13.8", "type_ipm": "", "type_ruptl": "PLTS", "role_ipm": "", "role_ruptl": "", "name_source": "ruptl", "capacity_mw_source": "ruptl", "type_source": "ruptl", "role_source": "ruptl", "operator_source": "ruptl", "status_source": "ruptl", "has_capacity_conflict": "false", "has_type_conflict": "false", "has_role_conflict": "false", "has_location_conflict": "false", "ipm_id": "", "coord_confidence": "high", "is_placeholder": false, "source_page": "765", "source_table": "Tabel A13.11", "target_cod_year": "2027", "developer": "PLN", "action_norm": "NEW", "status_norm": "PLANNED", "target_cod_year_ruptl": ""}}, {"type": "Feature", "geometry": {"type": "Point", "coordinates": [116.78846, -1.170085]}, "properties": {"id": "RUPTL:RUPTL-KALIMANTAN-P-0061", "name": "Kaltim Peaker 2", "type": "PLTG", "capacity_mw": 100.0, "province": "Kalimantan Timur", "system": "", "status": "Planned", "role": "", "operator": "", "match_tier": "UNMATCHED_RUPTL", "match_score": "0.10", "match_reason": "tidak ada IPM row yang cocok dalam thresholds", "ruptl_id": "RUPTL-KALIMANTAN-P-0061", "coord_source": "ruptl_geocoded", "capacity_mw_ipm": "", "capacity_mw_ruptl": "100.0", "type_ipm": "", "type_ruptl": "PLTG", "role_ipm": "", "role_ruptl": "", "name_source": "ruptl", "capacity_mw_source": "ruptl", "type_source": "ruptl", "role_source": "ruptl", "operator_source": "ruptl", "status_source": "ruptl", "has_capacity_conflict": "false", "has_type_conflict": "false", "has_role_conflict": "false", "has_location_conflict": "false", "ipm_id": "", "coord_confidence": "high", "is_placeholder": false, "source_page": "781", "source_table": "Tabel A14.14", "target_cod_year": "2026", "developer": "SH-PLN", "action_norm": "NEW", "status_norm": "PLANNED", "target_cod_year_ruptl": ""}}, {"type": "Feature", "geometry": {"type": "Point", "coordinates": [116.78846, -1.170085]}, "properties": {"id": "RUPTL:RUPTL-KALIMANTAN-P-0062", "name": "Kaltim-1", "type": "PLTGU", "capacity_mw": 250.0, "province": "Kalimantan Timur", "system": "", "status": "Planned", "role": "", "operator": "", "match_tier": "UNMATCHED_RUPTL", "match_score": "0.10", "match_reason": "tidak ada IPM row yang cocok dalam thresholds", "ruptl_id": "RUPTL-KALIMANTAN-P-0062", "coord_source": "ruptl_geocoded", "capacity_mw_ipm": "", "capacity_mw_ruptl": "250.0", "type_ipm": "", "type_ruptl": "PLTGU", "role_ipm": "", "role_ruptl": "", "name_source": "ruptl", "capacity_mw_source": "ruptl", "type_source": "ruptl", "role_source": "ruptl", "operator_source": "ruptl", "status_source": "ruptl", "has_capacity_conflict": "false", "has_type_conflict": "false", "has_role_conflict": "false", "has_location_conflict": "false", "ipm_id": "", "coord_confidence": "high", "is_placeholder": false, "source_page": "781", "source_table": "Tabel A14.14", "target_cod_year": "2026", "developer": "SH-PLN", "action_norm": "NEW", "status_norm": "PLANNED", "target_cod_year_ruptl": ""}}, {"type": "Feature", "geometry": {"type": "Point", "coordinates": [116.165644, -1.898819]}, "properties": {"id": "RUPTL:RUPTL-KALIMANTAN-P-0078", "name": "Tanah Grogot**", "type": "PLTU", "capacity_mw": 14.0, "province": "Kalimantan Timur", "system": "", "status": "Committed", "role": "", "operator": "", "match_tier": "UNMATCHED_RUPTL", "match_score": "0.10", "match_reason": "tidak ada IPM row yang cocok dalam thresholds", "ruptl_id": "RUPTL-KALIMANTAN-P-0078", "coord_source": "ruptl_geocoded", "capacity_mw_ipm": "", "capacity_mw_ruptl": "14.0", "type_ipm": "", "type_ruptl": "PLTU", "role_ipm": "", "role_ruptl": "", "name_source": "ruptl", "capacity_mw_source": "ruptl", "type_source": "ruptl", "role_source": "ruptl", "operator_source": "ruptl", "status_source": "ruptl", "has_capacity_conflict": "false", "has_type_conflict": "false", "has_role_conflict": "false", "has_location_conflict": "false", "ipm_id": "", "coord_confidence": "medium", "is_placeholder": false, "source_page": "782", "target_cod_year": "2030", "developer": "IPP", "action_norm": "NEW", "status_norm": "COMMITTED", "target_cod_year_ruptl": ""}}, {"type": "Feature", "geometry": {"type": "Point", "coordinates": [116.78846, -1.170085]}, "properties": {"id": "RUPTL:RUPTL-KALIMANTAN-P-0084", "name": "Lisdes Kaltim", "type": "PLTS", "capacity_mw": 1.3, "province": "Kalimantan Timur", "system": "", "status": "Planned", "role": "", "operator": "", "match_tier": "UNMATCHED_RUPTL", "match_score": "0.10", "match_reason": "tidak ada IPM row yang cocok dalam thresholds", "ruptl_id": "RUPTL-KALIMANTAN-P-0084", "coord_source": "ruptl_geocoded", "capacity_mw_ipm": "", "capacity_mw_ruptl": "1.3", "type_ipm": "", "type_ruptl": "PLTS", "role_ipm": "", "role_ruptl": "", "name_source": "ruptl", "capacity_mw_source": "ruptl", "type_source": "ruptl", "role_source": "ruptl", "operator_source": "ruptl", "status_source": "ruptl", "has_capacity_conflict": "false", "has_type_conflict": "false", "has_role_conflict": "false", "has_location_conflict": "false", "ipm_id": "", "coord_confidence": "high", "is_placeholder": false, "source_page": "782", "target_cod_year": "2025", "developer": "PLN", "action_norm": "NEW", "status_norm": "PLANNED", "target_cod_year_ruptl": ""}}, {"type": "Feature", "geometry": {"type": "Point", "coordinates": [116.78846, -1.170085]}, "properties": {"id": "RUPTL:RUPTL-KALIMANTAN-P-0085", "name": "Lisdes Kaltim", "type": "PLTS", "capacity_mw": 10.5, "province": "Kalimantan Timur", "system": "", "status": "Planned", "role": "", "operator": "", "match_tier": "UNMATCHED_RUPTL", "match_score": "0.10", "match_reason": "tidak ada IPM row yang cocok dalam thresholds", "ruptl_id": "RUPTL-KALIMANTAN-P-0085", "coord_source": "ruptl_geocoded", "capacity_mw_ipm": "", "capacity_mw_ruptl": "10.5", "type_ipm": "", "type_ruptl": "PLTS", "role_ipm": "", "role_ruptl": "", "name_source": "ruptl", "capacity_mw_source": "ruptl", "type_source": "ruptl", "role_source": "ruptl", "operator_source": "ruptl", "status_source": "ruptl", "has_capacity_conflict": "false", "has_type_conflict": "false", "has_role_conflict": "false", "has_location_conflict": "false", "ipm_id": "", "coord_confidence": "high", "is_placeholder": false, "source_page": "782", "target_cod_year": "2026", "developer": "PLN", "action_norm": "NEW", "status_norm": "PLANNED", "target_cod_year_ruptl": ""}}, {"type": "Feature", "geometry": {"type": "Point", "coordinates": [116.78846, -1.170085]}, "properties": {"id": "RUPTL:RUPTL-KALIMANTAN-P-0086", "name": "Lisdes Kaltim", "type": "PLTS", "capacity_mw": 12.1, "province": "Kalimantan Timur", "system": "", "status": "Planned", "role": "", "operator": "", "match_tier": "UNMATCHED_RUPTL", "match_score": "0.10", "match_reason": "tidak ada IPM row yang cocok dalam thresholds", "ruptl_id": "RUPTL-KALIMANTAN-P-0086", "coord_source": "ruptl_geocoded", "capacity_mw_ipm": "", "capacity_mw_ruptl": "12.1", "type_ipm": "", "type_ruptl": "PLTS", "role_ipm": "", "role_ruptl": "", "name_source": "ruptl", "capacity_mw_source": "ruptl", "type_source": "ruptl", "role_source": "ruptl", "operator_source": "ruptl", "status_source": "ruptl", "has_capacity_conflict": "false", "has_type_conflict": "false", "has_role_conflict": "false", "has_location_conflict": "false", "ipm_id": "", "coord_confidence": "high", "is_placeholder": false, "source_page": "782", "target_cod_year": "2027", "developer": "PLN", "action_norm": "NEW", "status_norm": "PLANNED", "target_cod_year_ruptl": ""}}, {"type": "Feature", "geometry": {"type": "Point", "coordinates": [116.78846, -1.170085]}, "properties": {"id": "RUPTL:RUPTL-KALIMANTAN-P-0088", "name": "Isolated Kaltim", "type": "PLTS", "capacity_mw": 7.7, "province": "Kalimantan Timur", "system": "", "status": "Planned", "role": "", "operator": "", "match_tier": "UNMATCHED_RUPTL", "match_score": "0.10", "match_reason": "tidak ada IPM row yang cocok dalam thresholds", "ruptl_id": "RUPTL-KALIMANTAN-P-0088", "coord_source": "ruptl_geocoded", "capacity_mw_ipm": "", "capacity_mw_ruptl": "7.7", "type_ipm": "", "type_ruptl": "PLTS", "role_ipm": "", "role_ruptl": "", "name_source": "ruptl", "capacity_mw_source": "ruptl", "type_source": "ruptl", "role_source": "ruptl", "operator_source": "ruptl", "status_source": "ruptl", "has_capacity_conflict": "false", "has_type_conflict": "false", "has_role_conflict": "false", "has_location_conflict": "false", "ipm_id": "", "coord_confidence": "high", "is_placeholder": false, "source_page": "782", "target_cod_year": "2030", "developer": "IPP", "action_norm": "NEW", "status_norm": "PLANNED", "target_cod_year_ruptl": ""}}]}