{"type": "FeatureCollection", "features": [{"type": "Feature", "geometry": {"type": "LineString", "coordinates": [[117.2897333, -0.3141012], [117.2910368, -0.3106036], [117.2920185, -0.3083989], [117.2929076, -0.3062808], [117.2937298, -0.304322], [117.2948348, -0.3014199], [117.2960982, -0.2984695], [117.297281, -0.2954118], [117.2984344, -0.2926545], [117.2995019, -0.2898758], [117.3014656, -0.2870985], [117.3032784, -0.2847636], [117.305097, -0.2823335], [117.306717, -0.2801234], [117.3082995, -0.2780421], [117.3105794, -0.2750756], [117.3114216, -0.2723934], [117.312119, -0.2697166], [117.3132498, -0.2664422], [117.3142928, -0.263246], [117.315317, -0.2601076], [117.3161443, -0.2575725], [117.3169148, -0.2552113], [117.3177712, -0.2524089], [117.3186475, -0.2495412], [117.3195656, -0.2465185], [117.3202997, -0.2441017], [117.3210333, -0.2419857], [117.3222389, -0.2380691], [117.3235719, -0.2339128], [117.324392, -0.2313557], [117.3251835, -0.2288875], [117.3261202, -0.2259667], [117.3267474, -0.2240111], [117.3274034, -0.2219655], [117.3281334, -0.2196892], [117.3291047, -0.2166606], [117.3297545, -0.2146344], [117.3307684, -0.2114729], [117.3314424, -0.2093056], [117.3323107, -0.2065135], [117.3331153, -0.2041049], [117.3340595, -0.2011545], [117.3352343, -0.1971795], [117.3364735, -0.1931562], [117.3377341, -0.18909], [117.3390377, -0.1851633], [117.3400569, -0.1819178], [117.3413068, -0.1779696], [117.3423904, -0.1744023], [117.3433989, -0.1712266], [117.3447829, -0.1681689], [117.3458773, -0.1660178], [117.3480445, -0.1614634], [117.3491281, -0.1591621], [117.3507911, -0.1557181], [117.3517567, -0.1536904], [117.3530871, -0.1508687], [117.354691, -0.1472692], [117.3561233, -0.1447587], [117.3573947, -0.1422267], [117.3589075, -0.1390188], [117.3599964, -0.1366155], [117.3613268, -0.133708], [117.3626679, -0.1313637], [117.3640466, -0.1288157], [117.3651034, -0.1258116], [117.3661172, -0.1230328], [117.3671955, -0.1200609], [117.3688424, -0.1169871], [117.3708379, -0.113334], [117.3719176, -0.1113816], [117.3732734, -0.1089298], [117.3746735, -0.1063173], [117.376079, -0.1039302], [117.3780262, -0.1006686], [117.3798931, -0.0974875], [117.3802954, -0.0946122], [117.3801425, -0.0908947], [117.3800597, -0.0876869], [117.3799904, -0.0849997], [117.3799145, -0.0820595], [117.3798019, -0.0785458], [117.3796892, -0.0752333], [117.3796079, -0.0718886], [117.3795182, -0.0682029], [117.3794479, -0.0653171], [117.3793915, -0.062997], [117.3788765, -0.0598749], [117.3783056, -0.05675], [117.3777678, -0.053585], [117.3774444, -0.0519167], [117.3765335, -0.0469778], [117.3760556, -0.0444722], [117.37575, -0.0421944], [117.375226, -0.0386238], [117.3747486, -0.0360703], [117.3742926, -0.033592], [117.3738098, -0.0308508], [117.3732597, -0.0277658], [117.3727155, -0.0247139], [117.3720288, -0.0211787], [117.3715246, -0.0188023], [117.3709452, -0.0161576], [117.3703605, -0.01347], [117.3698455, -0.0112438], [117.3695719, -0.0088835], [117.3693187, -0.0064502], [117.3689389, -0.0028002], [117.3680719, 0.0016464], [117.3677507, 0.0035529], [117.3669568, 0.0073653], [117.3664498, 0.0094307], [117.3662996, 0.0125313], [117.3658072, 0.015033], [117.3652612, 0.0181555], [117.3648421, 0.0205516], [117.3643026, 0.0236373], [117.3638749, 0.0260828], [117.3633116, 0.0292307], [117.3627269, 0.0326532], [117.3622012, 0.0357109], [117.3616809, 0.0387901], [117.3632097, 0.0411397], [117.3644757, 0.0429422], [117.3662509, 0.0453579], [117.3675133, 0.0470757], [117.369835, 0.0503964], [117.3715505, 0.0528501], [117.3734933, 0.0556129], [117.375183, 0.057968], [117.3770878, 0.0606114], [117.3791944, 0.0635], [117.3813264, 0.0664217], [117.3833477, 0.0692278], [117.3851556, 0.0718939], [117.3869258, 0.0746566], [117.389078, 0.0778834], [117.3908365, 0.0805199], [117.3930144, 0.0832879], [117.3950314, 0.0860023], [117.3970967, 0.0887865], [117.3993283, 0.0918817], [117.4012971, 0.0946605], [117.403695, 0.0980347], [117.4048269, 0.0996065], [117.407096, 0.1027983], [117.4086195, 0.1049601], [117.4108056, 0.1081111], [117.4111667, 0.1106389], [117.4115833, 0.1134722], [117.4120556, 0.1172222], [117.4124167, 0.1197222], [117.4127555, 0.1220833], [117.4127778, 0.1249167], [117.4147424, 0.1281557], [117.4158611, 0.13], [117.4175289, 0.1328049], [117.4189167, 0.1351389], [117.42033, 0.1373933], [117.4217778, 0.1398889], [117.4225992, 0.1427336], [117.4235567, 0.1462634], [117.4242219, 0.1486908], [117.4258333, 0.1506111], [117.4275, 0.1525278], [117.4291389, 0.1545278], [117.4309722, 0.1566667], [117.43275, 0.1589167], [117.4345592, 0.1611308]]}, "properties": {"id": "TRM-KLM-0001", "system": "Mahakam", "voltage_class": "150 kV", "voltage_kv_max": 150.0, "voltage_kv_all": "150", "length_km": 57.661, "osm_id": "way/169280831", "osm_voltage": "150000", "source_id": "OSM-overpass", "color": "#1f77b4", "weight": 1.8, "from_id": "GI-KLM-0087", "from_name": "GI Bontang Lestari", "from_distance_km": "", "to_id": "GI-KLM-0087", "to_name": "GI Bontang Lestari", "to_distance_km": 0.08, "endpoint_confidence": "both", "circuit_id": "CIRC-KALIMANTAN-0001", "circuit_from_id": "GI-KLM-0087", "circuit_from_name": "GI Bontang Lestari", "circuit_to_id": "GI-KLM-0087", "circuit_to_name": "GI Bontang Lestari", "circuit_length_km": 57.661, "circuit_segment_count": 1, "match_tier": "UNMATCHED_BASELINE"}}, {"type": "Feature", "geometry": {"type": "LineString", "coordinates": [[110.3482735, 1.3525372], [110.3457801, 1.3542618], [110.3441178, 1.3562263], [110.3409622, 1.3574724], [110.3376691, 1.3588698], [110.3352812, 1.3598946], [110.3329235, 1.3605491], [110.3306753, 1.3611873], [110.3280532, 1.3600367], [110.3246576, 1.3585321], [110.3218386, 1.3572884], [110.3189381, 1.3560027], [110.3155577, 1.3533243], [110.3130299, 1.3513236], [110.3118057, 1.3503373], [110.3108249, 1.3504735], [110.3076739, 1.3509312], [110.3042597, 1.3514273], [110.3020944, 1.3517399], [110.2990085, 1.3521854], [110.297401, 1.3532696], [110.2956467, 1.3544819], [110.2933577, 1.3536411], [110.2917234, 1.3530204], [110.2894088, 1.3521924], [110.2858933, 1.3549849], [110.2816928, 1.3582911], [110.2790299, 1.3603756], [110.2779266, 1.3641392], [110.2769168, 1.3664747], [110.2746463, 1.3672684], [110.2727634, 1.3682713], [110.2700677, 1.3697702], [110.2675438, 1.3710734], [110.2646953, 1.372642], [110.2622679, 1.3739774], [110.2592611, 1.375597], [110.2569973, 1.3768197], [110.2538538, 1.3785895], [110.2511796, 1.3800079], [110.2490285, 1.3811851], [110.2465045, 1.3825178], [110.2441952, 1.3837727], [110.2414888, 1.3852984], [110.23985, 1.3861591], [110.2381924, 1.3851724], [110.2353922, 1.3835742], [110.2328441, 1.3821129], [110.2302557, 1.3805335], [110.2281529, 1.3794073], [110.2263585, 1.378442], [110.2232766, 1.376632], [110.2204978, 1.375538], [110.2174643, 1.374452], [110.2152032, 1.3736073], [110.2122956, 1.3725964], [110.2093023, 1.3713737], [110.2072236, 1.372154], [110.2051449, 1.3728244], [110.2015266, 1.3741651], [110.1984796, 1.3751384], [110.1969936, 1.3741007], [110.1946682, 1.3724999], [110.1921818, 1.3707704], [110.1892313, 1.3687017], [110.1863654, 1.3667227], [110.1837476, 1.3649396], [110.1813725, 1.3632248], [110.1797846, 1.3621267], [110.1773545, 1.3604508], [110.1742512, 1.3602913], [110.1710822, 1.3600768], [110.1675403, 1.3598971], [110.1646073, 1.3597268], [110.1614691, 1.3595686], [110.1589961, 1.3594158], [110.1565728, 1.3592857], [110.1540501, 1.359094], [110.15103, 1.3589519], [110.1489848, 1.3588353], [110.1461671, 1.3601384], [110.1435922, 1.3602551], [110.1419574, 1.3623252], [110.142125, 1.3634031], [110.1418836, 1.3657621], [110.1397942, 1.3667677], [110.1381045, 1.3665557], [110.135958, 1.3662863], [110.1310422, 1.3670981], [110.1286134, 1.3671545], [110.1243541, 1.3672858], [110.1202784, 1.3680594], [110.1173575, 1.3685723], [110.1146874, 1.3675151], [110.1123525, 1.366641], [110.1099104, 1.3656287], [110.1068245, 1.3643765], [110.1039974, 1.3632462], [110.1013246, 1.3621589], [110.0989549, 1.3611842], [110.0960125, 1.3599682], [110.0933424, 1.3589184], [110.0892949, 1.3577788], [110.0863324, 1.3560305], [110.0836368, 1.3547501], [110.0813636, 1.3537378], [110.0786492, 1.3524923], [110.0766657, 1.3516181], [110.0735557, 1.3502667], [110.0697537, 1.3486149], [110.067919, 1.3477716], [110.0659114, 1.3468934], [110.0629503, 1.345672], [110.0601728, 1.3445886], [110.0570172, 1.3432855], [110.054276, 1.3421566], [110.0525191, 1.3414902], [110.0492267, 1.3401481], [110.0457561, 1.3387486], [110.0438429, 1.3379782], [110.0419298, 1.3372582], [110.0393616, 1.3364289], [110.0364621, 1.3354877], [110.0333185, 1.3345009], [110.0312197, 1.3338212], [110.0284705, 1.3328987], [110.0252303, 1.3318704], [110.021604, 1.3306812], [110.0193737, 1.3299598], [110.0155422, 1.3287049], [110.0132489, 1.3279782], [110.010906, 1.3271751], [110.0076351, 1.3261226], [110.0047249, 1.3251989], [110.0017288, 1.3241906], [109.9996515, 1.3235135], [109.9970403, 1.3226447], [109.994228, 1.3210975], [109.9905923, 1.3177135], [109.9877585, 1.3150695], [109.9864362, 1.3138441], [109.9833101, 1.3142933], [109.9789582, 1.3149797], [109.9766153, 1.3142007], [109.9757436, 1.3128935], [109.9712965, 1.3143093], [109.9689442, 1.3148349], [109.9664524, 1.3154999], [109.9626678, 1.3165805], [109.9586284, 1.3177068], [109.9554554, 1.3185809], [109.9507561, 1.3193773], [109.9466738, 1.3201067], [109.9424721, 1.320832], [109.9382839, 1.3216003], [109.9350491, 1.3222599], [109.9306798, 1.3230242], [109.9270964, 1.3236972], [109.9235854, 1.3242737], [109.9205169, 1.3249709], [109.9165486, 1.3258169], [109.9129491, 1.3265088], [109.9098618, 1.3271429], [109.9066097, 1.325534], [109.9035627, 1.3239922], [109.9001375, 1.3221902], [109.8966989, 1.3203534], [109.8936559, 1.3187512], [109.890562, 1.3170873], [109.8865387, 1.3150051], [109.883493, 1.3134378], [109.8800223, 1.3116063], [109.8765273, 1.309795], [109.87331, 1.3081512], [109.8705366, 1.3067944], [109.8678035, 1.3053906], [109.8657435, 1.3043609], [109.8631498, 1.3030201], [109.8602959, 1.2995288], [109.8571444, 1.2955441], [109.8547733, 1.2925944], [109.8527214, 1.2900121], [109.850994, 1.287832], [109.8482475, 1.2843675], [109.8454446, 1.280868], [109.8443985, 1.2789601], [109.8430225, 1.2764395], [109.8411316, 1.2730339], [109.8389885, 1.269025], [109.8372987, 1.2658849], [109.8354855, 1.2625276], [109.832236, 1.2600726], [109.8293218, 1.2579006], [109.8264572, 1.2557982], [109.8235524, 1.2536583], [109.8206288, 1.2515104], [109.8178714, 1.2494697], [109.8145938, 1.2469946], [109.8135692, 1.2445303], [109.8120698, 1.2409021], [109.8110774, 1.2383117], [109.8099858, 1.2358661], [109.8087332, 1.2328225], [109.8073277, 1.2294598], [109.8059356, 1.2260836], [109.8048413, 1.2233082], [109.803637, 1.2203155], [109.8025882, 1.2177707], [109.8012203, 1.2143114], [109.7994071, 1.2099806], [109.7982055, 1.2071542], [109.7967249, 1.2045718], [109.7944584, 1.2008122], [109.7921249, 1.1969319], [109.7901294, 1.1936415], [109.7878146, 1.189855], [109.7852585, 1.185661], [109.7829303, 1.1819523], [109.7812647, 1.1792894], [109.778966, 1.175578], [109.7774532, 1.1730573], [109.7728023, 1.1721133], [109.7688434, 1.1713142], [109.7655067, 1.1706491], [109.7612259, 1.1697722], [109.7576719, 1.1691072], [109.7543943, 1.1684287], [109.7509611, 1.16782], [109.746872, 1.1670504], [109.7419649, 1.1660769], [109.738175, 1.1653475], [109.7333255, 1.1645135], [109.7285445, 1.1635588], [109.7248337, 1.1627181], [109.723282, 1.1624848], [109.7183186, 1.1616508], [109.7140659, 1.1607538], [109.7105509, 1.1600351], [109.7071874, 1.1593339], [109.7038105, 1.15863], [109.6999012, 1.1577785], [109.6962199, 1.156962], [109.6912806, 1.1561494], [109.6878822, 1.1553999], [109.6843578, 1.1547107], [109.6821731, 1.1506735], [109.6810305, 1.148689], [109.6799308, 1.1469647], [109.6783912, 1.1446853], [109.6763889, 1.1415437], [109.6748172, 1.1392133], [109.6721055, 1.1352833], [109.6698859, 1.1320331], [109.6674854, 1.1285308], [109.6650526, 1.1247765], [109.6634433, 1.122363], [109.6608925, 1.1183404], [109.6592188, 1.1158142], [109.6577382, 1.1135884], [109.6562093, 1.1109979], [109.6534628, 1.1074205], [109.6516442, 1.1045296], [109.6497506, 1.1008932], [109.6483505, 1.0979353], [109.6473098, 1.0955057], [109.6457675, 1.0921321], [109.6443191, 1.0893592], [109.6425623, 1.0857576], [109.6406311, 1.0808313], [109.6384853, 1.0762589], [109.6378148, 1.0748993], [109.6361491, 1.0716812], [109.6345425, 1.0682646], [109.6336547, 1.0643439], [109.6327749, 1.0613511], [109.631643, 1.0574679], [109.6306077, 1.0537081], [109.6296769, 1.0505249], [109.6288709, 1.0478163], [109.6279389, 1.0445499], [109.6262678, 1.0399158], [109.6230666, 1.0373735], [109.6207076, 1.0356062], [109.617041, 1.0328922], [109.6143588, 1.0307683], [109.6115559, 1.0285934], [109.6094558, 1.027054], [109.6065804, 1.024863], [109.6044561, 1.0232566], [109.6009344, 1.0206392], [109.5978901, 1.0183061], [109.5953286, 1.0163269], [109.5918658, 1.0136719], [109.5885533, 1.0111162], [109.5854393, 1.0087642], [109.5826229, 1.0066269], [109.5801151, 1.004881], [109.576875, 1.0023521], [109.5732567, 0.9995791], [109.5690349, 0.9964494], [109.5662534, 0.9943657], [109.563531, 0.9925823], [109.559513, 0.9915364], [109.5550686, 0.9896725], [109.5516863, 0.988168], [109.5476657, 0.9864221], [109.5439374, 0.984915], [109.5418158, 0.9839602], [109.5386133, 0.9828097], [109.5353007, 0.9813964], [109.5323315, 0.9801601], [109.5291692, 0.9788165], [109.526436, 0.9776553], [109.5232576, 0.976309], [109.5209053, 0.9753623], [109.5181641, 0.9742011], [109.5148945, 0.9728334], [109.5116463, 0.9714683], [109.5091116, 0.970409], [109.5059252, 0.9690976], [109.5032483, 0.9665713], [109.5007351, 0.9639458], [109.4983855, 0.9615053], [109.4955397, 0.9585151], [109.4929352, 0.9556911], [109.4906098, 0.9530468], [109.4882011, 0.9504294], [109.4858569, 0.9478923], [109.4833463, 0.9453714], [109.481906, 0.9433386], [109.4785452, 0.9400265], [109.4757584, 0.9370121], [109.4735563, 0.9346547], [109.4732103, 0.930522], [109.4729689, 0.9268076], [109.4726282, 0.9232327], [109.4750985, 0.9201915], [109.4769385, 0.9179494], [109.4790924, 0.9152569], [109.4809645, 0.9129451], [109.4826731, 0.9107835], [109.4859937, 0.9097107], [109.4900304, 0.9083779], [109.4934878, 0.9072756], [109.495596, 0.9066065], [109.4961029, 0.9065166]]}, "properties": {"id": "TRM-KLM-0002", "system": "Khatulistiwa", "voltage_class": "275 kV", "voltage_kv_max": 275.0, "voltage_kv_all": "275", "length_km": 127.921, "osm_id": "way/562061280", "osm_voltage": "275000", "source_id": "OSM-overpass", "color": "#9467bd", "weight": 2.5, "from_id": "GI-KLM-0011", "from_name": "GI BENGKAYANG", "from_distance_km": "", "to_id": "GI-KLM-0011", "to_name": "GI BENGKAYANG", "to_distance_km": 0.083, "endpoint_confidence": "both", "circuit_id": "CIRC-KALIMANTAN-0002", "circuit_from_id": "GI-KLM-0011", "circuit_from_name": "GI BENGKAYANG", "circuit_to_id": "GI-KLM-0011", "circuit_to_name": "GI BENGKAYANG", "circuit_length_km": 127.921, "circuit_segment_count": 1, "match_tier": "UNMATCHED_BASELINE"}}, {"type": "Feature", "geometry": {"type": "LineString", "coordinates": [[109.4971021, 0.9055498], [109.49709, 0.9051623], [109.4994879, 0.9037275], [109.5007914, 0.9007882], [109.5005865, 0.8973929], [109.5009537, 0.8946118], [109.5013497, 0.8913727], [109.5017879, 0.8877877], [109.5002402, 0.8859439], [109.4987315, 0.8835611], [109.496811, 0.8806472], [109.4951293, 0.8780029], [109.49352, 0.8756441], [109.4914372, 0.8723427], [109.4900438, 0.8702642], [109.4886504, 0.867939], [109.4871376, 0.8656044], [109.4857147, 0.8634589], [109.483581, 0.8602661], [109.4818711, 0.8578135], [109.4803771, 0.85555], [109.4788362, 0.8532529], [109.4772269, 0.8508258], [109.4751924, 0.8478328], [109.4732746, 0.8451039], [109.4716278, 0.8426902], [109.4692406, 0.8391273], [109.467233, 0.8361262], [109.4639982, 0.8317265], [109.4621971, 0.8316648], [109.4564371, 0.8309259], [109.4525153, 0.8304411], [109.4513932, 0.8303024], [109.4484972, 0.8298836], [109.4454746, 0.8294464], [109.4409433, 0.8287911], [109.4394359, 0.8285404], [109.4381753, 0.8283084], [109.4350223, 0.8278001], [109.4331408, 0.8275199], [109.430197, 0.8270532], [109.4277549, 0.8266804], [109.4251344, 0.8262755], [109.4216837, 0.8257069], [109.4185629, 0.8251678], [109.4174901, 0.8250056], [109.4145316, 0.8245362], [109.410916, 0.8239221], [109.4080916, 0.8234474], [109.4046356, 0.82286], [109.4010226, 0.8222043], [109.3978147, 0.8216304], [109.3952814, 0.8211691], [109.3926126, 0.8207681], [109.3906854, 0.8207212], [109.3879992, 0.8200655], [109.3851279, 0.8196384], [109.3821037, 0.8191938], [109.3802798, 0.8189364], [109.3774527, 0.818514], [109.374505, 0.8180875], [109.3719193, 0.8176826], [109.3684781, 0.8171891], [109.3648463, 0.816709], [109.3626429, 0.8164489], [109.3601766, 0.8142591], [109.3581435, 0.8124662], [109.3546191, 0.8092948], [109.3520361, 0.806987], [109.3492386, 0.8045638], [109.3470137, 0.8026047], [109.3440673, 0.8000756], [109.3410377, 0.7972743], [109.3382093, 0.7946728], [109.333234, 0.7947914], [109.3305214, 0.7949357], [109.3267979, 0.7950228], [109.3236744, 0.7952414], [109.3207562, 0.7953058], [109.3179104, 0.7955646], [109.3160141, 0.7956786], [109.3135109, 0.7957396], [109.3093501, 0.7958649], [109.3067765, 0.7959333], [109.3037952, 0.7960259], [109.3000241, 0.7960487], [109.2953825, 0.7962243], [109.2916435, 0.7962652], [109.2880601, 0.7962961], [109.2840864, 0.7963316], [109.2818172, 0.796636], [109.2792732, 0.7969485], [109.2758091, 0.7973481], [109.2724268, 0.7977115], [109.2689614, 0.7980413], [109.2669055, 0.7965395], [109.2648301, 0.7950208], [109.2616215, 0.794815], [109.2590788, 0.7946567], [109.2557448, 0.7944985], [109.2527783, 0.7943832], [109.2497393, 0.7942169], [109.2471537, 0.7932031], [109.2452359, 0.7925058], [109.2423204, 0.7940131], [109.2406145, 0.7939299], [109.2375058, 0.7937985], [109.2327288, 0.7936403], [109.2288208, 0.7934686], [109.2252803, 0.7932782], [109.222008, 0.7935571], [109.2190039, 0.7922832], [109.2151979, 0.7924388], [109.2131647, 0.7925863], [109.2105737, 0.7927901], [109.2088571, 0.7936456], [109.2066202, 0.7949196], [109.2053542, 0.795692], [109.2021301, 0.797462], [109.1997832, 0.798618], [109.1970634, 0.8000796], [109.1950111, 0.8011708], [109.1928332, 0.8022808], [109.1905794, 0.8034241], [109.1880324, 0.8047274], [109.1859484, 0.8057573], [109.1812652, 0.8080799], [109.1744176, 0.8114511], [109.1726607, 0.8131782], [109.1704023, 0.8153587], [109.1676286, 0.8178567], [109.1658429, 0.819465], [109.163619, 0.8215593], [109.1611937, 0.8237337], [109.1584941, 0.8258361], [109.1560505, 0.82775], [109.1546295, 0.8288144], [109.1528257, 0.8302436], [109.1503966, 0.8321896], [109.1476663, 0.8342093], [109.1450112, 0.8362451], [109.1424698, 0.8383643], [109.1406432, 0.8400029], [109.1380976, 0.8421728], [109.1354857, 0.8443659], [109.1321541, 0.8471633], [109.1296246, 0.8492872], [109.1270763, 0.8514269], [109.1246699, 0.8534475], [109.1219644, 0.8557191], [109.1192101, 0.8580319], [109.1173962, 0.8595549], [109.1145586, 0.8619375], [109.1116351, 0.8643922], [109.108623, 0.8656822], [109.1056135, 0.8669025], [109.1022849, 0.8682622], [109.0992621, 0.8694691], [109.0960013, 0.8707663], [109.0929186, 0.8719927], [109.0896973, 0.8732774], [109.0864277, 0.8745459], [109.0833592, 0.8757581], [109.0799287, 0.8771044], [109.0771311, 0.8781772], [109.0736577, 0.8795905], [109.070836, 0.8806499], [109.0681323, 0.8816931], [109.0654904, 0.8825808], [109.0630871, 0.8834042], [109.060488, 0.8843294], [109.0579319, 0.8852735], [109.0552551, 0.8862765], [109.0531012, 0.8870274], [109.0502608, 0.8880975], [109.0477234, 0.8891702], [109.045186, 0.8901759], [109.0433702, 0.8918629], [109.0412539, 0.8937777], [109.0390813, 0.8957677], [109.0369543, 0.8977281], [109.034307, 0.9000935], [109.031834, 0.90229], [109.0289801, 0.9048002], [109.0292188, 0.9068385], [109.0296185, 0.9097295], [109.0299001, 0.9130229], [109.0301737, 0.9162036], [109.0304473, 0.9190705], [109.0296453, 0.9220205], [109.0289748, 0.9244476], [109.0284222, 0.9267835], [109.0276256, 0.92994], [109.0266412, 0.9337376], [109.0258527, 0.9369799], [109.0252277, 0.9394848], [109.0246484, 0.9417402], [109.0218991, 0.944355], [109.0191954, 0.9465273], [109.0163185, 0.9467069], [109.0131549, 0.9469043], [109.009915, 0.9471066], [109.0071362, 0.9472675]]}, "properties": {"id": "TRM-KLM-0003", "system": "Khatulistiwa", "voltage_class": "150 kV", "voltage_kv_max": 150.0, "voltage_kv_all": "150", "length_km": 69.519, "osm_id": "way/563096961", "osm_voltage": "150000", "source_id": "OSM-overpass", "color": "#1f77b4", "weight": 1.8, "from_id": "GI-KLM-0011", "from_name": "GI BENGKAYANG", "from_distance_km": 0.072, "to_id": "GI-KLM-0011", "to_name": "GI BENGKAYANG", "to_distance_km": "", "endpoint_confidence": "both", "circuit_id": "CIRC-KALIMANTAN-0003", "circuit_from_id": "GI-KLM-0011", "circuit_from_name": "GI BENGKAYANG", "circuit_to_id": "GI-KLM-0011", "circuit_to_name": "GI BENGKAYANG", "circuit_length_km": 69.519, "circuit_segment_count": 1, "match_tier": "UNMATCHED_BASELINE"}}, {"type": "Feature", "geometry": {"type": "LineString", "coordinates": [[109.4973475, 0.9055243], [109.4973636, 0.9051784], [109.4976959, 0.9049966], [109.4978786, 0.9048965], [109.4979815, 0.9048402], [109.4980407, 0.9048078], [109.5002791, 0.9035827], [109.5014781, 0.90229], [109.5020226, 0.8995277], [109.5028326, 0.8951911], [109.5033878, 0.892351], [109.5038491, 0.8899641], [109.504222, 0.887958], [109.5059144, 0.8859681], [109.5076632, 0.884021], [109.5097285, 0.8816985], [109.511354, 0.879907], [109.5134649, 0.8775255], [109.5133683, 0.8746411], [109.5132986, 0.8724406], [109.5132154, 0.8699625], [109.513135, 0.8665297], [109.5130454, 0.8638062], [109.512974, 0.8616379], [109.512911, 0.8592054], [109.5128721, 0.8574219], [109.5127997, 0.8554829], [109.5127112, 0.8524229], [109.5126227, 0.849521], [109.5125476, 0.8470791], [109.5124215, 0.8444495], [109.5124108, 0.8418266], [109.5123571, 0.8391501], [109.5129847, 0.8369804], [109.5138162, 0.8341831], [109.5149454, 0.8302568], [109.5158762, 0.8268038], [109.5169839, 0.8238765], [109.5176867, 0.8218033], [109.5186228, 0.8190544], [109.519642, 0.8162196], [109.5206773, 0.8132775], [109.5219058, 0.8097802], [109.5228955, 0.8071841], [109.524195, 0.8033221], [109.5251915, 0.8005061], [109.5262188, 0.7975398], [109.5268652, 0.7957992], [109.5278603, 0.7929403], [109.5289975, 0.7897648], [109.5300731, 0.7867047], [109.5311138, 0.7837358], [109.5327097, 0.7792113], [109.5337611, 0.7762075], [109.5344853, 0.7740915], [109.5356145, 0.770857], [109.5368537, 0.7672176], [109.5383209, 0.7630176], [109.537763, 0.7594989], [109.5372641, 0.756766], [109.5366418, 0.7529978], [109.5360598, 0.7494602], [109.5357004, 0.7474649], [109.5354496, 0.7459924], [109.5349869, 0.7432166], [109.5345309, 0.7404005], [109.5349306, 0.7380645], [109.5353919, 0.735109], [109.5359445, 0.732022], [109.5341071, 0.7278381], [109.5313981, 0.721589], [109.5309556, 0.719068], [109.5303601, 0.7156135], [109.5300436, 0.7137522], [109.5294079, 0.7099196], [109.5286381, 0.7052235], [109.5283243, 0.7031798], [109.5279863, 0.7010744], [109.5272595, 0.696582], [109.5268491, 0.6939993], [109.5264199, 0.6912153], [109.5259586, 0.6882276], [109.5254651, 0.6853283], [109.5250829, 0.6829896], [109.5245558, 0.6797256], [109.5240945, 0.6769658], [109.5236385, 0.6742247], [109.5230833, 0.6707274], [109.5226514, 0.6683028], [109.5220748, 0.6648537], [109.5215356, 0.6615387], [109.5210877, 0.6588192], [109.5205432, 0.6555364], [109.5201328, 0.6531319], [109.5218843, 0.6519719], [109.5233166, 0.6509742], [109.5258272, 0.649314], [109.5280319, 0.6478523], [109.5319641, 0.6451971], [109.5337008, 0.644017], [109.5365533, 0.6420886], [109.5390102, 0.6404579], [109.5425561, 0.6381272], [109.5457828, 0.6360031], [109.5495969, 0.6334229], [109.5520699, 0.631752], [109.554728, 0.6299363], [109.5570105, 0.6283673], [109.5585957, 0.627273], [109.5608032, 0.625763], [109.5649177, 0.6230086], [109.5674953, 0.6213001], [109.5708132, 0.6190431], [109.5754106, 0.6159871], [109.5771942, 0.6148015], [109.5803283, 0.6126961], [109.5825103, 0.6112424], [109.5849229, 0.6096345], [109.5885198, 0.6072032], [109.5912194, 0.6053794], [109.5933115, 0.6040062], [109.5968655, 0.6016218], [109.6008915, 0.5988352], [109.6035603, 0.5971012], [109.6063726, 0.5952265], [109.6095175, 0.5931197], [109.6110731, 0.5920737], [109.6147907, 0.5895834], [109.6175896, 0.5876443], [109.6205199, 0.5855965], [109.6219032, 0.5846678], [109.6257341, 0.5820012], [109.6318804, 0.5777702], [109.633424, 0.5766732], [109.6358581, 0.5749768], [109.6382466, 0.5732898], [109.6403937, 0.5717315], [109.643257, 0.569728], [109.6454644, 0.5681657], [109.6475512, 0.5666959], [109.6499598, 0.5649955], [109.6543975, 0.5618977], [109.657364, 0.5598526], [109.6597834, 0.5581964], [109.6622336, 0.5565644], [109.6653302, 0.5552783], [109.6681908, 0.5541505], [109.6706061, 0.5531903], [109.6737771, 0.5519592], [109.6771105, 0.5506651], [109.6797417, 0.5496245], [109.6822992, 0.5486361], [109.6863413, 0.5469893], [109.6897423, 0.545604], [109.6939802, 0.5438955], [109.697974, 0.5423037], [109.7013536, 0.5410767], [109.705267, 0.53945], [109.7104704, 0.537423], [109.7142416, 0.5359686], [109.7179431, 0.5345029], [109.7202766, 0.5336097], [109.7235368, 0.5322982], [109.7272155, 0.530821], [109.7383064, 0.5171577], [109.7404334, 0.5145239], [109.7445318, 0.5095647], [109.7465368, 0.5071414], [109.7489293, 0.5056743], [109.7516544, 0.5041321], [109.7542414, 0.5026234], [109.7571664, 0.5009431], [109.7599438, 0.4993593], [109.7654316, 0.4961435], [109.7679663, 0.4947434], [109.7721578, 0.4923209], [109.7745189, 0.4909563], [109.777405, 0.4891391], [109.7801059, 0.4873461], [109.7830497, 0.4854579], [109.7882411, 0.4821348], [109.7909877, 0.4803928], [109.7961415, 0.4770629], [109.7986467, 0.475455], [109.8012029, 0.4737974], [109.8039065, 0.4720474], [109.8064506, 0.4703697], [109.8096022, 0.4683125], [109.8122469, 0.4665785], [109.8150622, 0.4647678], [109.8177454, 0.4630421], [109.8202948, 0.46106], [109.8227638, 0.4591651], [109.8255721, 0.4572528], [109.8281094, 0.455319], [109.8307903, 0.4533463], [109.8330958, 0.4518344], [109.8359042, 0.4498996], [109.8381034, 0.4481899], [109.8410457, 0.4463526], [109.8438513, 0.4443222], [109.846449, 0.4424528], [109.8490092, 0.4407336], [109.8521984, 0.4405471], [109.8555672, 0.4403742], [109.8587872, 0.4402454], [109.8619442, 0.4401354], [109.8651253, 0.4399759], [109.8684619, 0.4398283], [109.8716229, 0.4397103], [109.8747839, 0.4395923], [109.8778912, 0.4395414], [109.8826911, 0.4393791], [109.8868968, 0.4391551], [109.8903863, 0.4389835], [109.8936888, 0.438842], [109.8969503, 0.4387005], [109.8999444, 0.4385905], [109.902467, 0.438494], [109.9056038, 0.4383518], [109.9085703, 0.4382191], [109.9119848, 0.4380648], [109.9161664, 0.4378422], [109.9194487, 0.4376947], [109.9226265, 0.4375123], [109.9265282, 0.4373984], [109.928938, 0.4372649], [109.9323845, 0.4371832], [109.9394396, 0.4367764], [109.9429307, 0.4339098], [109.9450178, 0.4324658], [109.9477248, 0.4305651], [109.9492772, 0.4294468], [109.9522112, 0.4273491], [109.954904, 0.4254535], [109.9567057, 0.4242809], [109.9593598, 0.4223878], [109.9616182, 0.4208134], [109.9644287, 0.4188435], [109.9657745, 0.4178645], [109.967226, 0.416887], [109.9687158, 0.4148626], [109.9699122, 0.4132743], [109.9722645, 0.4100559], [109.9738167, 0.4079195], [109.9761551, 0.4046492], [109.9789226, 0.4010013], [109.981224, 0.3979492], [109.9838555, 0.3958065], [109.9866548, 0.3951067], [109.98906, 0.3917581], [109.9932393, 0.3793626], [109.9940837, 0.3767678], [109.9962635, 0.3703289], [109.9972187, 0.3671229], [109.9987884, 0.3628594], [109.9999861, 0.3593091], [110.0017313, 0.3539277], [110.0014213, 0.3522297], [110.0013054, 0.350112], [110.0015987, 0.3501079]]}, "properties": {"id": "TRM-KLM-0004", "system": "Khatulistiwa", "voltage_class": "150 kV", "voltage_kv_max": 150.0, "voltage_kv_all": "150", "length_km": 95.87, "osm_id": "way/563096962", "osm_voltage": "150000", "source_id": "OSM-overpass", "color": "#1f77b4", "weight": 1.8, "from_id": "GI-KLM-0011", "from_name": "GI BENGKAYANG", "from_distance_km": 0.096, "to_id": "GI-KLM-0013", "to_name": "GI NGABANG", "to_distance_km": 0.045, "endpoint_confidence": "both", "circuit_id": "CIRC-KALIMANTAN-0004", "circuit_from_id": "GI-KLM-0011", "circuit_from_name": "GI BENGKAYANG", "circuit_to_id": "GI-KLM-0013", "circuit_to_name": "GI NGABANG", "circuit_length_km": 95.87, "circuit_segment_count": 1, "match_tier": "UNMATCHED_BASELINE"}}, {"type": "Feature", "geometry": {"type": "LineString", "coordinates": [[109.3282503, 7.64e-05], [109.3282199, 0.000298], [109.3277777, 0.0025279], [109.3256754, 0.0047153], [109.323997, 0.0073278], [109.3226032, 0.0093932], [109.3204504, 0.0102293], [109.3183523, 0.0110849], [109.3158397, 0.012084], [109.313134, 0.0122094], [109.3102285, 0.0122322], [109.3075611, 0.012318], [109.3045557, 0.0123905], [109.3020304, 0.0124525], [109.2993709, 0.0125179], [109.2964916, 0.012605], [109.2939851, 0.0135063], [109.291441, 0.0145255], [109.2891584, 0.0155729], [109.2867444, 0.0167752], [109.2841735, 0.0180734], [109.2819728, 0.0191845], [109.2800651, 0.02014], [109.277348, 0.021406], [109.2749355, 0.0225277], [109.2722437, 0.0237792], [109.2694227, 0.0250907], [109.267676, 0.0276187], [109.2659949, 0.0300287], [109.2642823, 0.0324453], [109.2627352, 0.0346769], [109.2610784, 0.0370668], [109.2594389, 0.0394218], [109.2577706, 0.0417848], [109.2562222, 0.0441974], [109.2544845, 0.0466886], [109.2527865, 0.0491229], [109.2510201, 0.0516553], [109.2491613, 0.0542799], [109.2473307, 0.0569607], [109.2444111, 0.05811], [109.2410034, 0.0594431], [109.2386243, 0.0604275], [109.2357744, 0.061558], [109.2328387, 0.0626403], [109.2301296, 0.0621679], [109.2274147, 0.0616945], [109.2248687, 0.0612506], [109.2222674, 0.060797], [109.2197807, 0.060288], [109.2168738, 0.059752], [109.2146246, 0.0593372], [109.2117365, 0.0587833], [109.2063989, 0.0591829], [109.2058034, 0.0595142]]}, "properties": {"id": "TRM-KLM-0005", "system": "Khatulistiwa", "voltage_class": "150 kV", "voltage_kv_max": 150.0, "voltage_kv_all": "150", "length_km": 16.615, "osm_id": "way/563122291", "osm_voltage": "150000", "source_id": "OSM-overpass", "color": "#1f77b4", "weight": 1.8, "from_id": "GI-KLM-0002", "from_name": "GI SIANTAN", "from_distance_km": 0.026, "to_id": "GI-KLM-0003", "to_name": "GI PARIT BARU", "to_distance_km": 0.055, "endpoint_confidence": "both", "circuit_id": "CIRC-KALIMANTAN-0005", "circuit_from_id": "GI-KLM-0002", "circuit_from_name": "GI SIANTAN", "circuit_to_id": "GI-KLM-0003", "circuit_to_name": "GI PARIT BARU", "circuit_length_km": 16.615, "circuit_segment_count": 1, "match_tier": "CONFIRMED_MATCH", "match_reason": "pair match (GI PARIT BARU — GI SIANTAN), voltage=150 matches", "ruptl_id": "RUPTL-KALIMANTAN-T-0005", "voltage_kv_ruptl": "150", "length_km_ruptl": "35.0", "target_cod_year_ruptl": "2026", "action_type_ruptl": ""}}, {"type": "Feature", "geometry": {"type": "LineString", "coordinates": [[109.2051356, 0.0593023], [109.2046031, 0.0595839], [109.2029884, 0.0607319], [109.2003719, 0.0625276], [109.1981913, 0.0640324], [109.1958927, 0.0657517], [109.1935109, 0.0675152], [109.1912685, 0.0693324], [109.1892502, 0.0709578], [109.1867343, 0.0729185], [109.1842505, 0.0748309], [109.1819626, 0.0766226], [109.1805249, 0.0786772], [109.1786984, 0.0813246], [109.1769308, 0.0838378], [109.1753966, 0.0860399], [109.1736156, 0.0886497], [109.1719392, 0.0911334], [109.1701341, 0.0936976], [109.1699141, 0.0960177], [109.1696486, 0.0984182], [109.1696539, 0.1002368], [109.1694877, 0.1036351], [109.1692436, 0.1066955], [109.1690344, 0.1096808], [109.1688037, 0.1127761], [109.1685516, 0.1158097], [109.1683182, 0.118921], [109.1680849, 0.121968], [109.1678435, 0.1253261], [109.1675752, 0.1286762], [109.167299, 0.1319887], [109.1670442, 0.1352208], [109.1668081, 0.1385118], [109.1665238, 0.1417224], [109.1662744, 0.144984], [109.1660571, 0.1481758], [109.1657111, 0.1512335], [109.1651478, 0.154428], [109.1645873, 0.1576252], [109.1640374, 0.1606427], [109.1634768, 0.1637889], [109.1629404, 0.1668385], [109.162412, 0.1699526], [109.1619104, 0.1727581], [109.1613659, 0.1759392], [109.1608268, 0.1790023], [109.1603923, 0.1816228], [109.1597432, 0.1845088], [109.1592658, 0.1872259], [109.1588607, 0.1900744], [109.158394, 0.1927432], [109.1579273, 0.1954066], [109.1564763, 0.1979064], [109.1549984, 0.2003982], [109.1532844, 0.2032976], [109.151828, 0.2057813], [109.1505674, 0.208088], [109.1490599, 0.2105449], [109.1475472, 0.2131091], [109.1462785, 0.215515], [109.1446316, 0.2182455], [109.1429579, 0.2211288], [109.1415015, 0.2234033], [109.1400665, 0.2259299], [109.1397178, 0.2292424], [109.1393746, 0.2324569], [109.1390419, 0.2355724], [109.1387415, 0.2387213], [109.1384464, 0.2418487], [109.1381246, 0.2450083], [109.1379181, 0.248184], [109.1375747, 0.2513973], [109.1374969, 0.2545998], [109.1369525, 0.2574671], [109.1347316, 0.2595082], [109.132728, 0.2613509], [109.1307378, 0.2631747], [109.1286296, 0.2650174], [109.126642, 0.2668413], [109.1244373, 0.2688315], [109.122144, 0.2708646], [109.1199632, 0.272874], [109.1178417, 0.2748288], [109.1148081, 0.2757193], [109.111788, 0.2766098], [109.1083413, 0.2776183], [109.1057557, 0.2783773], [109.1027409, 0.279292], [109.1000453, 0.2801047], [109.0970358, 0.2810086], [109.0939486, 0.2819661], [109.0910572, 0.2828807], [109.0881631, 0.2837739], [109.0854004, 0.2852893], [109.0825465, 0.2868101], [109.0798831, 0.2883604], [109.0771821, 0.289857], [109.0744892, 0.2913537], [109.0718901, 0.2927967], [109.069393, 0.2942102], [109.0668717, 0.2955942], [109.0640876, 0.2971284], [109.0613517, 0.2987189], [109.0586024, 0.3002371], [109.0558505, 0.3017686], [109.0531763, 0.3032572], [109.0506685, 0.3046814], [109.0479165, 0.3061995], [109.0451539, 0.3077096], [109.0421203, 0.3085437], [109.0392718, 0.3093082], [109.0360156, 0.3101155], [109.0329927, 0.3109577], [109.0299189, 0.3117489], [109.0269095, 0.312559], [109.0239349, 0.3134092], [109.0207136, 0.3142058], [109.0177658, 0.3149193], [109.0147135, 0.315681], [109.0116852, 0.3164776], [109.0083164, 0.3164696], [109.0060768, 0.3163864], [109.0019891, 0.3163971], [109.0017669, 0.3163925], [108.9992881, 0.3163408], [108.995946, 0.3163515], [108.9925531, 0.3163623], [108.9893022, 0.3163354], [108.9859092, 0.3164508], [108.985692, 0.3161651]]}, "properties": {"id": "TRM-KLM-0006", "system": "Khatulistiwa", "voltage_class": "150 kV", "voltage_kv_max": 150.0, "voltage_kv_all": "150", "length_km": 42.939, "osm_id": "way/563237597", "osm_voltage": "150000", "source_id": "OSM-overpass", "color": "#1f77b4", "weight": 1.8, "from_id": "GI-KLM-0003", "from_name": "GI PARIT BARU", "from_distance_km": 0.028, "to_id": "GI-KLM-0003", "to_name": "GI PARIT BARU", "to_distance_km": "", "endpoint_confidence": "both", "circuit_id": "CIRC-KALIMANTAN-0006", "circuit_from_id": "GI-KLM-0003", "circuit_from_name": "GI PARIT BARU", "circuit_to_id": "GI-KLM-0003", "circuit_to_name": "GI PARIT BARU", "circuit_length_km": 42.939, "circuit_segment_count": 1, "match_tier": "UNMATCHED_BASELINE"}}, {"type": "Feature", "geometry": {"type": "LineString", "coordinates": [[110.0933397, 0.0020573], [110.0932109, 0.002422], [110.0910786, 0.0037846], [110.0895095, 0.0067726], [110.0881791, 0.0090337], [110.08672, 0.0115764], [110.0855076, 0.0137973], [110.0839949, 0.0164795], [110.0824821, 0.0190866], [110.0799555, 0.023641], [110.0787377, 0.025422], [110.0764203, 0.0253952], [110.0714797, 0.0256848], [110.0686151, 0.0257653], [110.0654018, 0.0258565], [110.0620383, 0.0259745], [110.0593722, 0.0260925], [110.0571728, 0.0261676], [110.0539219, 0.0262857], [110.0505745, 0.0263339], [110.0475168, 0.0264144], [110.0452638, 0.0264144], [110.0430322, 0.0264466], [110.041101, 0.0265002], [110.0390088, 0.0265002], [110.0371742, 0.0265592], [110.0350392, 0.0281096], [110.0332314, 0.0293487], [110.030989, 0.0310224], [110.0288111, 0.0325888], [110.0266814, 0.0341499], [110.0240046, 0.0361776], [110.0212848, 0.0382912], [110.0189245, 0.039922], [110.0161886, 0.0419712], [110.0133991, 0.0439346], [110.0111675, 0.0457317], [110.0088394, 0.0474429], [110.0056422, 0.0476843], [110.0020212, 0.0480062], [109.9994141, 0.0483227], [109.9964154, 0.0485212], [109.9931699, 0.0487947], [109.9901068, 0.0490147], [109.9869472, 0.0493044], [109.9835193, 0.0496101], [109.9801719, 0.0498784], [109.9770176, 0.0500822], [109.9739063, 0.0503612], [109.9707627, 0.0506401], [109.9675659, 0.0508858], [109.9648623, 0.0510936], [109.9615391, 0.051349], [109.9585479, 0.0515789], [109.9547768, 0.0517398], [109.9511343, 0.0519115], [109.9477333, 0.0520617], [109.9452549, 0.0522226], [109.9427336, 0.0522441], [109.94003, 0.052346], [109.9373209, 0.0524747], [109.9346012, 0.0525713], [109.9319673, 0.0526518], [109.9292475, 0.0527751], [109.9261254, 0.0528771], [109.9229872, 0.0529844], [109.9198008, 0.0531077], [109.9166411, 0.0532204], [109.9135512, 0.053333], [109.9104077, 0.0534135], [109.9077201, 0.0535208], [109.9053651, 0.0536442], [109.9025059, 0.0537461], [109.8991048, 0.0538856], [109.896208, 0.0541162], [109.893145, 0.0554198], [109.8896742, 0.0543684], [109.8873514, 0.0517344], [109.8855168, 0.0496316], [109.8833656, 0.0472713], [109.8812896, 0.0449699], [109.8792672, 0.0425291], [109.8772448, 0.0400883], [109.8754531, 0.0377709], [109.8737258, 0.0354642], [109.871783, 0.0326659], [109.8699278, 0.0308132], [109.8681816, 0.028941], [109.865824, 0.0267202], [109.8639035, 0.0245637], [109.8618114, 0.0221604], [109.8600894, 0.0201488], [109.8580348, 0.0177348], [109.8562753, 0.0156856], [109.8545346, 0.0136256], [109.8524612, 0.0112653], [109.8502189, 0.0117534], [109.8475796, 0.0124079], [109.8449027, 0.0130141], [109.8419255, 0.0137866], [109.8390663, 0.0144839], [109.8360944, 0.015235], [109.8334551, 0.0159591], [109.8298609, 0.0169194], [109.826889, 0.0176275], [109.8239601, 0.0184643], [109.8209345, 0.0192475], [109.8179734, 0.02002], [109.8148084, 0.0208354], [109.8118257, 0.0215972], [109.8086393, 0.0223696], [109.8057103, 0.0231958], [109.8025882, 0.0239682], [109.7994447, 0.0247836], [109.7964942, 0.0255454], [109.793812, 0.0261784], [109.791221, 0.026806], [109.788233, 0.027616], [109.785186, 0.0284958], [109.7821283, 0.0292575], [109.7791135, 0.0300408], [109.7760826, 0.0308186], [109.7730088, 0.0316286], [109.7699833, 0.0324333], [109.7673333, 0.0309849], [109.7649515, 0.0296116], [109.7626555, 0.028249], [109.7602844, 0.0269508], [109.7575056, 0.0254166], [109.7548342, 0.0239253], [109.7520447, 0.0222731], [109.7494054, 0.0207281], [109.7467017, 0.0192475], [109.7441482, 0.0177991], [109.7412622, 0.0162006], [109.7385371, 0.0146663], [109.7358334, 0.0131536], [109.733119, 0.0116515], [109.7303295, 0.010128], [109.7275293, 0.0085509], [109.7248793, 0.0070703], [109.7221219, 0.0055146], [109.719826, 0.0042808], [109.717176, 0.0028002], [109.714601, 0.001384], [109.7000456, -0.0063984], [109.6868241, -0.0095165], [109.6837127, -0.0101924], [109.6807194, -0.0109434], [109.6776616, -0.0115871], [109.6745503, -0.0123167], [109.6715033, -0.0129819], [109.6684027, -0.0136471], [109.6653879, -0.0142908], [109.6623838, -0.0149774], [109.6592617, -0.0156534], [109.6560967, -0.0164258], [109.6530819, -0.0170267], [109.6499812, -0.017724], [109.646827, -0.0184214], [109.6438873, -0.0190759], [109.6408725, -0.0197089], [109.6376967, -0.0204599], [109.6347356, -0.0210714], [109.6315384, -0.0217795], [109.6284592, -0.0224662], [109.6254551, -0.0231099], [109.6224725, -0.0238395], [109.6193933, -0.0245261], [109.6163463, -0.0251806], [109.6128917, -0.0259745], [109.6111643, -0.0263607], [109.6079886, -0.0270045], [109.6052527, -0.0271118], [109.602077, -0.027262], [109.5994699, -0.0273371], [109.5967448, -0.0274444], [109.5936227, -0.0275624], [109.5906293, -0.0277233], [109.5874643, -0.0278842], [109.58431, -0.0280023], [109.5811343, -0.0281739], [109.57798, -0.0283134], [109.5748258, -0.0284636], [109.57165, -0.0286567], [109.5684957, -0.0286996], [109.5652771, -0.0288713], [109.5621979, -0.0289893], [109.5590007, -0.0290751], [109.5556641, -0.0292468], [109.5526922, -0.0293648], [109.5499563, -0.0294721], [109.5459545, -0.0295901], [109.5436692, -0.0307917], [109.5412981, -0.0320041], [109.5384657, -0.0334096], [109.5362449, -0.0345898], [109.5336914, -0.0359201], [109.5309341, -0.03739], [109.5281339, -0.0388813], [109.5254087, -0.0402975], [109.5225334, -0.0417566], [109.5197225, -0.0431943], [109.5169008, -0.0446105], [109.514122, -0.0460267], [109.5113003, -0.0474644], [109.5084143, -0.0489449], [109.5061934, -0.0500822], [109.5033932, -0.0514072], [109.5005286, -0.0529253], [109.497621, -0.0543308], [109.4952822, -0.0539231], [109.4830352, -0.051493], [109.4803101, -0.051021], [109.4768125, -0.0503343], [109.4739801, -0.0497121], [109.4706488, -0.0491917], [109.4675159, -0.0486445], [109.4645709, -0.0480491], [109.4617116, -0.0475126], [109.4555855, -0.0463486], [109.4525063, -0.0457692], [109.4494325, -0.0452006], [109.4406134, -0.0434732], [109.4374537, -0.0428724], [109.4349968, -0.0422233], [109.4347501, -0.0392944], [109.4344443, -0.0368535], [109.4341654, -0.0343215], [109.4327974, -0.0295526], [109.4319123, -0.0252879], [109.4313168, -0.0225627], [109.430539, -0.0194675], [109.4300508, -0.017193], [109.4285488, -0.0074458], [109.4282269, -0.0045812], [109.4278943, -0.001266], [109.4276798, 0.0014377], [109.4252229, 0.0033259], [109.4224334, 0.0054932], [109.4201902, 0.0060308], [109.4170099, 0.0066626], [109.4139522, 0.0072956], [109.4107926, 0.0080037], [109.4074774, 0.0087118], [109.4037974, 0.0095165], [109.4015872, 0.0100315], [109.3984276, 0.0106806], [109.3950587, 0.0106645], [109.391765, 0.0106269], [109.3882835, 0.0105411], [109.3851185, 0.0105035], [109.3817282, 0.0104794], [109.3784076, 0.0104284], [109.3762913, 0.0118393], [109.3743803, 0.012998], [109.3725805, 0.0141594], [109.3708089, 0.0152926], [109.3688643, 0.0165559], [109.3668754, 0.0178595], [109.3649107, 0.0191684], [109.3625879, 0.0206195], [109.3605199, 0.0219727], [109.3583581, 0.0233889], [109.3561506, 0.0248104], [109.3539633, 0.026236], [109.3516968, 0.0276026], [109.3492252, 0.0275087], [109.3467629, 0.027317], [109.3442363, 0.0271252], [109.3416345, 0.0269294], [109.338963, 0.0267309], [109.336419, 0.0265485], [109.3337609, 0.0263433], [109.3324493, 0.0242847], [109.3320939, 0.0219592], [109.3317063, 0.0195037], [109.3313885, 0.017547], [109.3309486, 0.0149077], [109.3305704, 0.0121692], [109.3302123, 0.0097646], [109.3299079, 0.007773], [109.329409, 0.0047261], [109.3290925, 0.0023335], [109.3285105, 0.0002226], [109.3283898, 2.7e-06]]}, "properties": {"id": "TRM-KLM-0007", "system": "Khatulistiwa", "voltage_class": "150 kV", "voltage_kv_max": 150.0, "voltage_kv_all": "150", "length_km": 99.358, "osm_id": "way/563399564", "osm_voltage": "150000", "source_id": "OSM-overpass", "color": "#1f77b4", "weight": 1.8, "from_id": "GI-KLM-0005", "from_name": "GI TAYAN", "from_distance_km": 0.048, "to_id": "GI-KLM-0002", "to_name": "GI SIANTAN", "to_distance_km": 0.033, "endpoint_confidence": "both", "circuit_id": "CIRC-KALIMANTAN-0007", "circuit_from_id": "GI-KLM-0005", "circuit_from_name": "GI TAYAN", "circuit_to_id": "GI-KLM-0002", "circuit_to_name": "GI SIANTAN", "circuit_length_km": 99.358, "circuit_segment_count": 1, "match_tier": "CONFIRMED_MATCH", "match_reason": "pair match (GI SIANTAN — GI TAYAN), voltage=150 matches", "ruptl_id": "RUPTL-KALIMANTAN-T-0015", "voltage_kv_ruptl": "150", "length_km_ruptl": "200.0", "target_cod_year_ruptl": "2028", "action_type_ruptl": ""}}, {"type": "Feature", "geometry": {"type": "LineString", "coordinates": [[109.3286727, -0.0002012], [109.3288839, 0.0001009], [109.3292253, 0.0023711], [109.3295565, 0.0044806], [109.3299642, 0.0071025], [109.3303773, 0.0097418], [109.3307407, 0.0122161], [109.3311363, 0.0147361], [109.3314783, 0.016969], [109.331874, 0.0194916], [109.3322441, 0.0219217], [109.3326209, 0.0243102], [109.3338628, 0.0261851], [109.3364404, 0.0263835], [109.3390435, 0.026574], [109.3416479, 0.0267698], [109.3442537, 0.0269642], [109.3467696, 0.0271533], [109.3492528, 0.0273307], [109.3516459, 0.027439], [109.3538721, 0.0261033], [109.3560661, 0.024683], [109.3582682, 0.023248], [109.3604422, 0.0218453], [109.3626094, 0.0204264], [109.3647994, 0.0190021], [109.3667856, 0.0177267], [109.3687892, 0.0164258], [109.3707231, 0.0151652], [109.3725014, 0.0140293], [109.3742797, 0.0128652], [109.3760607, 0.0117145], [109.3762109, 0.0092684], [109.3763611, 0.0067967], [109.376522, 0.0043908], [109.3766615, 0.0019097], [109.3768398, -0.0005378], [109.3769887, -0.0030309], [109.3770846, -0.0046623], [109.3771362, -0.0055388], [109.3776365, -0.0078481], [109.3781085, -0.0103909], [109.3786906, -0.0128666], [109.3792123, -0.0152859], [109.3796656, -0.0174424], [109.3802395, -0.0201957], [109.3801036, -0.0215544], [109.3799727, -0.0228336], [109.379856, -0.0264573], [109.3794174, -0.0302191], [109.3795502, -0.0333881], [109.3796357, -0.0343407], [109.3798131, -0.0363171], [109.3785726, -0.0386479], [109.3784851, -0.0392947], [109.3783985, -0.0398011], [109.3781635, -0.0416708], [109.3779704, -0.0441746], [109.3778014, -0.0466892], [109.3776226, -0.0491939], [109.377446, -0.0516674], [109.377414, -0.0520366], [109.3772744, -0.0541551], [109.3786228, -0.056154], [109.3796826, -0.0577707], [109.379938, -0.0581603], [109.3799472, -0.0581744], [109.3815887, -0.0605669], [109.3832235, -0.0630011], [109.3845713, -0.0650208], [109.3836848, -0.0673784], [109.3826669, -0.0698769], [109.3822791, -0.0706412], [109.3811998, -0.0727683], [109.3809758, -0.0729883], [109.3808819, -0.0730835]]}, "properties": {"id": "TRM-KLM-0008", "system": "Khatulistiwa", "voltage_class": "150 kV", "voltage_kv_max": 150.0, "voltage_kv_all": "150", "length_km": 18.084, "osm_id": "way/563399565", "osm_voltage": "150000", "source_id": "OSM-overpass", "color": "#1f77b4", "weight": 1.8, "from_id": "GI-KLM-0002", "from_name": "GI SIANTAN", "from_distance_km": 0.062, "to_id": "GI-KLM-0001", "to_name": "GI SEI RAYA", "to_distance_km": 0.038, "endpoint_confidence": "both", "circuit_id": "CIRC-KALIMANTAN-0008", "circuit_from_id": "GI-KLM-0002", "circuit_from_name": "GI SIANTAN", "circuit_to_id": "GI-KLM-0001", "circuit_to_name": "GI SEI RAYA", "circuit_length_km": 18.084, "circuit_segment_count": 1, "match_tier": "UNMATCHED_BASELINE"}}, {"type": "Feature", "geometry": {"type": "LineString", "coordinates": [[109.0071362, 0.9472675], [109.0096964, 0.9490898], [109.0119468, 0.9507096], [109.0129077, 0.953077], [109.0132785, 0.9555047], [109.0139531, 0.9582804], [109.0142857, 0.9598185], [109.0149763, 0.9625285], [109.0158601, 0.9658794], [109.0164958, 0.9683105], [109.0171824, 0.9708998], [109.0178758, 0.9735213], [109.0185758, 0.9761964], [109.0192518, 0.9787253], [109.0199438, 0.9812972], [109.0205929, 0.9837323], [109.021254, 0.9861861], [109.0219071, 0.9886239], [109.0226005, 0.9911341], [109.0232952, 0.9937904], [109.0239845, 0.9964105], [109.0246725, 0.9990186], [109.0253967, 1.0018036], [109.0260579, 1.0043272], [109.0267378, 1.0069554], [109.0274337, 1.0096039], [109.0281674, 1.0123967], [109.0287656, 1.014805], [109.0294616, 1.0174465], [109.0301402, 1.0200452], [109.0308899, 1.0229308], [109.0313633, 1.0256126], [109.0319118, 1.0285987], [109.0323865, 1.0308916], [109.0328707, 1.0336338], [109.033277, 1.0361291], [109.0339047, 1.0388337], [109.0342426, 1.0411239], [109.0347214, 1.0437026], [109.0351465, 1.0461724], [109.0356722, 1.0488648], [109.0361497, 1.0515573], [109.0366231, 1.0540259], [109.0371032, 1.0565534], [109.0375632, 1.0590247], [109.0380621, 1.0617534], [109.0385449, 1.064297], [109.0390974, 1.0673823], [109.0396919, 1.0705033], [109.0401354, 1.0728316], [109.0405029, 1.0748872], [109.0410621, 1.0777298], [109.04162, 1.0806811], [109.0421632, 1.083151], [109.0426554, 1.0853647], [109.0433249, 1.088332], [109.0439395, 1.091056], [109.044494, 1.09354], [109.0450814, 1.0961198], [109.0456983, 1.0988819], [109.0464145, 1.1021215], [109.046782, 1.1044894], [109.0474029, 1.1069107], [109.0480332, 1.1093688], [109.0491584, 1.1143567], [109.0497109, 1.1169312], [109.050305, 1.1195659], [109.0509099, 1.1222651], [109.0514396, 1.1245646], [109.0520444, 1.1272892], [109.0525782, 1.1297027], [109.0531133, 1.1320868], [109.0536444, 1.1344212], [109.0547642, 1.139385], [109.0567678, 1.1414431], [109.0589833, 1.1435952], [109.06048, 1.1450245], [109.0627961, 1.1474246], [109.0646455, 1.1493179], [109.0665887, 1.1512326], [109.0682651, 1.1529194], [109.070887, 1.1555796], [109.0727444, 1.157446], [109.0745361, 1.1592159], [109.0767315, 1.1614363], [109.0787271, 1.1634409], [109.0806985, 1.1654642], [109.0826954, 1.1674526], [109.0848547, 1.1696419], [109.0863995, 1.1712083], [109.0883428, 1.173182], [109.0903571, 1.1752334], [109.0924305, 1.1773345], [109.094426, 1.1793685], [109.0962473, 1.1812041], [109.0982294, 1.1832126], [109.1000023, 1.1850268], [109.1020676, 1.1871292], [109.1043475, 1.189422], [109.1066448, 1.1917174], [109.1089663, 1.1939807], [109.1112716, 1.1956514], [109.1136038, 1.1972268], [109.1159427, 1.1988439], [109.1182964, 1.2004434], [109.1206433, 1.2020605], [109.122891, 1.2035903], [109.1252325, 1.2052194], [109.1275567, 1.2068056], [109.1298527, 1.2083354], [109.131698, 1.2096709], [109.1341428, 1.2112812], [109.1363302, 1.212799], [109.1385323, 1.2142739], [109.1407408, 1.2157915], [109.1429633, 1.2173188], [109.1452163, 1.2188259], [109.147397, 1.2203182], [109.1498039, 1.2219779], [109.1521043, 1.2235643], [109.1546202, 1.2252724], [109.1567565, 1.2266213], [109.1587736, 1.2279138], [109.1596547, 1.2306075], [109.1606873, 1.2333454], [109.1617388, 1.2360806], [109.162699, 1.2385906], [109.1644371, 1.2431251], [109.166615, 1.2488074], [109.1678596, 1.2520038], [109.1696593, 1.2540311], [109.1714886, 1.2561173], [109.1731964, 1.2580544], [109.1749044, 1.2599916], [109.1772017, 1.2625973], [109.1791438, 1.2647919], [109.1817681, 1.2659654], [109.1842774, 1.2671814], [109.1867663, 1.2685144], [109.1891295, 1.2697799], [109.1941211, 1.2723863], [109.1965914, 1.2736078], [109.1990335, 1.2748024], [109.2015548, 1.276044], [109.2040104, 1.277189], [109.2070278, 1.2787067], [109.2087552, 1.2795648], [109.2109452, 1.2806334], [109.2129274, 1.2815894], [109.2158738, 1.2829891], [109.2183226, 1.2848823], [109.2208466, 1.286628], [109.2226742, 1.2878506], [109.2248806, 1.2894047], [109.2269486, 1.2908702], [109.2292204, 1.2924764], [109.2314494, 1.2940746], [109.2380905, 1.2988182], [109.2402658, 1.3003494], [109.2428407, 1.3022318], [109.2450133, 1.3038246], [109.2472824, 1.3054603], [109.2494979, 1.3070692], [109.251802, 1.3087639], [109.2536607, 1.310094], [109.2554069, 1.3113516], [109.2573595, 1.3127674], [109.2585745, 1.3160147], [109.2593873, 1.3180178], [109.2601114, 1.3198895], [109.2608786, 1.3218068], [109.2615706, 1.3235256], [109.2625469, 1.3259792], [109.2635125, 1.3284435], [109.2645961, 1.3314199], [109.2656153, 1.3342408], [109.2665702, 1.336866], [109.2674875, 1.3393839], [109.268252, 1.3415532], [109.2686838, 1.3424247]]}, "properties": {"id": "TRM-KLM-0009", "system": "Khatulistiwa", "voltage_class": "150 kV", "voltage_kv_max": 150.0, "voltage_kv_all": "150", "length_km": 55.967, "osm_id": "way/563399567", "osm_voltage": "150000", "source_id": "OSM-overpass", "color": "#1f77b4", "weight": 1.8, "from_id": "GI-KLM-0010", "from_name": "GI SAMBAS", "from_distance_km": "", "to_id": "GI-KLM-0010", "to_name": "GI SAMBAS", "to_distance_km": 0.057, "endpoint_confidence": "both", "circuit_id": "CIRC-KALIMANTAN-0009", "circuit_from_id": "GI-KLM-0010", "circuit_from_name": "GI SAMBAS", "circuit_to_id": "GI-KLM-0010", "circuit_to_name": "GI SAMBAS", "circuit_length_km": 55.967, "circuit_segment_count": 1, "match_tier": "UNMATCHED_BASELINE"}}, {"type": "Feature", "geometry": {"type": "LineString", "coordinates": [[108.8664543, 0.8299373], [108.8657339, 0.830086]]}, "properties": {"id": "TRM-KLM-0010", "system": "Khatulistiwa", "voltage_class": "150 kV", "voltage_kv_max": 150.0, "voltage_kv_all": "150", "length_km": 0.082, "osm_id": "way/563399570", "osm_voltage": "150000", "source_id": "OSM-overpass", "color": "#1f77b4", "weight": 1.8, "from_id": "GI-KLM-0015", "from_name": "GIS PLTU Kalbar1", "from_distance_km": 2.763, "to_id": "GI-KLM-0015", "to_name": "GIS PLTU Kalbar1", "to_distance_km": "", "endpoint_confidence": "both", "circuit_id": "CIRC-KALIMANTAN-0010", "circuit_from_id": "GI-KLM-0015", "circuit_from_name": "GIS PLTU Kalbar1", "circuit_to_id": "GI-KLM-0015", "circuit_to_name": "GIS PLTU Kalbar1", "circuit_length_km": 0.082, "circuit_segment_count": 1, "match_tier": "UNMATCHED_BASELINE"}}, {"type": "Feature", "geometry": {"type": "LineString", "coordinates": [[108.8664543, 0.8299373], [108.8655186, 0.8304284]]}, "properties": {"id": "TRM-KLM-0011", "system": "Khatulistiwa", "voltage_class": "150 kV", "voltage_kv_max": 150.0, "voltage_kv_all": "150", "length_km": 0.117, "osm_id": "way/563399571", "osm_voltage": "150000", "source_id": "OSM-overpass", "color": "#1f77b4", "weight": 1.8, "from_id": "GI-KLM-0015", "from_name": "GIS PLTU Kalbar1", "from_distance_km": 2.763, "to_id": "GI-KLM-0015", "to_name": "GIS PLTU Kalbar1", "to_distance_km": "", "endpoint_confidence": "both", "circuit_id": "CIRC-KALIMANTAN-0011", "circuit_from_id": "GI-KLM-0015", "circuit_from_name": "GIS PLTU Kalbar1", "circuit_to_id": "GI-KLM-0015", "circuit_to_name": "GIS PLTU Kalbar1", "circuit_length_km": 0.117, "circuit_segment_count": 1, "match_tier": "UNMATCHED_BASELINE"}}, {"type": "Feature", "geometry": {"type": "LineString", "coordinates": [[108.9389572, 0.8315508], [108.9353295, 0.8306631], [108.9326781, 0.830006], [108.9299248, 0.8293087], [108.9270964, 0.8285913], [108.9241192, 0.8278605], [108.9208496, 0.8270586], [108.9174968, 0.8269352], [108.9141253, 0.8267971], [108.9116228, 0.8265906], [108.9092571, 0.8263895], [108.9059445, 0.8260167], [108.9028144, 0.8255929], [108.8997889, 0.8251517], [108.8970517, 0.8257619], [108.8942072, 0.8263412], [108.8913587, 0.827005], [108.8885692, 0.8275963], [108.8857529, 0.8282534], [108.8831377, 0.8288783], [108.8802838, 0.8295273], [108.8775989, 0.8301576], [108.8751581, 0.8301039], [108.8725698, 0.8300154], [108.8702926, 0.8299484]]}, "properties": {"id": "TRM-KLM-0012", "system": "Khatulistiwa", "voltage_class": "150 kV", "voltage_kv_max": 150.0, "voltage_kv_all": "150", "length_km": 7.769, "osm_id": "way/563399573", "osm_voltage": "150000", "source_id": "OSM-overpass", "color": "#1f77b4", "weight": 1.8, "from_id": "", "from_name": "", "from_distance_km": "", "to_id": "", "to_name": "", "to_distance_km": "", "endpoint_confidence": "none", "circuit_id": "", "circuit_from_id": "", "circuit_from_name": "", "circuit_to_id": "", "circuit_to_name": "", "circuit_length_km": "", "circuit_segment_count": "", "match_tier": "BASELINE_UNRESOLVED"}}, {"type": "Feature", "geometry": {"type": "LineString", "coordinates": [[108.9389572, 0.8315508], [108.9390491, 0.8331441], [108.9391355, 0.8362281], [108.9391369, 0.8393753], [108.9391382, 0.8425038], [108.939157, 0.8456497], [108.939169, 0.848809], [108.9391704, 0.851971], [108.9391201, 0.8551785], [108.9391268, 0.8585497], [108.9391295, 0.8617385], [108.9391335, 0.8650815], [108.9401621, 0.8673731], [108.9411827, 0.869571], [108.9424722, 0.8725881], [108.9443792, 0.8750353], [108.9462689, 0.8774812], [108.9481786, 0.8800357], [108.9501393, 0.8825513], [108.9520825, 0.8850334], [108.9541666, 0.8877113], [108.9559945, 0.8900593], [108.9579794, 0.8925172], [108.9584107, 0.8931774], [108.9596276, 0.8951428], [108.9613201, 0.8978904], [108.9629629, 0.9004529], [108.9648968, 0.9032273], [108.9668843, 0.9059628], [108.968908, 0.9086688], [108.9708634, 0.9114285], [108.9718571, 0.9143397], [108.9736703, 0.9166622], [108.9754593, 0.9188224], [108.9766248, 0.9205817], [108.9775246, 0.9219682], [108.9800379, 0.9233588], [108.9822534, 0.9246179], [108.9847477, 0.9260819], [108.9861922, 0.9269297]]}, "properties": {"id": "TRM-KLM-0013", "system": "Khatulistiwa", "voltage_class": "150 kV", "voltage_kv_max": 150.0, "voltage_kv_all": "150", "length_km": 12.507, "osm_id": "way/563399574", "osm_voltage": "150000", "source_id": "OSM-overpass", "color": "#1f77b4", "weight": 1.8, "from_id": "GI-KLM-0009", "from_name": "GI SINGKAWANG", "from_distance_km": "", "to_id": "GI-KLM-0009", "to_name": "GI SINGKAWANG", "to_distance_km": 0.198, "endpoint_confidence": "both", "circuit_id": "CIRC-KALIMANTAN-0012", "circuit_from_id": "GI-KLM-0009", "circuit_from_name": "GI SINGKAWANG", "circuit_to_id": "GI-KLM-0009", "circuit_to_name": "GI SINGKAWANG", "circuit_length_km": 12.507, "circuit_segment_count": 1, "match_tier": "UNMATCHED_BASELINE"}}, {"type": "Feature", "geometry": {"type": "LineString", "coordinates": [[108.985289, 0.3164535], [108.9854425, 0.3166613], [108.9847492, 0.3186059], [108.9836428, 0.3214865], [108.9825726, 0.3243323], [108.9814192, 0.3272961], [108.9804268, 0.3298978], [108.9794478, 0.33236], [108.9783132, 0.3354378], [108.9773235, 0.3381763], [108.9762211, 0.341116], [108.9752609, 0.3436426], [108.9739546, 0.3472823], [108.973048, 0.3497472], [108.9718839, 0.3527646], [108.9721045, 0.3556041], [108.972415, 0.3581504], [108.9729381, 0.3614253], [108.9733699, 0.3641047], [108.9737025, 0.3671195], [108.9740968, 0.3704614], [108.9744884, 0.3736934], [108.9731498, 0.376634], [108.971884, 0.379415], [108.9707494, 0.3819075], [108.9695585, 0.3844676], [108.9682361, 0.3872812], [108.9669836, 0.3898963], [108.9656693, 0.3926482], [108.9645025, 0.3950889], [108.9633062, 0.3976155], [108.962169, 0.400075], [108.9608842, 0.4031729], [108.9597979, 0.4058926], [108.9586955, 0.4086069], [108.9574349, 0.4117772], [108.9562279, 0.4144781], [108.9549807, 0.4173078], [108.953712, 0.4203038], [108.9524567, 0.4232219], [108.9513624, 0.4258424], [108.9502466, 0.4286318], [108.9494795, 0.4303135], [108.9484347, 0.4324766], [108.9481223, 0.4349267], [108.947853, 0.4373808], [108.9475402, 0.440523], [108.9471728, 0.443818], [108.946816, 0.4469668], [108.9464834, 0.4500915], [108.9461589, 0.4531947], [108.9458209, 0.4563462], [108.9454856, 0.459436], [108.9451584, 0.4626224], [108.9448513, 0.4658503], [108.944634, 0.4689897], [108.9444208, 0.4717993], [108.9440145, 0.4753571], [108.9437462, 0.4785032], [108.9434727, 0.4817445], [108.9431595, 0.4848001], [108.9427954, 0.4879603], [108.942503, 0.4910689], [108.9421691, 0.4945597], [108.9419438, 0.4976092], [108.941583, 0.5007688], [108.9413135, 0.5038827], [108.9410587, 0.5077758], [108.9406094, 0.5116903], [108.940313, 0.5149544], [108.9399362, 0.5189628], [108.9393474, 0.5252966], [108.9391087, 0.5284386], [108.9388552, 0.5315472], [108.9385924, 0.5346531], [108.9383577, 0.537897], [108.9381123, 0.541133], [108.9377863, 0.5443355], [108.9374707, 0.5474372], [108.9371311, 0.5507735], [108.9368114, 0.5539359], [108.9364278, 0.5570847], [108.936063, 0.5602496], [108.9356379, 0.5635338], [108.9353402, 0.5658471], [108.9351726, 0.5690079], [108.9350036, 0.5721861], [108.934848, 0.575359], [108.9347429, 0.5774016], [108.9346804, 0.5786178], [108.9345231, 0.5817693], [108.9343961, 0.5846216], [108.934201, 0.5878863], [108.9340112, 0.5910626], [108.9338482, 0.5937956], [108.934207, 0.5969497], [108.9346442, 0.6005074], [108.9349419, 0.6032539], [108.9352812, 0.6062015], [108.9356044, 0.6091356], [108.9360671, 0.6122656], [108.9364868, 0.6154264], [108.9369602, 0.6187267], [108.937376, 0.6217654], [108.9377998, 0.6248484], [108.9382088, 0.6279382], [108.9385977, 0.6310627], [108.9389974, 0.6342316], [108.9394011, 0.6373495], [108.9396894, 0.6404942], [108.9399952, 0.6431869], [108.9402983, 0.6458877], [108.9411767, 0.6489131], [108.9420524, 0.6519438], [108.9428155, 0.6546526], [108.9437798, 0.6579059], [108.9437529, 0.6609085], [108.9437275, 0.6640907], [108.9436832, 0.6672434], [108.9436671, 0.6705933], [108.9436269, 0.6739981], [108.9435987, 0.6774686], [108.9435531, 0.680911], [108.9435196, 0.6841737], [108.9434834, 0.6877971], [108.9434391, 0.6917061], [108.9434083, 0.6946952], [108.9433774, 0.6978613], [108.9433748, 0.7012434], [108.9433305, 0.7045637], [108.9432809, 0.7074844], [108.9432433, 0.7106478], [108.9432125, 0.7138689], [108.9431903, 0.7172858], [108.9431468, 0.7206758], [108.9431132, 0.7240632], [108.9430837, 0.7274559], [108.9430609, 0.7305844], [108.9423917, 0.7335923], [108.9415549, 0.7373511], [108.9408173, 0.7406057], [108.9400542, 0.7440587], [108.9393716, 0.7471551], [108.9386849, 0.7502327], [108.938701, 0.7534805], [108.9387184, 0.7565889], [108.9387372, 0.7597724], [108.938756, 0.7628983], [108.9387761, 0.7660925], [108.938797, 0.7692881], [108.9388177, 0.7724461], [108.9388244, 0.7756242], [108.9388485, 0.7788238], [108.9388686, 0.7820019], [108.9388945, 0.7848027], [108.9388968, 0.7850567], [108.9389035, 0.788326], [108.9389102, 0.79148], [108.9389303, 0.7946353], [108.9389478, 0.797855], [108.9389573, 0.8009888], [108.9389658, 0.8037564], [108.9389768, 0.807388], [108.9389867, 0.8106384], [108.938984, 0.8138072], [108.938994, 0.8169618], [108.9390081, 0.8201151], [108.9390175, 0.8232784], [108.9390316, 0.826773], [108.9390289, 0.8283533], [108.939043, 0.8299403], [108.9389572, 0.8315508]]}, "properties": {"id": "TRM-KLM-0014", "system": "Khatulistiwa", "voltage_class": "150 kV", "voltage_kv_max": 150.0, "voltage_kv_all": "150", "length_km": 58.422, "osm_id": "way/563399575", "osm_voltage": "150000", "source_id": "OSM-overpass", "color": "#1f77b4", "weight": 1.8, "from_id": "", "from_name": "", "from_distance_km": "", "to_id": "", "to_name": "", "to_distance_km": "", "endpoint_confidence": "none", "circuit_id": "", "circuit_from_id": "", "circuit_from_name": "", "circuit_to_id": "", "circuit_to_name": "", "circuit_length_km": "", "circuit_segment_count": "", "match_tier": "BASELINE_UNRESOLVED"}}, {"type": "Feature", "geometry": {"type": "LineString", "coordinates": [[117.107445, -0.5480233], [117.1077427, -0.5485704], [117.109572, -0.5505243], [117.1120959, -0.5527706], [117.1153253, -0.5525962], [117.1171787, -0.5524702], [117.1193339, -0.5500684], [117.1214113, -0.547519], [117.1231601, -0.5452312], [117.124257, -0.5437839], [117.1256053, -0.5420049], [117.1266126, -0.5406581], [117.1276849, -0.5392609], [117.1288705, -0.5378018], [117.1281061, -0.5359244], [117.1271512, -0.5335641], [117.1261534, -0.5310295], [117.1253058, -0.5289643], [117.1244046, -0.5266899], [117.1218552, -0.5243431], [117.120266, -0.5245657], [117.1166477, -0.5223811], [117.1144841, -0.5195244], [117.1126914, -0.5176968], [117.1127906, -0.5128959], [117.1128228, -0.5095084], [117.1125439, -0.5060512], [117.1135604, -0.5032202]]}, "properties": {"id": "TRM-KLM-0015", "system": "Mahakam", "voltage_class": "150 kV", "voltage_kv_max": 150.0, "voltage_kv_all": "150", "length_km": 8.075, "osm_id": "way/609209383", "osm_voltage": "150000", "source_id": "OSM-overpass", "color": "#1f77b4", "weight": 1.8, "from_id": "GI-KLM-0075", "from_name": "GI Harapan Baru", "from_distance_km": 0.126, "to_id": "GI-KLM-0079", "to_name": "GI Tengkawang", "to_distance_km": 0.096, "endpoint_confidence": "both", "circuit_id": "CIRC-KALIMANTAN-0013", "circuit_from_id": "GI-KLM-0075", "circuit_from_name": "GI Harapan Baru", "circuit_to_id": "GI-KLM-0079", "circuit_to_name": "GI Tengkawang", "circuit_length_km": 8.075, "circuit_segment_count": 1, "match_tier": "CONFIRMED_MATCH", "match_reason": "pair match (GI Tengkawang — GI Harapan Baru), voltage=150 matches", "ruptl_id": "RUPTL-KALIMANTAN-T-0077", "voltage_kv_ruptl": "150", "length_km_ruptl": "16.6", "target_cod_year_ruptl": "2027", "action_type_ruptl": ""}}, {"type": "Feature", "geometry": {"type": "LineString", "coordinates": [[116.8046504, -1.1614725], [116.8062276, -1.1585602], [116.8095803, -1.1577611], [116.8132979, -1.1579274], [116.8171334, -1.158099], [116.8201643, -1.1579059], [116.8233454, -1.1576967], [116.8250835, -1.1576002], [116.8284738, -1.1573696], [116.8320036, -1.1571229], [116.8336022, -1.1567206], [116.8352499, -1.1563417], [116.8372875, -1.1558732], [116.8392724, -1.1553744], [116.8429202, -1.1545163], [116.8461549, -1.1537654], [116.8491965, -1.1530253], [116.8515073, -1.1525037], [116.8548372, -1.1527075], [116.8575194, -1.1528764], [116.8602455, -1.152557], [116.862794, -1.1522583], [116.8671412, -1.152133], [116.8706126, -1.1526431], [116.8728657, -1.1524729], [116.8770365, -1.1516952], [116.8789087, -1.1495981]]}, "properties": {"id": "TRM-KLM-0016", "system": "Mahakam", "voltage_class": "150 kV", "voltage_kv_max": 150.0, "voltage_kv_all": "150", "length_km": 8.646, "osm_id": "way/609209386", "osm_voltage": "150000", "source_id": "OSM-overpass", "color": "#1f77b4", "weight": 1.8, "from_id": "GI-KLM-0073", "from_name": "GI Kariangau", "from_distance_km": 1.414, "to_id": "GI-KLM-0070", "to_name": "GI Karang Joang", "to_distance_km": 0.106, "endpoint_confidence": "both", "circuit_id": "CIRC-KALIMANTAN-0014", "circuit_from_id": "GI-KLM-0073", "circuit_from_name": "GI Kariangau", "circuit_to_id": "GI-KLM-0070", "circuit_to_name": "GI Karang Joang", "circuit_length_km": 8.646, "circuit_segment_count": 1, "match_tier": "UNMATCHED_BASELINE"}}, {"type": "Feature", "geometry": {"type": "LineString", "coordinates": [[116.8800044, -1.1492334], [116.8815519, -1.1508593], [116.8838024, -1.1532237], [116.8862352, -1.1556077], [116.8858114, -1.1593889], [116.8853742, -1.1625613], [116.8850144, -1.1659805], [116.8846849, -1.1691125], [116.8842703, -1.1726047], [116.883848, -1.1761626], [116.8881959, -1.1800832], [116.8923211, -1.183816], [116.8946224, -1.1858782], [116.8990695, -1.1898792], [116.902138, -1.1926439], [116.9059306, -1.1960228], [116.9105226, -1.2003616], [116.9134408, -1.2029253], [116.9160265, -1.2052636], [116.9191056, -1.2080096], [116.9215786, -1.2102783], [116.9245183, -1.212858], [116.9270182, -1.2151105], [116.9295341, -1.2174221], [116.9310039, -1.2187575], [116.9330907, -1.2206024]]}, "properties": {"id": "TRM-KLM-0017", "system": "Mahakam", "voltage_class": "150 kV", "voltage_kv_max": 150.0, "voltage_kv_all": "150", "length_km": 10.667, "osm_id": "way/609209388", "osm_voltage": "150000", "source_id": "OSM-overpass", "color": "#1f77b4", "weight": 1.8, "from_id": "GI-KLM-0070", "from_name": "GI Karang Joang", "from_distance_km": 0.165, "to_id": "GI-KLM-0069", "to_name": "GI Manggarsari", "to_distance_km": 2.6, "endpoint_confidence": "both", "circuit_id": "CIRC-KALIMANTAN-0015", "circuit_from_id": "GI-KLM-0070", "circuit_from_name": "GI Karang Joang", "circuit_to_id": "GI-KLM-0069", "circuit_to_name": "GI Manggarsari", "circuit_length_km": 10.667, "circuit_segment_count": 1, "match_tier": "UNMATCHED_BASELINE"}}, {"type": "Feature", "geometry": {"type": "LineString", "coordinates": [[113.8724146, -2.1834841], [113.8731146, -2.1858856], [113.8740365, -2.188758], [113.8749815, -2.1918304], [113.8759122, -2.1951432], [113.8761872, -2.1978052], [113.8763521, -2.200836], [113.8765586, -2.2038647], [113.8767437, -2.2064537], [113.8769422, -2.2098951], [113.8771567, -2.21309], [113.8773928, -2.2161615], [113.8775322, -2.2190722], [113.8777844, -2.2222348], [113.8779346, -2.2251133], [113.8783476, -2.2282706], [113.8786749, -2.2312563], [113.8790238, -2.2339828], [113.8794225, -2.2371822], [113.8813839, -2.2390878], [113.8835082, -2.2411568], [113.8857505, -2.2432956], [113.8876334, -2.2451181], [113.889572, -2.2470184], [113.8917238, -2.2491146], [113.8941619, -2.2514968], [113.8962219, -2.2534694], [113.8985661, -2.2557743], [113.900787, -2.2578863], [113.90304, -2.2600947], [113.9053789, -2.2621638], [113.9075783, -2.2644794], [113.9098528, -2.2666985], [113.9121059, -2.2688748], [113.9143804, -2.2710403], [113.9164833, -2.2731736], [113.9185861, -2.2751569], [113.921322, -2.2754249], [113.9245406, -2.2757573], [113.9272979, -2.2760199], [113.9301894, -2.2763147], [113.9305639, -2.2762239], [113.9333597, -2.2766149], [113.9364014, -2.2768883], [113.939443, -2.2772313], [113.9425168, -2.2774886], [113.9454565, -2.2777941], [113.9485786, -2.2781104], [113.9511803, -2.2783248], [113.954222, -2.2785982], [113.9572529, -2.2789037], [113.9599619, -2.2791342], [113.9628909, -2.2795255], [113.9659325, -2.2798739], [113.9688936, -2.2800776], [113.9715919, -2.2803188], [113.9746228, -2.2806243], [113.9776932, -2.2809382], [113.980877, -2.2812636], [113.9838406, -2.2815666], [113.9869449, -2.2818786], [113.990067, -2.282168], [113.9930657, -2.2824682], [113.9959035, -2.2832454], [113.9987198, -2.2840334], [114.0012464, -2.2847034], [114.0036175, -2.2854806], [114.0064338, -2.2861613], [114.0093843, -2.2869975], [114.0119967, -2.2877104], [114.0146038, -2.2884448], [114.0173676, -2.2892075], [114.0202365, -2.2899992], [114.0228224, -2.2907218], [114.0255687, -2.2914893], [114.028208, -2.2922129], [114.0308205, -2.2929419], [114.0333257, -2.293628], [114.0360079, -2.2943731], [114.0384433, -2.2950484], [114.0406159, -2.2971067], [114.0429441, -2.2992936], [114.0452293, -2.3014806], [114.0475521, -2.3035978], [114.0498373, -2.3057579], [114.0521387, -2.3078966], [114.0544668, -2.310062], [114.0567343, -2.3122024], [114.0590266, -2.3143662], [114.0612957, -2.3165209], [114.0635703, -2.3186595], [114.0658984, -2.3207768], [114.0681997, -2.322969], [114.0704904, -2.3251023], [114.0727863, -2.3272945], [114.0750823, -2.3294385], [114.0774158, -2.3315396], [114.0797225, -2.3337051], [114.0818254, -2.3356722], [114.0838746, -2.3376017], [114.0861115, -2.3396761], [114.0884021, -2.3419058], [114.0907357, -2.3440605], [114.0928653, -2.3460008], [114.0949145, -2.3479732], [114.0970657, -2.3499832], [114.0993563, -2.3521486], [114.1016469, -2.354314], [114.1039643, -2.3564526], [114.106271, -2.3586073], [114.1083792, -2.3605743], [114.1106859, -2.3627397], [114.1129336, -2.3648247], [114.1153423, -2.3661807], [114.1179708, -2.3675743], [114.1206947, -2.3689599], [114.1235659, -2.3704204], [114.1260925, -2.3717657], [114.1288606, -2.3731807], [114.1314999, -2.3746171], [114.1342786, -2.3760642], [114.1369823, -2.3775489], [114.1397933, -2.3790389], [114.1425345, -2.3805236], [114.1453884, -2.3819815], [114.1480706, -2.3833268], [114.1505006, -2.3846078], [114.1518042, -2.3871644], [114.153215, -2.3900211], [114.1546098, -2.3928403], [114.1559551, -2.3955806], [114.1572187, -2.3981545], [114.1584883, -2.4007406], [114.1598401, -2.4034526], [114.1611705, -2.4062182], [114.1625384, -2.408882], [114.1639238, -2.4116934], [114.1652813, -2.4144483], [114.1666324, -2.4171901], [114.1680279, -2.420022], [114.1694278, -2.4228629], [114.1706177, -2.4252777], [114.1720134, -2.4281099], [114.1733906, -2.4309047], [114.1748336, -2.4337506], [114.176223, -2.4365858], [114.1776339, -2.4394479], [114.1790286, -2.4422563], [114.1803375, -2.444936], [114.1816196, -2.4475086], [114.1829178, -2.4501133], [114.1842485, -2.4528074], [114.1855571, -2.4554568], [114.1856751, -2.4584313], [114.1857502, -2.4611807], [114.1858683, -2.4640051], [114.1859702, -2.467119], [114.186056, -2.4700934], [114.1861418, -2.4730947], [114.1862384, -2.476096], [114.1863671, -2.4792366], [114.1864744, -2.4825541], [114.186689, -2.4887066], [114.1867856, -2.4918847], [114.1868714, -2.4950628], [114.186968, -2.4982141], [114.1870645, -2.5013922], [114.1871718, -2.5045327], [114.1872684, -2.5077268], [114.1874186, -2.5106316], [114.1875205, -2.5135792], [114.1876336, -2.5165859], [114.1877404, -2.5194261], [114.1878362, -2.5227195], [114.1879175, -2.5255142], [114.1880207, -2.5284997], [114.1881159, -2.5312539], [114.1883412, -2.5375884], [114.1884378, -2.5406378], [114.1885384, -2.5435665], [114.1886631, -2.5471974], [114.1887704, -2.5497322], [114.1888562, -2.5527012], [114.1889528, -2.5556165], [114.1890708, -2.5588212], [114.1891674, -2.5619831], [114.1892747, -2.5649734], [114.1893927, -2.5682639], [114.1894678, -2.5711899], [114.1895751, -2.5741481], [114.1896716, -2.5770634], [114.1908733, -2.5798822], [114.1921929, -2.5827868], [114.1934559, -2.5856873], [114.1947154, -2.58858], [114.1959753, -2.5914734], [114.1974177, -2.5947862], [114.1984371, -2.5971273], [114.199628, -2.5998496], [114.2008189, -2.6025934], [114.2020205, -2.6052942], [114.2031792, -2.6079844], [114.2043219, -2.6106263], [114.2055825, -2.6134718], [114.2067841, -2.6162584], [114.2078624, -2.6187289], [114.2089621, -2.6212314], [114.2101369, -2.6239537], [114.2113546, -2.6266599], [114.2125401, -2.6294196], [114.2138061, -2.6323187], [114.2149166, -2.6347838], [114.2160914, -2.6375274], [114.2172716, -2.640239], [114.2185376, -2.6431487], [114.2197982, -2.6460103], [114.2209329, -2.648533], [114.2219869, -2.650876], [114.2245939, -2.6522534], [114.2270884, -2.6535714], [114.229776, -2.6549914], [114.2324442, -2.6563583], [114.2352155, -2.6577779], [114.237946, -2.6591819], [114.2405853, -2.6605376], [114.2432514, -2.6619309], [114.2458961, -2.6632866], [114.2492059, -2.6644816], [114.2512551, -2.6660731], [114.2539481, -2.6675038], [114.2551604, -2.6698938], [114.2564104, -2.6724177], [114.2577354, -2.6751184], [114.2590979, -2.6777923], [114.2605141, -2.6805198], [114.2618767, -2.683258], [114.26325, -2.686007], [114.264575, -2.6886916], [114.2659161, -2.6914137], [114.2672626, -2.6940715], [114.2665384, -2.6972813], [114.2657552, -2.7003999], [114.2649827, -2.7034435], [114.2642263, -2.7064335], [114.2634807, -2.7095199], [114.2627082, -2.7125153], [114.2620484, -2.7153285], [114.261292, -2.7183077], [114.2599509, -2.7212763], [114.2587761, -2.7237893], [114.2574269, -2.7265784], [114.2562065, -2.7292254], [114.2549941, -2.7318402]]}, "properties": {"id": "TRM-KLM-0018", "system": "Kalselteng", "voltage_class": "150 kV", "voltage_kv_max": 150.0, "voltage_kv_all": "150", "length_km": 84.751, "osm_id": "way/611547066", "osm_voltage": "150000", "source_id": "OSM-overpass", "color": "#1f77b4", "weight": 1.8, "from_id": "GI-KLM-0053", "from_name": "GI PALANGKARAYA", "from_distance_km": 0.964, "to_id": "GI-KLM-0056", "to_name": "GI PULANG PISAU", "to_distance_km": 0.042, "endpoint_confidence": "both", "circuit_id": "CIRC-KALIMANTAN-0016", "circuit_from_id": "GI-KLM-0053", "circuit_from_name": "GI PALANGKARAYA", "circuit_to_id": "GI-KLM-0056", "circuit_to_name": "GI PULANG PISAU", "circuit_length_km": 84.751, "circuit_segment_count": 1, "match_tier": "UNMATCHED_BASELINE"}}, {"type": "Feature", "geometry": {"type": "LineString", "coordinates": [[114.5519603, -3.275936], [114.5502108, -3.2754905], [114.5469868, -3.2754233], [114.5441008, -3.2754179], [114.5407748, -3.2753483], [114.5376581, -3.2752948], [114.5347023, -3.2743575], [114.5317197, -3.2733881], [114.5300216, -3.2716681], [114.5279378, -3.26935], [114.5257385, -3.2670899], [114.5235443, -3.2647441], [114.52142, -3.2624947], [114.5192206, -3.2602452], [114.5170641, -3.2578887], [114.5148997, -3.2556496], [114.5127189, -3.253347], [114.512794, -3.2500372], [114.5128155, -3.2467808], [114.5141577, -3.2437041], [114.5170051, -3.243096], [114.5199072, -3.2424319], [114.522686, -3.2418535], [114.5257223, -3.2411144], [114.528619, -3.2404717], [114.5315373, -3.2398397], [114.535464, -3.2389292], [114.5388758, -3.2381901], [114.5444226, -3.2370118], [114.5489073, -3.2360799], [114.5520079, -3.2360799], [114.5550442, -3.2361013], [114.5581233, -3.236112], [114.5613956, -3.2361442], [114.5641315, -3.2361013], [114.5670819, -3.2361334], [114.5700967, -3.236187], [114.573133, -3.2357371], [114.5761156, -3.2353086], [114.5790768, -3.2349016], [114.582628, -3.2343874], [114.5851922, -3.2340768], [114.5879924, -3.2336697], [114.5909428, -3.2332948], [114.5940006, -3.2324807], [114.5966077, -3.2317309], [114.5988715, -3.2311846], [114.6013753, -3.2305312], [114.6049252, -3.2303732], [114.6078354, -3.2303504], [114.6109991, -3.2303397], [114.6139294, -3.2303357], [114.6165902, -3.230341], [114.6194882, -3.2303303]]}, "properties": {"id": "TRM-KLM-0019", "system": "Kalselteng", "voltage_class": "150 kV", "voltage_kv_max": 150.0, "voltage_kv_all": "150", "length_km": 18.308, "osm_id": "way/611547071", "osm_voltage": "150000", "source_id": "OSM-overpass", "color": "#1f77b4", "weight": 1.8, "from_id": "GI-KLM-0026", "from_name": "GI KAYUTANGI", "from_distance_km": "", "to_id": "GI-KLM-0026", "to_name": "GI KAYUTANGI", "to_distance_km": 0.086, "endpoint_confidence": "both", "circuit_id": "CIRC-KALIMANTAN-0017", "circuit_from_id": "GI-KLM-0026", "circuit_from_name": "GI KAYUTANGI", "circuit_to_id": "GI-KLM-0026", "circuit_to_name": "GI KAYUTANGI", "circuit_length_km": 18.308, "circuit_segment_count": 1, "match_tier": "UNMATCHED_BASELINE"}}, {"type": "Feature", "geometry": {"type": "LineString", "coordinates": [[115.4502851, -2.1946313], [115.450041, -2.1946179], [115.4492229, -2.1913239], [115.448032, -2.1893405], [115.4465085, -2.1868318], [115.4445022, -2.1838406], [115.4453552, -2.1811496], [115.4462457, -2.1783246], [115.4471844, -2.1750225], [115.4481554, -2.1726907]]}, "properties": {"id": "TRM-KLM-0020", "system": "Kalselteng", "voltage_class": "150 kV", "voltage_kv_max": 150.0, "voltage_kv_all": "150", "length_km": 2.694, "osm_id": "way/611647730", "osm_voltage": "150000", "source_id": "OSM-overpass", "color": "#1f77b4", "weight": 1.8, "from_id": "GI-KLM-0042", "from_name": "GI TANJUNG", "from_distance_km": 0.081, "to_id": "GI-KLM-0042", "to_name": "GI TANJUNG", "to_distance_km": "", "endpoint_confidence": "both", "circuit_id": "CIRC-KALIMANTAN-0018", "circuit_from_id": "GI-KLM-0042", "circuit_from_name": "GI TANJUNG", "circuit_to_id": "GI-KLM-0042", "circuit_to_name": "GI TANJUNG", "circuit_length_km": 2.694, "circuit_segment_count": 1, "match_tier": "UNMATCHED_BASELINE"}}, {"type": "Feature", "geometry": {"type": "LineString", "coordinates": [[115.4481554, -2.1726907], [115.447399, -2.1751619], [115.4465514, -2.1780137], [115.445736, -2.1808923], [115.4447597, -2.183862], [115.4465246, -2.1865048], [115.4481178, -2.1891797], [115.4495501, -2.1914257], [115.4510924, -2.1940336], [115.4511407, -2.1950172]]}, "properties": {"id": "TRM-KLM-0021", "system": "Kalselteng", "voltage_class": "150 kV", "voltage_kv_max": 150.0, "voltage_kv_all": "150", "length_km": 2.74, "osm_id": "way/611647736", "osm_voltage": "150000", "source_id": "OSM-overpass", "color": "#1f77b4", "weight": 1.8, "from_id": "GI-KLM-0042", "from_name": "GI TANJUNG", "from_distance_km": 2.475, "to_id": "GI-KLM-0042", "to_name": "GI TANJUNG", "to_distance_km": "", "endpoint_confidence": "both", "circuit_id": "CIRC-KALIMANTAN-0019", "circuit_from_id": "GI-KLM-0042", "circuit_from_name": "GI TANJUNG", "circuit_to_id": "GI-KLM-0042", "circuit_to_name": "GI TANJUNG", "circuit_length_km": 2.74, "circuit_segment_count": 1, "match_tier": "UNMATCHED_BASELINE"}}, {"type": "Feature", "geometry": {"type": "LineString", "coordinates": [[114.9809146, -1.7500141], [114.9809495, -1.7502902], [114.9831408, -1.7518103], [114.9854851, -1.7537781], [114.9878669, -1.7558746], [114.9902487, -1.7579336], [114.9926519, -1.7599711], [114.9951088, -1.7620408], [114.9966216, -1.7647324], [114.9981344, -1.7674348], [114.9997115, -1.7702981], [115.0012779, -1.7729576], [115.0028336, -1.7757672], [115.0043464, -1.7784481], [115.0059145, -1.781226], [115.0074577, -1.78396], [115.0089705, -1.7866624], [115.0105076, -1.7893955], [115.0121059, -1.7921158], [115.013619, -1.7948743], [115.0152254, -1.7976004], [115.0167521, -1.8003308], [115.0183153, -1.8031392], [115.0198603, -1.8058308], [115.0214267, -1.8086081], [115.0229931, -1.8113319], [115.0244737, -1.8140825], [115.0260508, -1.8168706], [115.0275582, -1.8195353], [115.0291139, -1.8223288], [115.0307393, -1.8251383], [115.0322205, -1.8277627], [115.033797, -1.8305429], [115.0353742, -1.833331], [115.0385553, -1.8349663], [115.0405455, -1.8360333], [115.0444186, -1.8381136], [115.0472295, -1.837808], [115.0503892, -1.8375292], [115.0532806, -1.837245], [115.0566709, -1.8369769], [115.0593316, -1.8367517], [115.0623572, -1.8364836], [115.0653183, -1.8362156], [115.0683117, -1.8359636], [115.0712943, -1.8356687], [115.0743091, -1.8354542], [115.0773293, -1.8351754], [115.0803772, -1.8349009], [115.0834018, -1.8346285], [115.0862288, -1.8358617], [115.0889483, -1.8370678], [115.0904721, -1.8377436], [115.0945585, -1.8395814], [115.097816, -1.8410464], [115.1001909, -1.8421387], [115.102998, -1.8434002], [115.1063347, -1.844762], [115.1086414, -1.8458022], [115.1115167, -1.8470997], [115.1140916, -1.8482149], [115.1168919, -1.849373], [115.1195097, -1.8505097], [115.1224601, -1.8517429], [115.1253247, -1.8530189], [115.1276851, -1.854102], [115.1304424, -1.8552815], [115.1332855, -1.8564933], [115.1360482, -1.857705], [115.1388757, -1.8590219], [115.1436542, -1.8612474], [115.1473725, -1.8628199], [115.1530024, -1.8654632], [115.1776416, -1.8758456], [115.1803001, -1.876809], [115.1829406, -1.8778235], [115.185711, -1.8788692], [115.188358, -1.8798804], [115.1910328, -1.8809257], [115.1930442, -1.8816751], [115.1951433, -1.8824639], [115.1979433, -1.8835301], [115.200883, -1.8846617], [115.2037805, -1.8857423], [115.2066941, -1.8867284], [115.2080399, -1.889513], [115.2094225, -1.8925641], [115.2106869, -1.8954254], [115.211944, -1.8982704], [115.2132834, -1.901139], [115.2145876, -1.9040113], [115.2158879, -1.9068759], [115.2171984, -1.9097133], [115.2183215, -1.9121214], [115.2196154, -1.9149438], [115.2208252, -1.9176455], [115.2219675, -1.9201962], [115.2231598, -1.9229057], [115.2243948, -1.9256163], [115.2256112, -1.9283373], [115.2268701, -1.9310378], [115.228071, -1.9337815], [115.2293526, -1.9365561], [115.2305139, -1.9392015], [115.2317396, -1.9417696], [115.2329259, -1.9442883], [115.2341257, -1.9469406], [115.2351294, -1.9493213], [115.2367564, -1.9515274], [115.2383894, -1.9538213], [115.2399431, -1.9559623], [115.2416584, -1.9583028], [115.2431793, -1.9604519], [115.2447336, -1.9626442], [115.2464975, -1.9651322], [115.2482952, -1.9675891], [115.2497613, -1.9696876], [115.2517381, -1.9723213], [115.253144, -1.9742498], [115.25562, -1.976318], [115.2580053, -1.9783102], [115.2602014, -1.9801445], [115.2624573, -1.9820287], [115.2649877, -1.9841422], [115.2668918, -1.9857079], [115.2689717, -1.9873531], [115.2716473, -1.9894452], [115.2740636, -1.9913616], [115.2765284, -1.9933165], [115.2789109, -1.995206], [115.2814942, -1.9972548], [115.2839449, -1.9991985], [115.2864445, -2.0011321], [115.2889269, -2.0030926], [115.2913588, -2.0050515], [115.2934725, -2.0074972], [115.2955494, -2.0099004], [115.2972037, -2.0118146], [115.2990746, -2.0139168], [115.301472, -2.0168722], [115.3028711, -2.0185075], [115.3050092, -2.0210323], [115.309525, -2.0263643], [115.3116119, -2.0288373], [115.313799, -2.0316031], [115.3158873, -2.0340983], [115.3177986, -2.0363618], [115.3195301, -2.0384414], [115.3216542, -2.0409589], [115.3231554, -2.0427381], [115.3250111, -2.0449535], [115.3267107, -2.0470536], [115.3285844, -2.0492945], [115.3302008, -2.0513002], [115.3321174, -2.0537876], [115.3339948, -2.0561123], [115.3357346, -2.0583403], [115.3379743, -2.0591059], [115.3407726, -2.0601298], [115.3433949, -2.0610892], [115.3450302, -2.0616949], [115.3481781, -2.0628608], [115.350848, -2.0638497], [115.3530028, -2.0646338], [115.355735, -2.0656281], [115.3585995, -2.0666519], [115.3617637, -2.0678075], [115.3649339, -2.0689477], [115.3677862, -2.0700135], [115.3702266, -2.0709174], [115.3726823, -2.0718269], [115.3780854, -2.073828], [115.3813341, -2.0750433], [115.3841042, -2.0760796], [115.3869259, -2.0771089], [115.3899822, -2.0782617], [115.3929233, -2.0793712], [115.3950155, -2.080139], [115.3969681, -2.0808829], [115.3993177, -2.0817514], [115.4015708, -2.082577], [115.4038078, -2.0834294], [115.4063934, -2.0843407], [115.4092526, -2.085429], [115.4117095, -2.0863296], [115.4143703, -2.0873267], [115.4156577, -2.0898785], [115.4168808, -2.0922587], [115.4184043, -2.0951321], [115.4199064, -2.0978876], [115.4212904, -2.1005465], [115.4226637, -2.1030983], [115.4240603, -2.1057658], [115.4253244, -2.1081803], [115.4266226, -2.1106677], [115.4291654, -2.1153209], [115.4313111, -2.1180441], [115.4318046, -2.1202742], [115.4331994, -2.1228259], [115.4345083, -2.1253133], [115.4359031, -2.1278757], [115.4372013, -2.1302666], [115.4387247, -2.1330434], [115.4402053, -2.1357988], [115.4416966, -2.1385971], [115.4429734, -2.1409451], [115.4443788, -2.1434753], [115.4467499, -2.1460699], [115.4487777, -2.1485679], [115.4510468, -2.1515592], [115.4518837, -2.1546416], [115.4511809, -2.1579276], [115.448826, -2.1606079], [115.4466319, -2.1630577], [115.447796, -2.1658774], [115.4490727, -2.1695119]]}, "properties": {"id": "TRM-KLM-0022", "system": "Kalselteng", "voltage_class": "150 kV", "voltage_kv_max": 150.0, "voltage_kv_all": "150", "length_km": 75.612, "osm_id": "way/611647737", "osm_voltage": "150000", "source_id": "OSM-overpass", "color": "#1f77b4", "weight": 1.8, "from_id": "GI-KLM-0049", "from_name": "GI BUNTOK", "from_distance_km": 0.07, "to_id": "GI-KLM-0042", "to_name": "GI TANJUNG", "to_distance_km": 2.816, "endpoint_confidence": "both", "circuit_id": "CIRC-KALIMANTAN-0020", "circuit_from_id": "GI-KLM-0049", "circuit_from_name": "GI BUNTOK", "circuit_to_id": "GI-KLM-0042", "circuit_to_name": "GI TANJUNG", "circuit_length_km": 75.612, "circuit_segment_count": 1, "match_tier": "UNMATCHED_BASELINE"}}, {"type": "Feature", "geometry": {"type": "LineString", "coordinates": [[115.8692993, -1.8297451], [115.8659148, -1.828602], [115.861752, -1.8270685], [115.857321, -1.8255244], [115.8554634, -1.8237569], [115.8524158, -1.8208574], [115.8497357, -1.8183075], [115.8462274, -1.8148009], [115.8446395, -1.8134498], [115.8425581, -1.8114016], [115.8394897, -1.808324], [115.837934, -1.8044421], [115.83655, -1.8009569], [115.8350479, -1.796882], [115.8340073, -1.7941046], [115.8330846, -1.7915952], [115.83184, -1.7878527], [115.8307135, -1.784582], [115.8295762, -1.7809467], [115.8279025, -1.7758422], [115.8264434, -1.7711989], [115.8254671, -1.7682177], [115.8245766, -1.7652365], [115.8237827, -1.7628022], [115.8226776, -1.7591454], [115.8215618, -1.755317], [115.8205962, -1.7525395], [115.819459, -1.7487433], [115.8183324, -1.745183], [115.8167016, -1.7402392], [115.8159721, -1.7375261], [115.8149421, -1.734577], [115.8126569, -1.7307808], [115.8126354, -1.7269952], [115.8115303, -1.723274], [115.8065414, -1.7195099], [115.804086, -1.7175403], [115.8011448, -1.7153168], [115.7966387, -1.7117886], [115.795083, -1.7104802], [115.7929802, -1.7088502], [115.7893431, -1.7061263], [115.7849121, -1.7026731], [115.7810819, -1.6996918], [115.7763719, -1.6961207], [115.7736683, -1.6943083], [115.7697308, -1.691713], [115.7652461, -1.6889784], [115.762006, -1.6868228], [115.7571995, -1.6838308], [115.7540023, -1.6817717], [115.7513308, -1.6800666], [115.7482517, -1.6781577], [115.7450545, -1.6769458], [115.739733, -1.6751763], [115.7378554, -1.6747795], [115.7319868, -1.6741468], [115.7295298, -1.6745329], [115.7255816, -1.6756696], [115.7220948, -1.6764847], [115.7179266, -1.6777126], [115.7154, -1.6813106], [115.7127285, -1.6853429], [115.7104325, -1.6886459], [115.7078683, -1.6923672], [115.7050681, -1.6964853], [115.7009268, -1.7026088], [115.6993818, -1.7047965], [115.6972468, -1.7078421], [115.6941032, -1.7123998], [115.6912494, -1.7166251], [115.6897366, -1.718845], [115.6869149, -1.7228557], [115.6844151, -1.7264483], [115.6816363, -1.7305127], [115.6789648, -1.7344805], [115.6766474, -1.7377191], [115.6752312, -1.7397888], [115.6733322, -1.7425556], [115.6711435, -1.7457084], [115.6688476, -1.7490757], [115.6669271, -1.7518425], [115.6646097, -1.7551776], [115.6627559, -1.7578312], [115.661207, -1.7600483], [115.6589985, -1.7632097], [115.6569278, -1.7662016], [115.6572604, -1.771231], [115.657593, -1.7740943], [115.6577754, -1.7778261], [115.6580436, -1.7815043], [115.6583118, -1.7847965], [115.6585264, -1.7876704], [115.6587303, -1.7906837], [115.6589341, -1.7938043], [115.6591487, -1.7964637], [115.6583118, -1.7998202], [115.6576574, -1.8024153], [115.6569247, -1.8052536], [115.65593, -1.8091068], [115.6550717, -1.8120772], [115.6540739, -1.8156588], [115.65328, -1.8174389], [115.6516385, -1.8210634], [115.6505978, -1.8242483], [115.6496537, -1.8273366], [115.6486773, -1.8305644], [115.6476139, -1.8340535], [115.646727, -1.836975], [115.6455553, -1.8404566], [115.644536, -1.8438345], [115.6436026, -1.8470783], [115.642637, -1.8503757], [115.6417197, -1.8533674], [115.6407863, -1.856327], [115.6397402, -1.8598014], [115.6386352, -1.8630987], [115.6377785, -1.8660242], [115.6368703, -1.8689536], [115.6359637, -1.8718595], [115.6350088, -1.8749156], [115.6341398, -1.8777358], [115.6333136, -1.8805452], [115.6325691, -1.8830806], [115.6314897, -1.8866466], [115.6306207, -1.8893703], [115.6297892, -1.8919545], [115.628829, -1.8950535], [115.6280243, -1.8978522], [115.6271124, -1.9006937], [115.6262541, -1.9036318], [115.625267, -1.9067844], [115.6243014, -1.909776], [115.6234217, -1.9127034], [115.6225097, -1.9157058], [115.6215978, -1.9187832], [115.6206965, -1.9216677], [115.619806, -1.9245092], [115.6188297, -1.927458], [115.6180894, -1.9301708], [115.6171238, -1.9332804], [115.6160402, -1.9358968], [115.61486, -1.9389742], [115.6136155, -1.9420409], [115.6132615, -1.9453971], [115.6129181, -1.9485495], [115.6124568, -1.9513374], [115.6118989, -1.9547258], [115.611282, -1.958098], [115.6106909, -1.9615764], [115.6101823, -1.9645691], [115.6096272, -1.967731], [115.609045, -1.9707238], [115.6085193, -1.9739513], [115.6079614, -1.9772538], [115.6074464, -1.9803847], [115.6068993, -1.9834728], [115.6063521, -1.9865608], [115.6059122, -1.9893379], [115.6053114, -1.9927905], [115.6047106, -1.9963396], [115.6040668, -1.9999316], [115.6032729, -2.0031054], [115.602479, -2.0064936], [115.6015295, -2.0099676], [115.6002443, -2.0125986], [115.5990887, -2.0149642], [115.5978763, -2.0176126], [115.5963313, -2.020915], [115.5949044, -2.0238958], [115.593617, -2.0267371], [115.5923831, -2.0294498], [115.5908489, -2.0327629], [115.5892986, -2.0360064], [115.5881345, -2.0386922], [115.5854523, -2.0403649], [115.5827486, -2.0420482], [115.5800879, -2.0436994], [115.5774164, -2.0453613], [115.5750024, -2.0468624], [115.5728567, -2.0482134], [115.5702603, -2.0497895], [115.5675781, -2.0514943], [115.5647993, -2.0531455], [115.5622244, -2.0547109], [115.5594349, -2.0564693], [115.556699, -2.0582277], [115.5542421, -2.0597288], [115.5513775, -2.0614872], [115.549103, -2.062881], [115.546217, -2.0646823], [115.5434489, -2.066387], [115.5407882, -2.0680811], [115.5380952, -2.0697215], [115.5354237, -2.0713727], [115.5323124, -2.0732383], [115.5292654, -2.0751682], [115.5269694, -2.0765835], [115.5246627, -2.0779881], [115.5223668, -2.079339], [115.5196094, -2.0811081], [115.5165625, -2.0830058], [115.5142236, -2.0844104], [115.5115735, -2.086083], [115.5085266, -2.0879593], [115.5057049, -2.0897498], [115.5032158, -2.0912616], [115.500834, -2.0927304], [115.4981518, -2.0943923], [115.4956841, -2.0960113], [115.4930341, -2.0976731], [115.4900408, -2.0995387], [115.4877233, -2.1009915], [115.4849231, -2.1027498], [115.48186, -2.1046743], [115.478813, -2.1065989], [115.4759914, -2.1083572], [115.4732019, -2.110137], [115.4702139, -2.112544], [115.4682022, -2.1142005], [115.4668987, -2.116854], [115.4656005, -2.1195827], [115.4642326, -2.1223166], [115.4629022, -2.1250077], [115.4614971, -2.1277285], [115.4603165, -2.1302237], [115.4590076, -2.1328237], [115.4580688, -2.135579], [115.4571569, -2.1381843], [115.4563791, -2.1403822], [115.4553437, -2.1432716], [115.4542977, -2.1462682], [115.4533267, -2.1490611], [115.4527205, -2.1518969], [115.4521304, -2.1547273], [115.4513633, -2.158134], [115.4490191, -2.1607795], [115.447002, -2.1630577], [115.4481608, -2.1657916], [115.4490566, -2.1690455], [115.4490727, -2.1695119]]}, "properties": {"id": "TRM-KLM-0023", "system": "Kalselteng", "voltage_class": "150 kV", "voltage_kv_max": 150.0, "voltage_kv_all": "150", "length_km": 92.289, "osm_id": "way/611647738", "osm_voltage": "150000", "source_id": "OSM-overpass", "color": "#1f77b4", "weight": 1.8, "from_id": "GI-KLM-0092", "from_name": "GI Muara Komam", "from_distance_km": 0.095, "to_id": "GI-KLM-0042", "to_name": "GI TANJUNG", "to_distance_km": 2.816, "endpoint_confidence": "both", "circuit_id": "CIRC-KALIMANTAN-0021", "circuit_from_id": "GI-KLM-0092", "circuit_from_name": "GI Muara Komam", "circuit_to_id": "GI-KLM-0042", "circuit_to_name": "GI TANJUNG", "circuit_length_km": 92.289, "circuit_segment_count": 1, "match_tier": "UNMATCHED_BASELINE"}}, {"type": "Feature", "geometry": {"type": "LineString", "coordinates": [[117.2920775, -0.3149756], [117.2923082, -0.3150077], [117.2923136, -0.3154396]]}, "properties": {"id": "TRM-KLM-0024", "system": "Mahakam", "voltage_class": "150 kV", "voltage_kv_max": 150.0, "voltage_kv_all": "150", "length_km": 0.074, "osm_id": "way/612348763", "osm_voltage": "150000", "source_id": "OSM-overpass", "color": "#1f77b4", "weight": 1.8, "from_id": "", "from_name": "", "from_distance_km": "", "to_id": "", "to_name": "", "to_distance_km": "", "endpoint_confidence": "none", "circuit_id": "", "circuit_from_id": "", "circuit_from_name": "", "circuit_to_id": "", "circuit_to_name": "", "circuit_length_km": "", "circuit_segment_count": "", "match_tier": "BASELINE_UNRESOLVED"}}, {"type": "Feature", "geometry": {"type": "LineString", "coordinates": [[114.7727966, -3.728383], [114.7736013, -3.7311024], [114.7742343, -3.7332008], [114.7751248, -3.7363377], [114.7758543, -3.7387572], [114.7767126, -3.7416478], [114.7776461, -3.7449024], [114.7785795, -3.748157], [114.7794163, -3.7510476], [114.780339, -3.7540667], [114.781208, -3.7571392], [114.7820878, -3.7601583], [114.7829777, -3.7631561], [114.7839707, -3.7665014], [114.7848612, -3.7695204], [114.7857463, -3.7725608], [114.7866583, -3.7755423], [114.7875166, -3.7786362], [114.7884285, -3.7817086], [114.789319, -3.7847062], [114.7901988, -3.7877572], [114.7910786, -3.7905834], [114.792012, -3.7938914], [114.7928486, -3.7967676], [114.7938788, -3.8001754], [114.7947854, -3.8030819], [114.7956831, -3.8063816], [114.7966897, -3.809612], [114.7975259, -3.812508], [114.7983634, -3.8154088], [114.799211, -3.8180102], [114.800132, -3.8212543], [114.8009807, -3.8242437], [114.8018718, -3.8273824], [114.8029339, -3.8308936], [114.8038512, -3.8340997], [114.8047525, -3.8372576], [114.8052893, -3.8391178], [114.8059799, -3.8415107], [114.8068392, -3.8444886], [114.8077726, -3.8476251], [114.8087275, -3.8509703], [114.8096716, -3.8542566], [114.8105836, -3.8572753], [114.811517, -3.8604117], [114.8124772, -3.8637408], [114.813298, -3.8664865], [114.8142207, -3.8696603], [114.8150146, -3.8722936], [114.8160767, -3.8759224], [114.8169672, -3.8789624], [114.8178041, -3.8817883], [114.8187375, -3.885021], [114.8195529, -3.8877505], [114.820438, -3.8908333], [114.8213178, -3.893777], [114.8222828, -3.8970639], [114.8230934, -3.8998247], [114.8239517, -3.9027362], [114.8248422, -3.905744], [114.8256786, -3.9088924], [114.8266767, -3.9122591], [114.8276424, -3.9152597], [114.8286402, -3.9185083], [114.82952, -3.9215964], [114.8314404, -3.9241546], [114.8335218, -3.926777], [114.8353189, -3.9290622], [114.8373842, -3.9317327], [114.8390686, -3.9339055], [114.8407203, -3.9360227], [114.8427594, -3.9386365], [114.8445189, -3.9407986], [114.8462355, -3.9430463], [114.8479736, -3.9452619], [114.849894, -3.9477986], [114.851705, -3.9500993], [114.8537779, -3.9527329], [114.8557717, -3.9552887], [114.8576188, -3.9576564], [114.8593354, -3.9598613], [114.8610628, -3.9620233], [114.8630637, -3.9646456], [114.8651129, -3.9672037], [114.867956, -3.9668933], [114.870944, -3.9665855], [114.8743021, -3.9661976], [114.8775206, -3.9659112], [114.8806905, -3.9655444], [114.8838213, -3.9652019], [114.8871607, -3.9648329], [114.8903096, -3.9644958], [114.8935497, -3.964164], [114.8965645, -3.9638322], [114.8992467, -3.9635539], [114.9023259, -3.9632435], [114.9055939, -3.962883], [114.9088275, -3.9625264], [114.9120891, -3.9621839], [114.9150356, -3.9618831], [114.9180651, -3.9615738], [114.9207151, -3.9612848], [114.9233544, -3.9610172], [114.926042, -3.9607229], [114.9293357, -3.960359], [114.9319053, -3.9601074], [114.9358535, -3.9597061], [114.9389326, -3.9593475], [114.9421406, -3.9590371], [114.9452197, -3.9586839], [114.948374, -3.9583842], [114.9514103, -3.958031], [114.9545646, -3.9577313], [114.9577403, -3.957346], [114.9606647, -3.9570448], [114.9636626, -3.9567359], [114.9669027, -3.9563827], [114.9696654, -3.9560991], [114.9728894, -3.9558476], [114.9759042, -3.9555532], [114.9795628, -3.9551625], [114.9828136, -3.954804], [114.9861717, -3.954424], [114.9891007, -3.9540922], [114.9920618, -3.9537711], [114.9952268, -3.95345], [114.9985206, -3.9530968], [115.0017071, -3.9527543], [115.0049901, -3.9524332], [115.0080693, -3.95208], [115.011009, -3.951791], [115.0143671, -3.9514271], [115.0174677, -3.9510846], [115.0209117, -3.9507421], [115.0240338, -3.9503889], [115.027282, -3.9500654], [115.0303745, -3.9497574], [115.0328743, -3.9500249], [115.0353312, -3.9503246], [115.0378203, -3.9506029], [115.039773, -3.9487727], [115.0422299, -3.9464821], [115.0445259, -3.9442665], [115.0468111, -3.9421687], [115.0488174, -3.9402527], [115.0507593, -3.9384117], [115.0527871, -3.9365065], [115.0547933, -3.9345906], [115.0569069, -3.9326104], [115.0590634, -3.9305981], [115.0612199, -3.9285538], [115.063355, -3.9265415], [115.0656617, -3.92439], [115.0677001, -3.9224955], [115.0699425, -3.9203761], [115.0721419, -3.9182782], [115.074116, -3.9163943], [115.0769913, -3.9170366], [115.0790512, -3.9181712], [115.081476, -3.9195305], [115.0841474, -3.9210612], [115.0865829, -3.9223991], [115.0894368, -3.9239726], [115.0921404, -3.9255032], [115.0954771, -3.9252142], [115.0988138, -3.9249306], [115.1033628, -3.9243633]]}, "properties": {"id": "TRM-KLM-0025", "system": "Kalselteng", "voltage_class": "150 kV", "voltage_kv_max": 150.0, "voltage_kv_all": "150", "length_km": 57.126, "osm_id": "way/612650467", "osm_voltage": "150000", "source_id": "OSM-overpass", "color": "#1f77b4", "weight": 1.8, "from_id": "GI-KLM-0034", "from_name": "GI PELAIHARI", "from_distance_km": 1.714, "to_id": "GI-KLM-0044", "to_name": "GI ASAM ASAM", "to_distance_km": 0.372, "endpoint_confidence": "both", "circuit_id": "CIRC-KALIMANTAN-0022", "circuit_from_id": "GI-KLM-0034", "circuit_from_name": "GI PELAIHARI", "circuit_to_id": "GI-KLM-0044", "circuit_to_name": "GI ASAM ASAM", "circuit_length_km": 57.126, "circuit_segment_count": 1, "match_tier": "UNMATCHED_BASELINE"}}, {"type": "Feature", "geometry": {"type": "LineString", "coordinates": [[115.2943897, -2.4174802], [115.2945292, -2.4199363], [115.2947974, -2.4224071], [115.2949476, -2.4257783], [115.2950764, -2.428994], [115.2952695, -2.4325099], [115.2953875, -2.4360419], [115.2955913, -2.439472], [115.2957523, -2.4428914], [115.2959132, -2.4463001], [115.2960741, -2.4498052], [115.2961922, -2.4531817], [115.2963745, -2.4566225], [115.2965033, -2.4601919], [115.2967071, -2.4635255], [115.2968895, -2.4668055], [115.2970183, -2.4702677], [115.2971148, -2.4736763], [115.2972758, -2.4772027], [115.2974474, -2.4806113], [115.2976406, -2.4840735], [115.2977693, -2.4874928], [115.2979088, -2.4909549], [115.2980804, -2.4943956], [115.2982843, -2.4978363], [115.2984559, -2.5014056], [115.2985847, -2.5047284], [115.2987242, -2.5081047], [115.2988851, -2.5115239], [115.299046, -2.5149539], [115.2990675, -2.5180515], [115.2993357, -2.5218244], [115.2995503, -2.5254794], [115.2996576, -2.5287056], [115.2998292, -2.5323713], [115.2999151, -2.5354689], [115.3015458, -2.5386522], [115.3029942, -2.541364], [115.3045607, -2.5440757], [115.306052, -2.5471411], [115.3075325, -2.5499922], [115.3089058, -2.5526074], [115.3103542, -2.5554049], [115.3118348, -2.5581809], [115.3133261, -2.5609997], [115.3147638, -2.5638079], [115.3162122, -2.5666267], [115.3176768, -2.5693941], [115.3191798, -2.5722339], [115.3206539, -2.5750189], [115.3221506, -2.5777949], [115.3235882, -2.5806459], [115.3242642, -2.5838827], [115.3249186, -2.587141], [115.3256106, -2.5903938], [115.326367, -2.593711], [115.3270858, -2.5970121], [115.3274733, -2.5989525], [115.3277457, -2.6002971], [115.328443, -2.6035285], [115.3291297, -2.6068081], [115.3298056, -2.6101306], [115.3310072, -2.6133138], [115.332284, -2.6166791], [115.3335071, -2.619873], [115.3347301, -2.6231204], [115.3360069, -2.6265179], [115.3371763, -2.6296367], [115.3384638, -2.6330342], [115.3396976, -2.6360243], [115.3379542, -2.6394379], [115.336318, -2.6424923], [115.3358735, -2.6438795], [115.3353202, -2.645595], [115.3342795, -2.6487138], [115.3331262, -2.6519987], [115.3320533, -2.6552728], [115.3311944, -2.6579167], [115.3307778, -2.6618889], [115.3305191, -2.6648916], [115.3302669, -2.667962], [115.3300041, -2.6711611], [115.3293443, -2.6741459], [115.3286362, -2.6772485], [115.3279334, -2.6803779], [115.3274004, -2.6833894]]}, "properties": {"id": "TRM-KLM-0026", "system": "Kalselteng", "voltage_class": "150 kV", "voltage_kv_max": 150.0, "voltage_kv_all": "150", "length_km": 30.726, "osm_id": "way/612650469", "osm_voltage": "150000", "source_id": "OSM-overpass", "color": "#1f77b4", "weight": 1.8, "from_id": "GI-KLM-0041", "from_name": "GI AMUNTAI", "from_distance_km": 0.111, "to_id": "GI-KLM-0039", "to_name": "GI BARIKIN", "to_distance_km": 0.076, "endpoint_confidence": "both", "circuit_id": "CIRC-KALIMANTAN-0023", "circuit_from_id": "GI-KLM-0041", "circuit_from_name": "GI AMUNTAI", "circuit_to_id": "GI-KLM-0039", "circuit_to_name": "GI BARIKIN", "circuit_length_km": 30.726, "circuit_segment_count": 1, "match_tier": "CONFIRMED_MATCH", "match_reason": "pair match (GI BARIKIN — GI AMUNTAI), voltage=150 matches", "ruptl_id": "RUPTL-KALIMANTAN-T-0044", "voltage_kv_ruptl": "150", "length_km_ruptl": "60.0", "target_cod_year_ruptl": "2030", "action_type_ruptl": ""}}, {"type": "Feature", "geometry": {"type": "LineString", "coordinates": [[114.7727966, -3.728383], [114.7724855, -3.7284366], [114.7693956, -3.7287471], [114.7649968, -3.7291646], [114.7610539, -3.7294644], [114.758128, -3.7297107], [114.7579457, -3.7298155]]}, "properties": {"id": "TRM-KLM-0027", "system": "Kalselteng", "voltage_class": "150 kV", "voltage_kv_max": 150.0, "voltage_kv_all": "150", "length_km": 1.658, "osm_id": "way/613094693", "osm_voltage": "150000", "source_id": "OSM-overpass", "color": "#1f77b4", "weight": 1.8, "from_id": "GI-KLM-0034", "from_name": "GI PELAIHARI", "from_distance_km": 1.714, "to_id": "GI-KLM-0034", "to_name": "GI PELAIHARI", "to_distance_km": "", "endpoint_confidence": "both", "circuit_id": "CIRC-KALIMANTAN-0024", "circuit_from_id": "GI-KLM-0034", "circuit_from_name": "GI PELAIHARI", "circuit_to_id": "GI-KLM-0034", "circuit_to_name": "GI PELAIHARI", "circuit_length_km": 1.658, "circuit_segment_count": 1, "match_tier": "UNMATCHED_BASELINE"}}, {"type": "Feature", "geometry": {"type": "LineString", "coordinates": [[114.8493874, -3.4659181], [114.8492771, -3.4654945], [114.8457258, -3.4664222], [114.8425448, -3.4670942], [114.8395944, -3.4676939], [114.8364615, -3.4683686], [114.8338652, -3.4688719], [114.8310971, -3.469493], [114.8280609, -3.4701249], [114.8252124, -3.4707366], [114.8221493, -3.4713886], [114.8193061, -3.4719883], [114.8164201, -3.4725559], [114.8135662, -3.4731663], [114.8102832, -3.4738838], [114.8072791, -3.4745049], [114.8044574, -3.475126], [114.8013675, -3.4757686], [114.7984493, -3.4757258], [114.7954559, -3.4756936], [114.7923875, -3.4756829], [114.7892225, -3.4756722], [114.7861111, -3.4756508], [114.7835576, -3.4756294], [114.7803819, -3.4756187], [114.7772169, -3.4755972], [114.7739017, -3.4755651], [114.7707045, -3.4755651], [114.7673893, -3.4755865], [114.7641384, -3.4755544], [114.7608662, -3.4755116], [114.7575569, -3.4755029], [114.757154, -3.4753998], [114.7543135, -3.4754969], [114.7512625, -3.4746763], [114.7482437, -3.4738684], [114.7452235, -3.4730378], [114.7421873, -3.4722132], [114.7391832, -3.4713671], [114.7360504, -3.4705318], [114.7330785, -3.4697929], [114.73001, -3.4689576], [114.7268236, -3.4683472], [114.7233689, -3.4676939], [114.7198927, -3.4670406], [114.7167277, -3.4664838], [114.7136056, -3.4658733], [114.7103161, -3.4652547], [114.7070289, -3.4646364], [114.7039497, -3.464101], [114.7007149, -3.4633513], [114.6975768, -3.4626445], [114.6944761, -3.461943], [114.6911287, -3.4612255], [114.6879852, -3.4605294], [114.6849811, -3.4598547], [114.682138, -3.459255], [114.6787906, -3.4584411], [114.6754324, -3.4577343], [114.6726107, -3.4559351], [114.6697569, -3.4541788], [114.6670103, -3.4524225], [114.6642101, -3.4507625], [114.6612704, -3.4489205], [114.6585238, -3.4471963], [114.6559274, -3.445547], [114.6531916, -3.4438656], [114.6503913, -3.4421093], [114.6487176, -3.4398603], [114.6470439, -3.4376863], [114.644705, -3.4361976], [114.6422589, -3.4346019], [114.6397805, -3.4330276], [114.6373236, -3.4314212], [114.6348131, -3.4298147], [114.6323347, -3.428219], [114.6298349, -3.4265269], [114.6271191, -3.4248588]]}, "properties": {"id": "TRM-KLM-0028", "system": "Kalselteng", "voltage_class": "150 kV", "voltage_kv_max": 150.0, "voltage_kv_all": "150", "length_km": 26.219, "osm_id": "way/613098762", "osm_voltage": "150000", "source_id": "OSM-overpass", "color": "#1f77b4", "weight": 1.8, "from_id": "GI-KLM-0032", "from_name": "GI CEMPAKA 70", "from_distance_km": 0.109, "to_id": "GI-KLM-0029", "to_name": "GI MANTUIL", "to_distance_km": 0.11, "endpoint_confidence": "both", "circuit_id": "CIRC-KALIMANTAN-0025", "circuit_from_id": "GI-KLM-0032", "circuit_from_name": "GI CEMPAKA 70", "circuit_to_id": "GI-KLM-0029", "circuit_to_name": "GI MANTUIL", "circuit_length_km": 26.219, "circuit_segment_count": 1, "match_tier": "UNMATCHED_BASELINE"}}, {"type": "Feature", "geometry": {"type": "LineString", "coordinates": [[113.4351683, -1.9187511], [113.4350824, -1.9178611], [113.4349751, -1.9145156], [113.4348142, -1.9110735], [113.4347498, -1.9076958], [113.4345782, -1.9042645], [113.4336394, -1.9010476]]}, "properties": {"id": "TRM-KLM-0029", "system": "Kalselteng", "voltage_class": "150 kV", "voltage_kv_max": 150.0, "voltage_kv_all": "150", "length_km": 1.985, "osm_id": "way/613865137", "osm_voltage": "150000", "source_id": "OSM-overpass", "color": "#1f77b4", "weight": 1.8, "from_id": "GI-KLM-0055", "from_name": "GI KASONGAN", "from_distance_km": 2.188, "to_id": "GI-KLM-0055", "to_name": "GI KASONGAN", "to_distance_km": "", "endpoint_confidence": "both", "circuit_id": "CIRC-KALIMANTAN-0026", "circuit_from_id": "GI-KLM-0055", "circuit_from_name": "GI KASONGAN", "circuit_to_id": "GI-KLM-0055", "circuit_to_name": "GI KASONGAN", "circuit_length_km": 1.985, "circuit_segment_count": 1, "match_tier": "UNMATCHED_BASELINE"}}, {"type": "Feature", "geometry": {"type": "LineString", "coordinates": [[112.9208547, -2.4816082], [112.9213321, -2.4814688], [112.9229522, -2.4794537], [112.9246473, -2.4775565], [112.926482, -2.475402], [112.9285633, -2.4730331], [112.9304087, -2.4709537], [112.9322541, -2.4688313], [112.9340136, -2.4668162], [112.9357839, -2.4648117], [112.9371035, -2.4619391], [112.9384231, -2.45912], [112.9397643, -2.456183], [112.9411375, -2.4532782], [112.9424465, -2.4504269], [112.9438305, -2.4475863], [112.9451179, -2.4446708], [112.9464376, -2.4418195], [112.9477894, -2.4389039], [112.9491198, -2.4360365], [112.9504448, -2.4331531], [112.9517298, -2.4302394], [112.9530519, -2.4272414], [112.9544145, -2.4244598], [112.9558039, -2.4215174], [112.9570484, -2.4187732], [112.9584163, -2.4158683], [112.9597199, -2.412958], [112.9609966, -2.4101924], [112.9623753, -2.4072661], [112.9636842, -2.4044093], [112.9650736, -2.401499], [112.9662377, -2.3988245], [112.9677129, -2.3963323], [112.9693758, -2.3935398], [112.9711461, -2.3905169], [112.9726535, -2.387896], [112.9743127, -2.3850897], [112.9757971, -2.3825791], [112.977324, -2.3800364], [112.9788709, -2.3774605], [112.9803622, -2.3748825], [112.9817194, -2.3726153], [112.9815102, -2.369603], [112.9813063, -2.3663978], [112.9811025, -2.3630962], [112.9808664, -2.3598159], [112.9806304, -2.3565679], [112.9804251, -2.3533828], [112.9802107, -2.3500583], [112.9800018, -2.3468172], [112.9797935, -2.3435862], [112.9795575, -2.3403702], [112.9793322, -2.3372078], [112.9791123, -2.3340194], [112.9789138, -2.3311403], [112.9787076, -2.3275052], [112.978549, -2.3247084], [112.9783022, -2.3217389], [112.9780879, -2.3185758], [112.977874, -2.3154172], [112.9776597, -2.312254], [112.9774439, -2.3090678], [112.9771972, -2.3059697], [112.9769933, -2.3028608], [112.9767251, -2.299634], [112.9765642, -2.2963751], [112.9763247, -2.2932408], [112.9760971, -2.2899865], [112.9758732, -2.2867594], [112.9756616, -2.2835207], [112.9754062, -2.2803476], [112.975208, -2.2769979], [112.9750242, -2.2740501], [112.9750271, -2.2707212], [112.9750913, -2.2675802], [112.9750997, -2.2642945], [112.9751694, -2.2612016], [112.9752982, -2.257964], [112.9752674, -2.2550481], [112.9753143, -2.2519177], [112.9753947, -2.2486961], [112.9754484, -2.2455496], [112.9754913, -2.2424782], [112.9755396, -2.2392674], [112.9755771, -2.236094], [112.9756737, -2.2330279], [112.9757273, -2.229726], [112.9758131, -2.2265848], [112.975868, -2.2234174], [112.9759227, -2.2202602], [112.9759777, -2.2170922], [112.9760338, -2.2138541], [112.9760867, -2.2107984], [112.9761457, -2.2074267], [112.9762208, -2.2044141], [112.9762836, -2.201214], [112.9763442, -2.198121], [112.9763764, -2.194776], [112.9764622, -2.1914096], [112.9765212, -2.1884614], [112.9765717, -2.1857916], [112.9766339, -2.1825005], [112.9767144, -2.1793083], [112.9767659, -2.1761], [112.9768163, -2.1729587], [112.976886, -2.1697745], [112.9769504, -2.1666439], [112.9769826, -2.1634705], [112.9770582, -2.1603024], [112.9771331, -2.1571603], [112.9772186, -2.1535748], [112.9773044, -2.1500689], [112.9773581, -2.1466059], [112.9774654, -2.1435825], [112.9775405, -2.1405162], [112.9775945, -2.1377665], [112.9776603, -2.1344157], [112.9777248, -2.1311301], [112.9777916, -2.1277264], [112.9778516, -2.12467], [112.9785222, -2.1220057], [112.9793537, -2.1189447], [112.980153, -2.1159159], [112.9809818, -2.1128522], [112.9818779, -2.1095481], [112.98262, -2.1067005], [112.983381, -2.1037228], [112.9842149, -2.1006069], [112.9850024, -2.0975981], [112.9858613, -2.0944629], [112.9866707, -2.0914331], [112.98747, -2.0883828], [112.9882747, -2.0852681], [112.9890073, -2.0823144], [112.9898017, -2.079396], [112.9905529, -2.0765022], [112.99137, -2.073635], [112.9921746, -2.0706115], [112.99299, -2.0676522], [112.9937839, -2.0645429], [112.9945993, -2.061455], [112.9954147, -2.0584636], [112.9961282, -2.0555285], [112.9969919, -2.0524915], [112.9977965, -2.0493178], [112.9985583, -2.0464657], [112.9993844, -2.0433349], [113.0001891, -2.0403006], [113.0009937, -2.0373734], [113.0018628, -2.0339745], [113.0024636, -2.031798], [113.0033111, -2.0285492], [113.0041051, -2.0254505], [113.0048186, -2.0228396], [113.0055588, -2.0198964], [113.0058441, -2.0184771], [113.0063045, -2.0170765], [113.0088901, -2.0161812], [113.0116944, -2.0151258], [113.0144275, -2.0140973], [113.0172238, -2.0130449], [113.0200039, -2.012012], [113.022766, -2.0109857], [113.0254769, -2.0099784], [113.0285306, -2.008804], [113.0314551, -2.0076793], [113.0336738, -2.006826], [113.05776, -1.9802024], [113.0606856, -1.9793359], [113.0636608, -1.9784547], [113.066625, -1.9775963], [113.0697334, -1.9766962], [113.0726731, -1.9758491], [113.0752373, -1.9750771], [113.0778631, -1.9750691], [113.0812347, -1.9751093], [113.0844962, -1.9751736], [113.0880153, -1.9751522], [113.0913091, -1.9752058], [113.0947637, -1.9752165], [113.0981648, -1.9751629], [113.10148, -1.9752272], [113.1048918, -1.9752701], [113.107456, -1.9753559], [113.1103098, -1.9753559], [113.1128418, -1.9753452], [113.1155991, -1.9753559], [113.1180131, -1.9752808], [113.1204593, -1.974348], [113.1230557, -1.973383], [113.1256628, -1.9723965], [113.1282484, -1.97141], [113.1308663, -1.9704128], [113.1334841, -1.9694049], [113.1360376, -1.9684506], [113.1388163, -1.9674105], [113.1417668, -1.966349], [113.1446421, -1.9652553], [113.1474731, -1.9641936], [113.1503606, -1.9631108], [113.1532144, -1.9620278], [113.156079, -1.9609341], [113.1589351, -1.9598396], [113.1617868, -1.9587467], [113.1646728, -1.9576852], [113.1675482, -1.9566236], [113.1703591, -1.955605], [113.173331, -1.9544684], [113.1764424, -1.953364], [113.1797361, -1.9520987], [113.1821608, -1.951198], [113.1849718, -1.9501472], [113.1877935, -1.9491178], [113.1905079, -1.9480992], [113.1933725, -1.9469626], [113.1963409, -1.9458345], [113.1992412, -1.9447323], [113.2022023, -1.943601], [113.2049972, -1.9425877], [113.2077008, -1.9415798], [113.2107639, -1.9404432], [113.2137036, -1.939328], [113.2164663, -1.9382558], [113.2193586, -1.9380092], [113.2221901, -1.9377679], [113.2250923, -1.9374837], [113.2277584, -1.9372693], [113.2305729, -1.9370287], [113.2331737, -1.9368063], [113.2356602, -1.9365938], [113.238498, -1.9362721], [113.2411587, -1.9360469], [113.2438463, -1.9358056], [113.2466841, -1.9356233], [113.2494146, -1.9353338], [113.2527566, -1.9350175], [113.255766, -1.9347548], [113.2587218, -1.9344867], [113.2613987, -1.9342562], [113.2639039, -1.9340525], [113.2671869, -1.9337522], [113.2704857, -1.9334493], [113.2732594, -1.9331946], [113.2763922, -1.9329051], [113.2793856, -1.9326263], [113.2826793, -1.9322725], [113.2852757, -1.9320902], [113.2883066, -1.9318436], [113.2911551, -1.9316077], [113.2941447, -1.9313192], [113.2970665, -1.9310373], [113.3001566, -1.9307391], [113.3029783, -1.9305032], [113.3059287, -1.9302352], [113.3087289, -1.9300207], [113.3117974, -1.9297526], [113.3146727, -1.9294631], [113.3178162, -1.9291951], [113.3209276, -1.9289377], [113.3240497, -1.9286482], [113.3271825, -1.9283694], [113.3304226, -1.9280799], [113.3335018, -1.9277689], [113.3366883, -1.9274901], [113.3398104, -1.9272328], [113.3425569, -1.9269755], [113.3453035, -1.9270505], [113.3487153, -1.9271792], [113.3513868, -1.9273079], [113.3541548, -1.9273615], [113.3571052, -1.9273186], [113.359766, -1.9274044], [113.3624804, -1.9274901], [113.3655167, -1.9275759], [113.3684456, -1.9277689], [113.3713746, -1.9279298], [113.3745396, -1.9281121], [113.3780372, -1.9283158], [113.3802473, -1.9273507], [113.3824897, -1.9263321], [113.3850539, -1.9251311], [113.3878219, -1.9238444], [113.3901501, -1.9228257], [113.3934438, -1.9224504], [113.3965337, -1.9221824], [113.3997631, -1.9218929], [113.4026492, -1.9216355], [113.405664, -1.9213996], [113.4085822, -1.9211423], [113.4115541, -1.9208849], [113.4145152, -1.9206276], [113.4174442, -1.920338], [113.4203732, -1.9200914], [113.423388, -1.9198234], [113.4263062, -1.9195553], [113.4292567, -1.9192872], [113.4321856, -1.9190084], [113.4351683, -1.9187511]]}, "properties": {"id": "TRM-KLM-0030", "system": "Kalselteng", "voltage_class": "150 kV", "voltage_kv_max": 150.0, "voltage_kv_all": "150", "length_km": 104.172, "osm_id": "way/613865138", "osm_voltage": "150000", "source_id": "OSM-overpass", "color": "#1f77b4", "weight": 1.8, "from_id": "GI-KLM-0062", "from_name": "GI SAMPIT", "from_distance_km": 0.01, "to_id": "GI-KLM-0055", "to_name": "GI KASONGAN", "to_distance_km": 2.188, "endpoint_confidence": "both", "circuit_id": "CIRC-KALIMANTAN-0027", "circuit_from_id": "GI-KLM-0062", "circuit_from_name": "GI SAMPIT", "circuit_to_id": "GI-KLM-0055", "circuit_to_name": "GI KASONGAN", "circuit_length_km": 104.172, "circuit_segment_count": 1, "match_tier": "UNMATCHED_BASELINE"}}, {"type": "Feature", "geometry": {"type": "LineString", "coordinates": [[113.8734251, -2.1749783], [113.8733648, -2.1750654], [113.8729852, -2.1783407], [113.873696, -2.1753844], [113.8738395, -2.1752557]]}, "properties": {"id": "TRM-KLM-0031", "system": "Kalselteng", "voltage_class": "150 kV", "voltage_kv_max": 150.0, "voltage_kv_all": "150", "length_km": 0.738, "osm_id": "way/613865140", "osm_voltage": "150000", "source_id": "OSM-overpass", "color": "#1f77b4", "weight": 1.8, "from_id": "GI-KLM-0053", "from_name": "GI PALANGKARAYA", "from_distance_km": 0.029, "to_id": "GI-KLM-0053", "to_name": "GI PALANGKARAYA", "to_distance_km": "", "endpoint_confidence": "both", "circuit_id": "CIRC-KALIMANTAN-0028", "circuit_from_id": "GI-KLM-0053", "circuit_from_name": "GI PALANGKARAYA", "circuit_to_id": "GI-KLM-0053", "circuit_to_name": "GI PALANGKARAYA", "circuit_length_km": 0.738, "circuit_segment_count": 1, "match_tier": "UNMATCHED_BASELINE"}}, {"type": "Feature", "geometry": {"type": "LineString", "coordinates": [[115.5196148, -3.7123987], [115.5197972, -3.7122702], [115.5202424, -3.7120186], [115.5227154, -3.710343], [115.5254298, -3.708539], [115.5273288, -3.7054984], [115.5288309, -3.7031591], [115.5308425, -3.7000809], [115.5328542, -3.6969921], [115.5365556, -3.6967405], [115.5401713, -3.6964889], [115.5437386, -3.6962427], [115.5476493, -3.6959857], [115.5509323, -3.6963176], [115.5544882, -3.6967048], [115.5575668, -3.697005], [115.5604015, -3.6972815], [115.5632383, -3.6975582], [115.5666083, -3.6978869], [115.5695093, -3.6981698], [115.572567, -3.6984696], [115.575968, -3.6988122], [115.5794281, -3.6991388], [115.5828506, -3.699476], [115.5864125, -3.6998133], [115.5892557, -3.7000756], [115.592823, -3.700445], [115.5929725, -3.7004604], [115.5964601, -3.7008197], [115.5991477, -3.7010552], [115.602259, -3.7013818], [115.60588, -3.7016976], [115.6088787, -3.7020028], [115.6133366, -3.7021634], [115.6157635, -3.7017456], [115.6191516, -3.7011623], [115.6227538, -3.7005842], [115.6260958, -3.6999873], [115.6284589, -3.7006805], [115.6317687, -3.701537], [115.6358027, -3.7026398], [115.6389087, -3.7035231], [115.6417839, -3.7043294], [115.6445682, -3.7051103], [115.6473792, -3.7058464], [115.6496885, -3.7045295], [115.6528696, -3.7027335], [115.6556833, -3.7011516], [115.6586659, -3.6995135], [115.6615289, -3.6979555], [115.6649776, -3.6960789], [115.6681395, -3.6943583], [115.671106, -3.6927416], [115.6743783, -3.6909215], [115.6775325, -3.689187], [115.6806922, -3.6874365], [115.6830418, -3.6851721], [115.6850374, -3.6832127], [115.6874728, -3.6808894], [115.6900692, -3.6783733], [115.6924939, -3.6760178], [115.6945002, -3.6740585], [115.6966031, -3.6719492], [115.6987649, -3.6698614], [115.7013828, -3.6673721], [115.7036197, -3.6651665], [115.7060015, -3.6628377], [115.7085764, -3.6603805], [115.7102716, -3.6587476], [115.7127231, -3.65636], [115.7151371, -3.6540526], [115.7175565, -3.6516971], [115.719772, -3.649561], [115.7226151, -3.6493469], [115.7260537, -3.6491327], [115.7289988, -3.6489347], [115.7320297, -3.6486884], [115.7357258, -3.64841], [115.7388157, -3.6482333], [115.7424197, -3.6479757], [115.7460791, -3.647714], [115.7515776, -3.6465684], [115.7555526, -3.6462847], [115.7591557, -3.6461042], [115.7624996, -3.6459367], [115.766024, -3.6457386], [115.7689476, -3.6455833], [115.7719088, -3.6454441], [115.7752293, -3.6452675], [115.778448, -3.6438541], [115.7819778, -3.6423177], [115.7849121, -3.6410381], [115.787825, -3.6398015], [115.7910812, -3.6383506], [115.7942462, -3.6369694], [115.7974112, -3.6356096], [115.8001256, -3.6345121], [115.8031189, -3.6334842], [115.8061123, -3.6324509], [115.8092827, -3.631332], [115.8121419, -3.6302506], [115.8152372, -3.6291424], [115.8187509, -3.6278361], [115.8215028, -3.6268403], [115.8245283, -3.6256839], [115.82735, -3.6246078], [115.8303595, -3.6234836], [115.8333045, -3.6223646], [115.8363032, -3.6212992], [115.8391303, -3.6201643], [115.842306, -3.6191738], [115.8454496, -3.6181245], [115.8481926, -3.6171713], [115.8487004, -3.6169949], [115.8518386, -3.6159776], [115.8552504, -3.6148427], [115.8582652, -3.6137505], [115.8614087, -3.612653], [115.8641231, -3.6117161], [115.8672076, -3.6106721], [115.8702224, -3.6096227], [115.8735269, -3.6084877], [115.876531, -3.6074598], [115.8795297, -3.6064372], [115.8826411, -3.605254], [115.8859616, -3.6040227], [115.8889335, -3.6028984], [115.8918679, -3.6018062], [115.8950061, -3.6006337], [115.8981442, -3.599488], [115.9012878, -3.5983262], [115.9043885, -3.597161], [115.906958, -3.5961954], [115.910359, -3.5949238], [115.9137064, -3.5936844], [115.9169465, -3.5925012], [115.9203851, -3.5912002], [115.9233785, -3.5901616], [115.9267634, -3.5889409], [115.9297085, -3.5878647], [115.9316021, -3.5850753], [115.9332651, -3.5826661], [115.9353143, -3.5797053], [115.9372401, -3.5769159], [115.939123, -3.5741586], [115.9408235, -3.571669], [115.942347, -3.5694578], [115.94401, -3.5669521], [115.9458446, -3.5643876], [115.9475505, -3.561914], [115.9492993, -3.5594083], [115.9511286, -3.5567259], [115.9529454, -3.5540902], [115.9547909, -3.5514129], [115.95667, -3.5486867], [115.9585929, -3.5458898], [115.9607577, -3.5427409], [115.9624207, -3.5403637], [115.9644592, -3.5373814], [115.9662402, -3.5347926], [115.9681821, -3.5320272], [115.9700811, -3.5292751], [115.971964, -3.5265712], [115.9737825, -3.523878], [115.9756386, -3.5211848], [115.9773552, -3.5187111], [115.9794474, -3.5157448], [115.9813142, -3.5130355], [115.9830844, -3.510444], [115.9851444, -3.5074724], [115.98692, -3.5049023], [115.987891, -3.5020591], [115.9887493, -3.4994997], [115.9896719, -3.4968332], [115.9889048, -3.4938454], [115.9881216, -3.4908522], [115.9873491, -3.4878591], [115.9867591, -3.4852622], [115.9861851, -3.4828955]]}, "properties": {"id": "TRM-KLM-0032", "system": "Kalselteng", "voltage_class": "150 kV", "voltage_kv_max": 150.0, "voltage_kv_all": "150", "length_km": 63.648, "osm_id": "way/613982403", "osm_voltage": "150000", "source_id": "OSM-overpass", "color": "#1f77b4", "weight": 1.8, "from_id": "GI-KLM-0046", "from_name": "GI SATUI", "from_distance_km": 0.023, "to_id": "GI-KLM-0045", "to_name": "GI BATULICIN", "to_distance_km": 0.042, "endpoint_confidence": "both", "circuit_id": "CIRC-KALIMANTAN-0029", "circuit_from_id": "GI-KLM-0046", "circuit_from_name": "GI SATUI", "circuit_to_id": "GI-KLM-0045", "circuit_to_name": "GI BATULICIN", "circuit_length_km": 63.648, "circuit_segment_count": 1, "match_tier": "CONFIRMED_MATCH", "match_reason": "pair match (GI SATUI — GI BATULICIN), voltage=150 matches", "ruptl_id": "RUPTL-KALIMANTAN-T-0031", "voltage_kv_ruptl": "150", "length_km_ruptl": "150.0", "target_cod_year_ruptl": "2025", "action_type_ruptl": ""}}, {"type": "Feature", "geometry": {"type": "LineString", "coordinates": [[114.8662877, -0.8676132], [114.866749, -0.8674308], [114.8678327, -0.8682515], [114.870193, -0.8699893], [114.8738408, -0.8725747], [114.8771302, -0.8749856], [114.8805618, -0.8773726], [114.8844717, -0.878565], [114.8871068, -0.8794294], [114.890857, -0.8805116], [114.8932355, -0.8811774], [114.8962814, -0.8820104], [114.8995091, -0.8828932], [114.90213, -0.8837387], [114.9044487, -0.8845132], [114.9068387, -0.8852542], [114.9098552, -0.8863839], [114.91173, -0.8889265], [114.9135105, -0.8913685], [114.9155199, -0.8941244], [114.9174524, -0.896948], [114.9188767, -0.8988922], [114.920955, -0.9017187], [114.9232571, -0.9048414], [114.9246494, -0.9068145], [114.9266223, -0.9096292], [114.9292338, -0.9136397], [114.9318662, -0.9170023], [114.9346056, -0.920854], [114.9367713, -0.92381], [114.9383426, -0.9259548], [114.9399948, -0.9284114], [114.9417436, -0.9307392], [114.9443507, -0.9343758], [114.9459439, -0.9365803], [114.9475908, -0.9388921], [114.949581, -0.9416222], [114.9501443, -0.9443952], [114.9508309, -0.9476456], [114.9517, -0.9518078], [114.9523169, -0.9548168], [114.9534809, -0.9602073], [114.9542427, -0.9640102], [114.9548896, -0.9672782], [114.9556643, -0.9711921], [114.956485, -0.9750539], [114.9573541, -0.9788085], [114.9579281, -0.9816244], [114.9586362, -0.984687], [114.9593752, -0.9877557], [114.9599723, -0.9908605], [114.9605869, -0.993823], [114.9627375, -0.996899], [114.9645746, -0.9994584], [114.9657226, -1.0011694], [114.9676859, -1.0040014], [114.9698853, -1.0071069], [114.9723583, -1.0105879], [114.9736029, -1.0124276], [114.9760812, -1.0158281], [114.97783, -1.0184616], [114.979552, -1.0209449], [114.9812311, -1.0233263], [114.9828887, -1.0257239], [114.9844444, -1.0279658], [114.9861503, -1.0304331], [114.9881029, -1.0331792], [114.9903667, -1.0363812], [114.9924588, -1.0392239], [114.994846, -1.042383], [114.9967503, -1.0451238], [114.9992448, -1.0487442], [115.0018787, -1.0497686], [115.0050116, -1.0509217], [115.0087291, -1.0522734], [115.0125539, -1.0537215], [115.0160032, -1.0549873], [115.0193238, -1.0562048], [115.0218022, -1.0571059], [115.024198, -1.0580284], [115.0268588, -1.059053], [115.0301599, -1.0602167], [115.0335288, -1.0614825], [115.0373053, -1.0629092], [115.0399768, -1.0638853], [115.0434315, -1.0652477], [115.047211, -1.0665631], [115.0500405, -1.0675808], [115.0535005, -1.0689002], [115.0569713, -1.0701606], [115.0588991, -1.0708603], [115.0612462, -1.0717122], [115.0635303, -1.0725413], [115.0660367, -1.073451], [115.0702599, -1.0749839], [115.0738317, -1.0762803], [115.0763959, -1.0772297], [115.079298, -1.0782809], [115.0819212, -1.0792678], [115.0848877, -1.080319], [115.0867009, -1.0831402], [115.0887099, -1.0862392], [115.0905526, -1.0890507], [115.0923909, -1.0919602], [115.0945088, -1.0953121], [115.0959645, -1.0975937], [115.0980506, -1.100803], [115.0999081, -1.1037144], [115.101952, -1.106911], [115.1043928, -1.1106439], [115.1071018, -1.1149132], [115.1066726, -1.1180132], [115.1062596, -1.121183], [115.1058304, -1.1242401], [115.1053476, -1.1278497], [115.1049828, -1.130585], [115.1045922, -1.133541], [115.104217, -1.1362107], [115.1036573, -1.1401072], [115.1032388, -1.1432686], [115.1027532, -1.1469378], [115.1023013, -1.1503517], [115.101846, -1.1538277], [115.1013809, -1.1570499], [115.1009722, -1.1603482], [115.1007368, -1.1640756], [115.1005426, -1.167679], [115.1004127, -1.1703786], [115.1001946, -1.173715], [115.1000209, -1.1769725], [115.099775, -1.1817691], [115.0995768, -1.1858396], [115.099347, -1.1891627], [115.100197, -1.1933235], [115.1012042, -1.1978932], [115.101847, -1.2012868], [115.1026964, -1.2052206], [115.1033374, -1.2083198], [115.1044066, -1.2134892], [115.1053004, -1.2179082], [115.1060203, -1.2213914], [115.1067914, -1.2252715], [115.107622, -1.2294511], [115.1085368, -1.2338809], [115.109176, -1.2372737], [115.1099779, -1.2413484], [115.110691, -1.2448252], [115.1115302, -1.2490915], [115.1120862, -1.2519522], [115.1126331, -1.2546442], [115.1133762, -1.258273], [115.1140211, -1.2615128], [115.1145491, -1.264398], [115.1150893, -1.2672129], [115.115773, -1.2707231], [115.1165018, -1.2743709], [115.1171847, -1.277789], [115.1175527, -1.2796311], [115.1184106, -1.2838818], [115.1189159, -1.2866664], [115.1194186, -1.2890577], [115.1201298, -1.292875], [115.1209246, -1.2967531], [115.1216435, -1.3003585], [115.1225124, -1.3047361], [115.1230556, -1.3076833], [115.1235677, -1.310807], [115.1242322, -1.3148422], [115.1247613, -1.3182386], [115.1253016, -1.3214786], [115.1257664, -1.3246399], [115.1262275, -1.3277766], [115.1266836, -1.3307146], [115.1272558, -1.3340889], [115.1279596, -1.3385338], [115.1285373, -1.3421826], [115.1289333, -1.3446833], [115.1294682, -1.3479418], [115.1306462, -1.3516329], [115.1315421, -1.3545095], [115.132639, -1.3580724], [115.134016, -1.3622424], [115.1347935, -1.3647513], [115.1363089, -1.3694742], [115.1371554, -1.3721377], [115.1381591, -1.375129], [115.1391909, -1.3783054], [115.1404723, -1.382486], [115.1413389, -1.3850927], [115.1425673, -1.3891231], [115.1438043, -1.3928067], [115.1446773, -1.3956272], [115.1455751, -1.3983785], [115.1463722, -1.4009014], [115.1474234, -1.4041916], [115.1485643, -1.4076053], [115.149887, -1.4117378], [115.1509741, -1.4151034], [115.1523885, -1.4195273], [115.1532002, -1.4220228], [115.1544893, -1.4261015], [115.1554621, -1.4291366], [115.1537817, -1.431782], [115.1511573, -1.4358337], [115.1486085, -1.4397413], [115.1471441, -1.442002], [115.1451161, -1.4451859], [115.1433497, -1.4479265], [115.1415676, -1.4506915], [115.1399867, -1.4531442], [115.1383461, -1.4556956], [115.1362778, -1.4589365], [115.134525, -1.4616582], [115.132727, -1.4644105], [115.1312497, -1.4666719], [115.1289319, -1.47022], [115.1271625, -1.4730651], [115.1255708, -1.4755496], [115.1238075, -1.478291], [115.1216681, -1.481574], [115.1192348, -1.4853845], [115.1174176, -1.4881261], [115.1146281, -1.490861], [115.1112223, -1.494161], [115.1086012, -1.4966499], [115.1059762, -1.4991892], [115.1033587, -1.5017213], [115.1002943, -1.5046857], [115.0980037, -1.5069461], [115.0956032, -1.5092546], [115.0928611, -1.5119444], [115.09025, -1.5145], [115.0880833, -1.5166111], [115.086, -1.5186111], [115.0839444, -1.5206111], [115.0823611, -1.5221111], [115.0794444, -1.5249444], [115.0789089, -1.5269325], [115.0777978, -1.5309658], [115.0770898, -1.5334996], [115.0760984, -1.5372718], [115.0751459, -1.5413425], [115.0741944, -1.5449722], [115.0733333, -1.5484722], [115.0723611, -1.5521667], [115.0715556, -1.5553333], [115.07075, -1.5585556], [115.0699444, -1.5617778], [115.069, -1.5655278], [115.0683333, -1.5680833], [115.0675, -1.5712778], [115.0667222, -1.5743611], [115.0659167, -1.5774722], [115.0651111, -1.5806667], [115.0643611, -1.5835833], [115.0635833, -1.5866389], [115.0627222, -1.5900833], [115.0620278, -1.5926944], [115.0612778, -1.59575], [115.0604444, -1.5990278], [115.0596111, -1.6022222], [115.0588889, -1.6050278], [115.0580833, -1.6081667], [115.0572778, -1.6113889], [115.0563611, -1.6147222], [115.0556667, -1.6176667], [115.0546944, -1.6213056], [115.054, -1.6241389], [115.0525278, -1.6268889], [115.0511944, -1.6293889], [115.0496944, -1.6321389], [115.048, -1.6353056], [115.0466944, -1.63775], [115.0446389, -1.6415], [115.0428889, -1.6446944], [115.0407222, -1.6486389], [115.0391667, -1.6515833], [115.03775, -1.6541111], [115.0355732, -1.6582069], [115.0334464, -1.6622085], [115.0318889, -1.6651389], [115.0303333, -1.6679722], [115.02875, -1.6708611], [115.0271389, -1.6739722], [115.0254722, -1.6770278], [115.0238694, -1.6799966], [115.0222315, -1.6830306], [115.0205989, -1.6860545], [115.0189444, -1.6883333], [115.0172778, -1.6905556], [115.0153889, -1.6931389], [115.0135556, -1.6957778], [115.0114722, -1.6984722], [115.0098056, -1.7008056], [115.0079167, -1.7033056], [115.0059017, -1.7060824], [115.0041239, -1.7085324], [115.0023333, -1.711], [115.0005278, -1.7133889], [114.9985833, -1.7161111], [114.9965833, -1.71875], [114.9946111, -1.7214444], [114.9926944, -1.7238611], [114.9908056, -1.7264167], [114.9895833, -1.7295556], [114.9883056, -1.7326944], [114.98725, -1.7353611], [114.9860278, -1.7383333], [114.984905, -1.7411579], [114.9835999, -1.7438], [114.9823898, -1.74625], [114.9809683, -1.7491294], [114.9808556, -1.7495797]]}, "properties": {"id": "TRM-KLM-0033", "system": "Kalselteng", "voltage_class": "150 kV", "voltage_kv_max": 150.0, "voltage_kv_all": "150", "length_km": 118.083, "osm_id": "way/614102421", "osm_voltage": "150000", "source_id": "OSM-overpass", "color": "#1f77b4", "weight": 1.8, "from_id": "GI-KLM-0050", "from_name": "GI MUARA TEWEH", "from_distance_km": 0.044, "to_id": "GI-KLM-0049", "to_name": "GI BUNTOK", "to_distance_km": 0.032, "endpoint_confidence": "both", "circuit_id": "CIRC-KALIMANTAN-0030", "circuit_from_id": "GI-KLM-0050", "circuit_from_name": "GI MUARA TEWEH", "circuit_to_id": "GI-KLM-0049", "circuit_to_name": "GI BUNTOK", "circuit_length_km": 118.083, "circuit_segment_count": 1, "match_tier": "UNMATCHED_BASELINE"}}, {"type": "Feature", "geometry": {"type": "LineString", "coordinates": [[108.8702926, 0.8299484], [108.8664543, 0.8299373]]}, "properties": {"id": "TRM-KLM-0034", "system": "Khatulistiwa", "voltage_class": "150 kV", "voltage_kv_max": 150.0, "voltage_kv_all": "150", "length_km": 0.427, "osm_id": "way/691239959", "osm_voltage": "150000", "source_id": "OSM-overpass", "color": "#1f77b4", "weight": 1.8, "from_id": "GI-KLM-0015", "from_name": "GIS PLTU Kalbar1", "from_distance_km": "", "to_id": "GI-KLM-0015", "to_name": "GIS PLTU Kalbar1", "to_distance_km": 2.763, "endpoint_confidence": "both", "circuit_id": "CIRC-KALIMANTAN-0031", "circuit_from_id": "GI-KLM-0015", "circuit_from_name": "GIS PLTU Kalbar1", "circuit_to_id": "GI-KLM-0015", "circuit_to_name": "GIS PLTU Kalbar1", "circuit_length_km": 0.427, "circuit_segment_count": 1, "match_tier": "UNMATCHED_BASELINE"}}, {"type": "Feature", "geometry": {"type": "LineString", "coordinates": [[108.8749824, 0.8355858], [108.8740852, 0.8347088], [108.8733978, 0.834034], [108.8720307, 0.832692], [108.8705228, 0.8316717], [108.8674468, 0.8310641], [108.865454, 0.8306681]]}, "properties": {"id": "TRM-KLM-0035", "system": "Khatulistiwa", "voltage_class": "150 kV", "voltage_kv_max": 150.0, "voltage_kv_all": "150", "length_km": 1.237, "osm_id": "way/691239960", "osm_voltage": "150000", "source_id": "OSM-overpass", "color": "#1f77b4", "weight": 1.8, "from_id": "GI-KLM-0015", "from_name": "GIS PLTU Kalbar1", "from_distance_km": "", "to_id": "GI-KLM-0015", "to_name": "GIS PLTU Kalbar1", "to_distance_km": 2.728, "endpoint_confidence": "both", "circuit_id": "CIRC-KALIMANTAN-0032", "circuit_from_id": "GI-KLM-0015", "circuit_from_name": "GIS PLTU Kalbar1", "circuit_to_id": "GI-KLM-0015", "circuit_to_name": "GIS PLTU Kalbar1", "circuit_length_km": 1.237, "circuit_segment_count": 1, "match_tier": "UNMATCHED_BASELINE"}}, {"type": "Feature", "geometry": {"type": "LineString", "coordinates": [[108.9876339, 0.9272126], [108.9875279, 0.9274821]]}, "properties": {"id": "TRM-KLM-0036", "system": "Khatulistiwa", "voltage_class": "150 kV", "voltage_kv_max": 150.0, "voltage_kv_all": "150", "length_km": 0.032, "osm_id": "way/691239962", "osm_voltage": "150000", "source_id": "OSM-overpass", "color": "#1f77b4", "weight": 1.8, "from_id": "GI-KLM-0009", "from_name": "GI SINGKAWANG", "from_distance_km": 0.144, "to_id": "GI-KLM-0009", "to_name": "GI SINGKAWANG", "to_distance_km": "", "endpoint_confidence": "both", "circuit_id": "CIRC-KALIMANTAN-0033", "circuit_from_id": "GI-KLM-0009", "circuit_from_name": "GI SINGKAWANG", "circuit_to_id": "GI-KLM-0009", "circuit_to_name": "GI SINGKAWANG", "circuit_length_km": 0.032, "circuit_segment_count": 1, "match_tier": "UNMATCHED_BASELINE"}}, {"type": "Feature", "geometry": {"type": "LineString", "coordinates": [[108.9874957, 0.9269806], [108.9875279, 0.9274821]]}, "properties": {"id": "TRM-KLM-0037", "system": "Khatulistiwa", "voltage_class": "150 kV", "voltage_kv_max": 150.0, "voltage_kv_all": "150", "length_km": 0.056, "osm_id": "way/691239963", "osm_voltage": "150000", "source_id": "OSM-overpass", "color": "#1f77b4", "weight": 1.8, "from_id": "GI-KLM-0009", "from_name": "GI SINGKAWANG", "from_distance_km": 0.12, "to_id": "GI-KLM-0009", "to_name": "GI SINGKAWANG", "to_distance_km": "", "endpoint_confidence": "both", "circuit_id": "CIRC-KALIMANTAN-0034", "circuit_from_id": "GI-KLM-0009", "circuit_from_name": "GI SINGKAWANG", "circuit_to_id": "GI-KLM-0009", "circuit_to_name": "GI SINGKAWANG", "circuit_length_km": 0.056, "circuit_segment_count": 1, "match_tier": "UNMATCHED_BASELINE"}}, {"type": "Feature", "geometry": {"type": "LineString", "coordinates": [[108.9875279, 0.9274821], [108.9888033, 0.9289706], [108.9890045, 0.9302873], [108.9912951, 0.9328807], [108.9932451, 0.9349256], [108.995643, 0.9371985], [108.9979188, 0.9395531], [108.9996596, 0.9415592], [109.0017249, 0.9441176], [109.0045358, 0.9457723], [109.0071362, 0.9472675]]}, "properties": {"id": "TRM-KLM-0038", "system": "Khatulistiwa", "voltage_class": "150 kV", "voltage_kv_max": 150.0, "voltage_kv_all": "150", "length_km": 3.153, "osm_id": "way/691239964", "osm_voltage": "150000", "source_id": "OSM-overpass", "color": "#1f77b4", "weight": 1.8, "from_id": "GI-KLM-0009", "from_name": "GI SINGKAWANG", "from_distance_km": 0.175, "to_id": "GI-KLM-0009", "to_name": "GI SINGKAWANG", "to_distance_km": "", "endpoint_confidence": "both", "circuit_id": "CIRC-KALIMANTAN-0035", "circuit_from_id": "GI-KLM-0009", "circuit_from_name": "GI SINGKAWANG", "circuit_to_id": "GI-KLM-0009", "circuit_to_name": "GI SINGKAWANG", "circuit_length_km": 3.153, "circuit_segment_count": 1, "match_tier": "UNMATCHED_BASELINE"}}, {"type": "Feature", "geometry": {"type": "LineString", "coordinates": [[109.2059406, 0.0598904], [109.2064673, 0.0597677], [109.2094955, 0.0581369], [109.2107224, 0.0574652], [109.2118961, 0.0568226], [109.2152381, 0.05752], [109.2183119, 0.0575548], [109.2217961, 0.0575897], [109.2250416, 0.0576433], [109.228169, 0.0576702], [109.2312589, 0.0577024], [109.2339492, 0.0567019], [109.2349711, 0.0562614], [109.2361271, 0.0557631], [109.2385197, 0.0546795], [109.2408156, 0.0536469], [109.2445493, 0.0527295], [109.2465609, 0.0502109], [109.24824, 0.0479284], [109.2500907, 0.0454205], [109.2519897, 0.0428912], [109.2534153, 0.0408571], [109.2555651, 0.0377896], [109.2540228, 0.0339809], [109.2536581, 0.0332728], [109.2522209, 0.0304439], [109.2521747, 0.030353], [109.2521639, 0.0303317], [109.2521339, 0.0302728], [109.2516249, 0.0292709], [109.2510727, 0.0278612], [109.2504894, 0.026372], [109.2504884, 0.0263694], [109.2504833, 0.0263563], [109.2501551, 0.0255185], [109.2487335, 0.0217474], [109.2474085, 0.0184321], [109.245767, 0.0141782], [109.2442596, 0.0103909], [109.2435193, 0.0078562], [109.2422935, 0.0043854], [109.2410465, 0.0014522], [109.2398098, -0.0014564], [109.2387503, -0.0038677], [109.2401612, -0.0065446], [109.241336, -0.0090069], [109.2428648, -0.011555], [109.2441899, -0.0137758], [109.2455149, -0.0160181], [109.2471617, -0.0187486], [109.2485136, -0.0210446], [109.2499298, -0.0233298], [109.2520595, -0.0251806], [109.2542535, -0.0270098], [109.2564583, -0.0289249], [109.2587274, -0.0310278], [109.260723, -0.0326049], [109.2633891, -0.034799], [109.2655537, -0.0366202], [109.2677101, -0.0385004], [109.269982, -0.0404558], [109.2723343, -0.0424164], [109.2731792, -0.0432721], [109.2761269, -0.044817], [109.278844, -0.0477353], [109.2806733, -0.049653], [109.2828968, -0.0535074], [109.28471, -0.0558275], [109.2863542, -0.058338], [109.2883068, -0.0606286], [109.2901576, -0.0629595], [109.2917776, -0.0653815], [109.2931992, -0.0672778], [109.295235, -0.0701505], [109.2967263, -0.0723392], [109.2984268, -0.0748685], [109.2986092, -0.0752815]]}, "properties": {"id": "TRM-KLM-0039", "system": "Khatulistiwa", "voltage_class": "150 kV", "voltage_kv_max": 150.0, "voltage_kv_all": "150", "length_km": 22.051, "osm_id": "way/691239968", "osm_voltage": "150000", "source_id": "OSM-overpass", "color": "#1f77b4", "weight": 1.8, "from_id": "GI-KLM-0003", "from_name": "GI PARIT BARU", "from_distance_km": 0.094, "to_id": "GI-KLM-0004", "to_name": "GI KOTA BARU", "to_distance_km": 0.094, "endpoint_confidence": "both", "circuit_id": "CIRC-KALIMANTAN-0036", "circuit_from_id": "GI-KLM-0003", "circuit_from_name": "GI PARIT BARU", "circuit_to_id": "GI-KLM-0004", "circuit_to_name": "GI KOTA BARU", "circuit_length_km": 22.051, "circuit_segment_count": 1, "match_tier": "CONFIRMED_MATCH", "match_reason": "pair match (GI PARIT BARU — GI KOTA BARU), voltage=150 matches", "ruptl_id": "RUPTL-KALIMANTAN-T-0018", "voltage_kv_ruptl": "150", "length_km_ruptl": "40.0", "target_cod_year_ruptl": "2028", "action_type_ruptl": ""}}, {"type": "Feature", "geometry": {"type": "LineString", "coordinates": [[110.0935972, 0.0020331], [110.0934684, 0.0024462], [110.0934175, 0.0049379], [110.0934738, 0.0083739], [110.0934845, 0.0106645], [110.093624, 0.0129068], [110.0937152, 0.0145268], [110.0937742, 0.0167263], [110.0938332, 0.0183678], [110.0939797, 0.0213973], [110.094101, 0.023904], [110.092363, 0.027552], [110.090969, 0.030727], [110.089767, 0.033367], [110.088694, 0.035856], [110.087535, 0.038366], [110.08642, 0.040898], [110.085411, 0.043108], [110.083358, 0.0477172], [110.0799974, 0.0547449], [110.0791109, 0.0570493], [110.0777056, 0.0601989], [110.0765025, 0.0628407], [110.075266, 0.0656663], [110.0739715, 0.0686653], [110.072615, 0.071691], [110.0712837, 0.0745886], [110.0715336, 0.0779955], [110.0716728, 0.0808962], [110.0718488, 0.0836342], [110.0719686, 0.0862971], [110.072143, 0.0890758], [110.0723709, 0.0921328], [110.0725674, 0.0952425], [110.0726601, 0.0985927], [110.0730051, 0.10265], [110.0733128, 0.1072608], [110.0735141, 0.1102775], [110.0752903, 0.114757], [110.0771944, 0.1191722], [110.0783681, 0.1220624], [110.0807781, 0.12669], [110.0835488, 0.1319861], [110.0852542, 0.1352088], [110.0868772, 0.1383758], [110.0888115, 0.1420737], [110.090788, 0.1458863], [110.0882942, 0.1497823], [110.086763, 0.152306], [110.084853, 0.155268], [110.083394, 0.157606], [110.0817411, 0.1602062], [110.080025, 0.162906], [110.078609, 0.165245], [110.077107, 0.167541], [110.075626, 0.16988], [110.074103, 0.17224], [110.072644, 0.174644], [110.071163, 0.177047], [110.069704, 0.179214], [110.069683, 0.182647], [110.069618, 0.186939], [110.069554, 0.190158], [110.069511, 0.19535], [110.069404, 0.200586], [110.069382, 0.204513], [110.069253, 0.208225], [110.070133, 0.212237], [110.071528, 0.216679], [110.0726062, 0.2201981], [110.0744837, 0.2268338], [110.0751758, 0.2294034], [110.0763398, 0.2334266], [110.0769192, 0.2356904], [110.0781208, 0.2379595], [110.0791347, 0.2399283], [110.0804812, 0.2425139], [110.0821817, 0.2457915], [110.0836837, 0.2485703], [110.0850248, 0.2511988], [110.0862586, 0.2535859], [110.0873476, 0.2557049], [110.0885439, 0.2579579], [110.0900084, 0.2607796], [110.0916713, 0.2637997], [110.0910357, 0.2671202], [110.0904268, 0.2705829], [110.0899869, 0.2728467], [110.0903088, 0.2774252], [110.0905046, 0.2816952], [110.0906843, 0.2848736], [110.090856, 0.2875799], [110.0910062, 0.2900072], [110.089429, 0.2921449], [110.0879109, 0.294339], [110.0657688, 0.3226255], [110.0535745, 0.3280292], [110.0491395, 0.3301513], [110.0458677, 0.3318112], [110.0410781, 0.3341634], [110.0366551, 0.3364083], [110.0332679, 0.3381137], [110.029904, 0.3397638], [110.0264722, 0.3415237], [110.0231087, 0.3431598], [110.0185114, 0.3454557], [110.0153035, 0.347065], [110.0096846, 0.3498789], [110.0068919, 0.3512865], [110.005166, 0.3514526], [110.0034024, 0.3516123], [110.0017308, 0.3506819], [110.0018221, 0.3502825]]}, "properties": {"id": "TRM-KLM-0040", "system": "Khatulistiwa", "voltage_class": "150 kV", "voltage_kv_max": 150.0, "voltage_kv_all": "150", "length_km": 46.765, "osm_id": "way/691239969", "osm_voltage": "150000", "source_id": "OSM-overpass", "color": "#1f77b4", "weight": 1.8, "from_id": "GI-KLM-0005", "from_name": "GI TAYAN", "from_distance_km": 0.049, "to_id": "GI-KLM-0013", "to_name": "GI NGABANG", "to_distance_km": 0.015, "endpoint_confidence": "both", "circuit_id": "CIRC-KALIMANTAN-0037", "circuit_from_id": "GI-KLM-0005", "circuit_from_name": "GI TAYAN", "circuit_to_id": "GI-KLM-0013", "circuit_to_name": "GI NGABANG", "circuit_length_km": 46.765, "circuit_segment_count": 1, "match_tier": "UNMATCHED_BASELINE"}}, {"type": "Feature", "geometry": {"type": "LineString", "coordinates": [[110.0153035, 0.347065], [110.0185114, 0.3454557], [110.0231087, 0.3431598], [110.0264722, 0.3415237]]}, "properties": {"id": "TRM-KLM-0041", "system": "Khatulistiwa", "voltage_class": "150 kV", "voltage_kv_max": 150.0, "voltage_kv_all": "150", "length_km": 1.386, "osm_id": "way/691239970", "osm_voltage": "150000", "source_id": "OSM-overpass", "color": "#1f77b4", "weight": 1.8, "from_id": "GI-KLM-0013", "from_name": "GI NGABANG", "from_distance_km": 1.527, "to_id": "GI-KLM-0013", "to_name": "GI NGABANG", "to_distance_km": "", "endpoint_confidence": "both", "circuit_id": "CIRC-KALIMANTAN-0038", "circuit_from_id": "GI-KLM-0013", "circuit_from_name": "GI NGABANG", "circuit_to_id": "GI-KLM-0013", "circuit_to_name": "GI NGABANG", "circuit_length_km": 1.386, "circuit_segment_count": 1, "match_tier": "UNMATCHED_BASELINE"}}, {"type": "Feature", "geometry": {"type": "LineString", "coordinates": [[114.8501337, -3.4652967], [114.8471434, -3.4651879], [114.844586, -3.4650942], [114.8414518, -3.4649979], [114.8389868, -3.4649149], [114.8354014, -3.4647469], [114.8321821, -3.464694], [114.8295119, -3.4645963], [114.8265637, -3.4644973], [114.8244298, -3.464449], [114.8224524, -3.4643834], [114.8196535, -3.4640461], [114.8162296, -3.4636779], [114.8137533, -3.4633834], [114.8110919, -3.4630903], [114.8083828, -3.4627764], [114.8061533, -3.4625347], [114.8034161, -3.4622148], [114.80087, -3.461923], [114.7981247, -3.4616124], [114.7952782, -3.4612938], [114.7926866, -3.4610047], [114.7896668, -3.4606524], [114.7866951, -3.4603393], [114.7844146, -3.4600863], [114.7816004, -3.4597657], [114.7786337, -3.4594415], [114.7759199, -3.4591373], [114.7731601, -3.4588347], [114.7699213, -3.4584933], [114.7666195, -3.4581279], [114.7639279, -3.4576312], [114.761198, -3.4570693], [114.7586311, -3.4565675], [114.7559619, -3.4560477], [114.7532406, -3.4554921], [114.7504686, -3.4549606], [114.7474237, -3.4543518], [114.7445298, -3.4537861], [114.7415851, -3.4532136], [114.738722, -3.4526642], [114.7357545, -3.4520768], [114.7329484, -3.4515122], [114.7295299, -3.4508482], [114.7272622, -3.4503852], [114.7244116, -3.4498267], [114.7217314, -3.4493529], [114.7189463, -3.4487985], [114.7162838, -3.4482773], [114.7135976, -3.4477565], [114.710727, -3.4472003], [114.7084317, -3.4448342], [114.7064991, -3.4427974], [114.7040194, -3.4412438], [114.7015502, -3.4397599], [114.6990266, -3.4382042], [114.6964085, -3.4365532], [114.6919719, -3.4323147], [114.6896914, -3.429132], [114.687378, -3.4259712], [114.6851412, -3.4228322], [114.6828631, -3.4196612], [114.6803015, -3.4161271], [114.6782767, -3.4132918], [114.6759759, -3.4101382], [114.6737389, -3.4069879], [114.6716107, -3.4040545], [114.6703186, -3.4022383], [114.6688141, -3.3997944], [114.666759, -3.3965024], [114.6646784, -3.3931905], [114.6626634, -3.3898973], [114.6605903, -3.3865629], [114.6585512, -3.3832472], [114.6571649, -3.3810122], [114.6551685, -3.3786919], [114.6528311, -3.3760113], [114.6503311, -3.3730821], [114.6478148, -3.3701398], [114.645341, -3.3672897], [114.6428894, -3.3644179], [114.6405519, -3.3616847], [114.6386003, -3.3594928], [114.6363928, -3.3570053], [114.6338502, -3.3540907], [114.6313006, -3.3511688], [114.6287596, -3.348242], [114.6261487, -3.3453178], [114.6236511, -3.3424171], [114.6215488, -3.3399963], [114.6198697, -3.337811], [114.6190786, -3.3372625], [114.6189873, -3.3371408], [114.6187188, -3.3373442]]}, "properties": {"id": "TRM-KLM-0042", "system": "Kalselteng", "voltage_class": "70 kV", "voltage_kv_max": 70.0, "voltage_kv_all": "70", "length_km": 31.707, "osm_id": "way/720933386", "osm_voltage": "70000", "source_id": "OSM-overpass", "color": "#2ca02c", "weight": 1.2, "from_id": "GI-KLM-0032", "from_name": "GI CEMPAKA 70", "from_distance_km": 0.066, "to_id": "GI-KLM-0027", "to_name": "GI ULIN", "to_distance_km": 0.035, "endpoint_confidence": "both", "circuit_id": "CIRC-KALIMANTAN-0039", "circuit_from_id": "GI-KLM-0032", "circuit_from_name": "GI CEMPAKA 70", "circuit_to_id": "GI-KLM-0027", "circuit_to_name": "GI ULIN", "circuit_length_km": 31.707, "circuit_segment_count": 1, "match_tier": "PROBABLE_MATCH", "match_reason": "pair match, voltage RUPTL=150 vs baseline=70 kV", "ruptl_id": "RUPTL-KALIMANTAN-T-0043", "voltage_kv_ruptl": "150", "length_km_ruptl": "63.0", "target_cod_year_ruptl": "2030", "action_type_ruptl": "New"}}, {"type": "Feature", "geometry": {"type": "LineString", "coordinates": [[114.6190061, -3.3379296], [114.6191481, -3.3377847], [114.6199362, -3.3381682], [114.6209792, -3.3396025], [114.6200735, -3.3424], [114.6192887, -3.3438204], [114.6173397, -3.3454486], [114.6149978, -3.3473597], [114.6128788, -3.3490664], [114.6108567, -3.3507016], [114.6085153, -3.3525754], [114.6055132, -3.3526875], [114.6023493, -3.3528281], [114.6001125, -3.3529376], [114.5977825, -3.353018], [114.5948738, -3.3531602], [114.591587, -3.3533338], [114.5884623, -3.3534762], [114.5850085, -3.3536188], [114.5831192, -3.3516497], [114.5813585, -3.3498679], [114.5791425, -3.3475829], [114.5766945, -3.3450304], [114.5739849, -3.342244], [114.5717805, -3.3399572], [114.5703623, -3.3385045], [114.5685765, -3.3366832], [114.5686641, -3.3334558], [114.5687546, -3.3306241], [114.5688252, -3.3273624], [114.5689509, -3.3245676], [114.5688803, -3.3241211], [114.5682607, -3.3215892], [114.5694779, -3.3185681], [114.5708191, -3.3152893], [114.572057, -3.312147], [114.5721867, -3.3111766], [114.5717379, -3.310695], [114.5716145, -3.3105188], [114.5713612, -3.3106524]]}, "properties": {"id": "TRM-KLM-0043", "system": "Kalselteng", "voltage_class": "150 kV", "voltage_kv_max": 150.0, "voltage_kv_all": "150", "length_km": 10.657, "osm_id": "way/720933388", "osm_voltage": "150000", "source_id": "OSM-overpass", "color": "#1f77b4", "weight": 1.8, "from_id": "GI-KLM-0027", "from_name": "GI ULIN", "from_distance_km": 0.038, "to_id": "GI-KLM-0024", "to_name": "GI TRISAKTI 70 kV", "to_distance_km": 0.1, "endpoint_confidence": "both", "circuit_id": "CIRC-KALIMANTAN-0040", "circuit_from_id": "GI-KLM-0027", "circuit_from_name": "GI ULIN", "circuit_to_id": "GI-KLM-0024", "circuit_to_name": "GI TRISAKTI 70 kV", "circuit_length_km": 10.657, "circuit_segment_count": 1, "match_tier": "UNMATCHED_BASELINE"}}, {"type": "Feature", "geometry": {"type": "LineString", "coordinates": [[116.0946952, -1.8031016], [116.0949379, -1.8027344]]}, "properties": {"id": "TRM-KLM-0044", "system": "Mahakam", "voltage_class": "150 kV", "voltage_kv_max": 150.0, "voltage_kv_all": "150", "length_km": 0.049, "osm_id": "way/756074041", "osm_voltage": "150000", "source_id": "OSM-overpass", "color": "#1f77b4", "weight": 1.8, "from_id": "GI-KLM-0090", "from_name": "GI Kuaro", "from_distance_km": 0.073, "to_id": "GI-KLM-0090", "to_name": "GI Kuaro", "to_distance_km": "", "endpoint_confidence": "both", "circuit_id": "CIRC-KALIMANTAN-0041", "circuit_from_id": "GI-KLM-0090", "circuit_from_name": "GI Kuaro", "circuit_to_id": "GI-KLM-0090", "circuit_to_name": "GI Kuaro", "circuit_length_km": 0.049, "circuit_segment_count": 1, "match_tier": "CONFIRMED_MATCH", "match_reason": "pair match (GI Kuaro — GI Kuaro), voltage=150 matches", "ruptl_id": "RUPTL-KALIMANTAN-T-0073", "voltage_kv_ruptl": "150", "length_km_ruptl": "280.0", "target_cod_year_ruptl": "2027", "action_type_ruptl": "New"}}, {"type": "Feature", "geometry": {"type": "LineString", "coordinates": [[116.0936518, -1.8034622], [116.0941681, -1.8032303]]}, "properties": {"id": "TRM-KLM-0045", "system": "Mahakam", "voltage_class": "150 kV", "voltage_kv_max": 150.0, "voltage_kv_all": "150", "length_km": 0.063, "osm_id": "way/756074042", "osm_voltage": "150000", "source_id": "OSM-overpass", "color": "#1f77b4", "weight": 1.8, "from_id": "GI-KLM-0090", "from_name": "GI Kuaro", "from_distance_km": 0.059, "to_id": "GI-KLM-0090", "to_name": "GI Kuaro", "to_distance_km": "", "endpoint_confidence": "both", "circuit_id": "CIRC-KALIMANTAN-0042", "circuit_from_id": "GI-KLM-0090", "circuit_from_name": "GI Kuaro", "circuit_to_id": "GI-KLM-0090", "circuit_to_name": "GI Kuaro", "circuit_length_km": 0.063, "circuit_segment_count": 1, "match_tier": "UNMATCHED_BASELINE"}}, {"type": "Feature", "geometry": {"type": "LineString", "coordinates": [[115.4486288, -2.159383], [115.446648, -2.1576247], [115.4444794, -2.1558222], [115.4439738, -2.1564374], [115.4443547, -2.1567402]]}, "properties": {"id": "TRM-KLM-0046", "system": "Kalselteng", "voltage_class": "150 kV", "voltage_kv_max": 150.0, "voltage_kv_all": "150", "length_km": 0.75, "osm_id": "way/756074044", "osm_voltage": "150000", "source_id": "OSM-overpass", "color": "#1f77b4", "weight": 1.8, "from_id": "", "from_name": "", "from_distance_km": "", "to_id": "", "to_name": "", "to_distance_km": "", "endpoint_confidence": "none", "circuit_id": "", "circuit_from_id": "", "circuit_from_name": "", "circuit_to_id": "", "circuit_to_name": "", "circuit_length_km": "", "circuit_segment_count": "", "match_tier": "BASELINE_UNRESOLVED"}}, {"type": "Feature", "geometry": {"type": "LineString", "coordinates": [[115.4490727, -2.1695119], [115.4481554, -2.1726907]]}, "properties": {"id": "TRM-KLM-0047", "system": "Kalselteng", "voltage_class": "150 kV", "voltage_kv_max": 150.0, "voltage_kv_all": "150", "length_km": 0.368, "osm_id": "way/756074046", "osm_voltage": "150000", "source_id": "OSM-overpass", "color": "#1f77b4", "weight": 1.8, "from_id": "GI-KLM-0042", "from_name": "GI TANJUNG", "from_distance_km": 2.816, "to_id": "GI-KLM-0042", "to_name": "GI TANJUNG", "to_distance_km": "", "endpoint_confidence": "both", "circuit_id": "CIRC-KALIMANTAN-0043", "circuit_from_id": "GI-KLM-0042", "circuit_from_name": "GI TANJUNG", "circuit_to_id": "GI-KLM-0042", "circuit_to_name": "GI TANJUNG", "circuit_length_km": 0.368, "circuit_segment_count": 1, "match_tier": "UNMATCHED_BASELINE"}}, {"type": "Feature", "geometry": {"type": "LineString", "coordinates": [[115.4511407, -2.1950172], [115.4507692, -2.1950534]]}, "properties": {"id": "TRM-KLM-0048", "system": "Kalselteng", "voltage_class": "150 kV", "voltage_kv_max": 150.0, "voltage_kv_all": "150", "length_km": 0.041, "osm_id": "way/756074047", "osm_voltage": "150000", "source_id": "OSM-overpass", "color": "#1f77b4", "weight": 1.8, "from_id": "GI-KLM-0042", "from_name": "GI TANJUNG", "from_distance_km": 0.032, "to_id": "GI-KLM-0042", "to_name": "GI TANJUNG", "to_distance_km": "", "endpoint_confidence": "both", "circuit_id": "CIRC-KALIMANTAN-0044", "circuit_from_id": "GI-KLM-0042", "circuit_from_name": "GI TANJUNG", "circuit_to_id": "GI-KLM-0042", "circuit_to_name": "GI TANJUNG", "circuit_length_km": 0.041, "circuit_segment_count": 1, "match_tier": "UNMATCHED_BASELINE"}}, {"type": "Feature", "geometry": {"type": "LineString", "coordinates": [[113.4336394, -1.9010476], [113.4337575, -1.9004679]]}, "properties": {"id": "TRM-KLM-0049", "system": "Kalselteng", "voltage_class": "150 kV", "voltage_kv_max": 150.0, "voltage_kv_all": "150", "length_km": 0.066, "osm_id": "way/756074049", "osm_voltage": "150000", "source_id": "OSM-overpass", "color": "#1f77b4", "weight": 1.8, "from_id": "GI-KLM-0055", "from_name": "GI KASONGAN", "from_distance_km": 0.226, "to_id": "GI-KLM-0055", "to_name": "GI KASONGAN", "to_distance_km": "", "endpoint_confidence": "both", "circuit_id": "CIRC-KALIMANTAN-0045", "circuit_from_id": "GI-KLM-0055", "circuit_from_name": "GI KASONGAN", "circuit_to_id": "GI-KLM-0055", "circuit_to_name": "GI KASONGAN", "circuit_length_km": 0.066, "circuit_segment_count": 1, "match_tier": "UNMATCHED_BASELINE"}}, {"type": "Feature", "geometry": {"type": "LineString", "coordinates": [[113.4351683, -1.9187511], [113.4381509, -1.9184937], [113.4410798, -1.9182471], [113.4440625, -1.9179576], [113.4469807, -1.9177002], [113.4499526, -1.9174322], [113.4528923, -1.9171748], [113.4558427, -1.916896], [113.458761, -1.9166494], [113.4617436, -1.9163599], [113.4646618, -1.9160811], [113.4676337, -1.9158345], [113.4707236, -1.9155664], [113.4737921, -1.9152769], [113.4769571, -1.9149981], [113.4802723, -1.9147193], [113.4832013, -1.9144512], [113.4863233, -1.9141617], [113.4894562, -1.9138615], [113.4925997, -1.9135934], [113.4957433, -1.9133253], [113.4988761, -1.9130358], [113.5018694, -1.9127784], [113.5052919, -1.9124568], [113.5085428, -1.912178], [113.5118365, -1.9118992], [113.5149157, -1.9116097], [113.5179841, -1.9113309], [113.5211491, -1.9110413], [113.5242062, -1.910766], [113.5273397, -1.9104838], [113.5305369, -1.9101728], [113.5337019, -1.9099047], [113.5368454, -1.9096152], [113.539989, -1.909315], [113.5430467, -1.9090791], [113.5461366, -1.9088003], [113.5492802, -1.9085215], [113.5516834, -1.9097439], [113.55443, -1.9111271], [113.5571122, -1.9124889], [113.5598373, -1.9138507], [113.5625839, -1.9152125], [113.5653412, -1.9166172], [113.5680771, -1.917979], [113.5708022, -1.9193515], [113.5735273, -1.920767], [113.5762524, -1.9221931], [113.578999, -1.9235227], [113.581692, -1.9249488], [113.5844171, -1.9263106], [113.5871422, -1.9276832], [113.5899424, -1.9290557], [113.592571, -1.9304282], [113.5953283, -1.9318114], [113.5980964, -1.9331946], [113.6007893, -1.9345672], [113.6035359, -1.9359289], [113.606252, -1.9373184], [113.6089647, -1.9387061], [113.6117434, -1.9401001], [113.6144578, -1.9414619], [113.6172151, -1.9428344], [113.6199188, -1.9442176], [113.6227298, -1.945633], [113.6255407, -1.9470376], [113.6283517, -1.9484637], [113.6311197, -1.9498577], [113.6339843, -1.9512945], [113.6367953, -1.9527206], [113.6396062, -1.9541038], [113.6424279, -1.9555407], [113.6452711, -1.9569239], [113.6480605, -1.9583071], [113.6508715, -1.9597654], [113.6536717, -1.96117], [113.6564934, -1.9625961], [113.6592936, -1.9639793], [113.6620939, -1.965384], [113.6648941, -1.9667886], [113.6673081, -1.9679895], [113.6695504, -1.9696194], [113.6719429, -1.97141], [113.674314, -1.9731685], [113.6767065, -1.9749377], [113.6791205, -1.9766533], [113.6815023, -1.9784225], [113.6839378, -1.9802132], [113.686341, -1.9820038], [113.6886799, -1.9836979], [113.6911154, -1.98551], [113.6934543, -1.9872578], [113.695879, -1.9890591], [113.6982715, -1.9907318], [113.7008437, -1.9925047], [113.7033884, -1.9943688], [113.7058687, -1.9962596], [113.7084634, -1.9981095], [113.7106955, -1.99976], [113.7134206, -2.0018294], [113.7160277, -2.0036951], [113.7185383, -2.0055608], [113.721081, -2.0074157], [113.7236559, -2.0092707], [113.7261772, -2.0111364], [113.7287307, -2.013002], [113.731209, -2.0148999], [113.7337879, -2.0167576], [113.7363589, -2.0186097], [113.7388909, -2.0204539], [113.7414014, -2.0223089], [113.7439549, -2.0241424], [113.746047, -2.0256756], [113.7486327, -2.0275627], [113.7512827, -2.0295249], [113.7539542, -2.031487], [113.7564754, -2.0333419], [113.7590289, -2.0351861], [113.7613892, -2.0369017], [113.7614107, -2.0399038], [113.7614214, -2.0430132], [113.7614322, -2.0462084], [113.7614322, -2.0493285], [113.7614322, -2.0524378], [113.7614536, -2.0556437], [113.7614858, -2.0588174], [113.7614858, -2.0621626], [113.7614965, -2.0651219], [113.7614965, -2.068199], [113.7614858, -2.0714049], [113.7614858, -2.0745678], [113.761518, -2.0776235], [113.7630737, -2.0802825], [113.7646353, -2.082979], [113.7662279, -2.0857292], [113.767848, -2.0884846], [113.7694359, -2.0912187], [113.7710345, -2.0939205], [113.7725258, -2.0964937], [113.7742585, -2.0994154], [113.7757927, -2.1020583], [113.7774503, -2.1048459], [113.7789148, -2.1073655], [113.7812483, -2.1095956], [113.7836569, -2.1118792], [113.785513, -2.1136751], [113.7877124, -2.1157765], [113.7899226, -2.1178779], [113.7921327, -2.1200222], [113.7945574, -2.1223327], [113.7965584, -2.1242411], [113.7987792, -2.1263694], [113.8009894, -2.1284654], [113.8031781, -2.130599], [113.8054848, -2.132561], [113.8076949, -2.1345069], [113.8094652, -2.1360722], [113.8113105, -2.1376804], [113.8131151, -2.1392384], [113.8148189, -2.1407092], [113.8172221, -2.1428267], [113.8195717, -2.1448584], [113.8219374, -2.1469544], [113.8242871, -2.1490075], [113.8268352, -2.1512], [113.829056, -2.1531674], [113.8314485, -2.1552151], [113.8334817, -2.1570109], [113.8355291, -2.1589836], [113.8376603, -2.1610368], [113.8400638, -2.1633525], [113.8421988, -2.1653949], [113.8443553, -2.1675284], [113.8465816, -2.1696888], [113.8488722, -2.171908], [113.8512272, -2.1742023], [113.8532925, -2.1762394], [113.8556421, -2.1785444], [113.857635, -2.1804688], [113.8598397, -2.1827551], [113.8620821, -2.1850092], [113.8645336, -2.1861697], [113.8675001, -2.1850601], [113.8696655, -2.1843041], [113.8724146, -2.1834841]]}, "properties": {"id": "TRM-KLM-0050", "system": "Kalselteng", "voltage_class": "150 kV", "voltage_kv_max": 150.0, "voltage_kv_all": "150", "length_km": 62.622, "osm_id": "way/756074050", "osm_voltage": "150000", "source_id": "OSM-overpass", "color": "#1f77b4", "weight": 1.8, "from_id": "GI-KLM-0055", "from_name": "GI KASONGAN", "from_distance_km": 2.188, "to_id": "GI-KLM-0053", "to_name": "GI PALANGKARAYA", "to_distance_km": 0.964, "endpoint_confidence": "both", "circuit_id": "CIRC-KALIMANTAN-0046", "circuit_from_id": "GI-KLM-0055", "circuit_from_name": "GI KASONGAN", "circuit_to_id": "GI-KLM-0053", "circuit_to_name": "GI PALANGKARAYA", "circuit_length_km": 62.622, "circuit_segment_count": 1, "match_tier": "UNMATCHED_BASELINE"}}, {"type": "Feature", "geometry": {"type": "LineString", "coordinates": [[113.8724146, -2.1834841], [113.8725936, -2.180233], [113.8729852, -2.1783407]]}, "properties": {"id": "TRM-KLM-0051", "system": "Kalselteng", "voltage_class": "150 kV", "voltage_kv_max": 150.0, "voltage_kv_all": "150", "length_km": 0.577, "osm_id": "way/756074051", "osm_voltage": "150000", "source_id": "OSM-overpass", "color": "#1f77b4", "weight": 1.8, "from_id": "GI-KLM-0053", "from_name": "GI PALANGKARAYA", "from_distance_km": 0.964, "to_id": "GI-KLM-0053", "to_name": "GI PALANGKARAYA", "to_distance_km": "", "endpoint_confidence": "both", "circuit_id": "CIRC-KALIMANTAN-0047", "circuit_from_id": "GI-KLM-0053", "circuit_from_name": "GI PALANGKARAYA", "circuit_to_id": "GI-KLM-0053", "circuit_to_name": "GI PALANGKARAYA", "circuit_length_km": 0.577, "circuit_segment_count": 1, "match_tier": "UNMATCHED_BASELINE"}}, {"type": "Feature", "geometry": {"type": "LineString", "coordinates": [[114.2549941, -2.7318402], [114.254787, -2.7316795]]}, "properties": {"id": "TRM-KLM-0052", "system": "Kalselteng", "voltage_class": "150 kV", "voltage_kv_max": 150.0, "voltage_kv_all": "150", "length_km": 0.029, "osm_id": "way/756074052", "osm_voltage": "150000", "source_id": "OSM-overpass", "color": "#1f77b4", "weight": 1.8, "from_id": "GI-KLM-0056", "from_name": "GI PULANG PISAU", "from_distance_km": 0.042, "to_id": "GI-KLM-0056", "to_name": "GI PULANG PISAU", "to_distance_km": "", "endpoint_confidence": "both", "circuit_id": "CIRC-KALIMANTAN-0048", "circuit_from_id": "GI-KLM-0056", "circuit_from_name": "GI PULANG PISAU", "circuit_to_id": "GI-KLM-0056", "circuit_to_name": "GI PULANG PISAU", "circuit_length_km": 0.029, "circuit_segment_count": 1, "match_tier": "UNMATCHED_BASELINE"}}, {"type": "Feature", "geometry": {"type": "LineString", "coordinates": [[114.2549941, -2.7318402], [114.2538301, -2.7343774], [114.2526445, -2.7369387], [114.2514268, -2.7396446], [114.2500535, -2.7425943], [114.2489806, -2.744885], [114.2477039, -2.7476713], [114.2463843, -2.7505326], [114.2450968, -2.7533617], [114.2437879, -2.7561909], [114.2425004, -2.7589986], [114.2412237, -2.7617902], [114.240006, -2.7644104], [114.2387775, -2.7671002], [114.2379728, -2.7697042], [114.2372755, -2.7721154], [114.2364601, -2.7748052], [114.2356554, -2.7776021], [114.2348615, -2.7801633], [114.2336545, -2.7840425], [114.2329142, -2.7867109], [114.2320505, -2.7895506], [114.2312244, -2.7924172], [114.2302025, -2.7958758], [114.2294434, -2.7983861], [114.2286179, -2.8011766], [114.2285637, -2.8013598], [114.2277912, -2.8040334], [114.2269436, -2.8069053], [114.2260853, -2.8097611], [114.2252806, -2.8124829], [114.2243848, -2.8155048], [114.2234728, -2.8185696], [114.2226145, -2.82142], [114.2217348, -2.8245704], [114.2208711, -2.8273672], [114.2199538, -2.8303087], [114.2190922, -2.8332379], [114.2183069, -2.8359077], [114.2194012, -2.8387795], [114.2204956, -2.8415441], [114.221606, -2.8444802], [114.222754, -2.8474645], [114.2238537, -2.8502184], [114.2249051, -2.8530205], [114.226037, -2.8558976], [114.2271582, -2.8588551], [114.2283223, -2.8617858], [114.2294542, -2.864754], [114.2305753, -2.8677114], [114.2317394, -2.8706849], [114.2328767, -2.8736049], [114.2347006, -2.8754801], [114.2366264, -2.8774785], [114.2386702, -2.879584], [114.2406175, -2.8815824], [114.2428116, -2.8838326], [114.2448876, -2.8860989], [114.2470655, -2.8882687], [114.249163, -2.8904814], [114.2513195, -2.892662], [114.2534546, -2.8949014], [114.2555842, -2.8970766], [114.2577354, -2.8992678], [114.2598489, -2.9014644], [114.2619625, -2.9036503], [114.2641512, -2.9059005], [114.2663184, -2.9081613], [114.2684481, -2.9103579], [114.2706207, -2.9125545], [114.2727639, -2.9147917], [114.2748908, -2.9170119], [114.2770552, -2.9192535], [114.2791984, -2.9214907], [114.2812744, -2.923623], [114.283388, -2.9257874], [114.2855338, -2.9280268], [114.2876581, -2.9301912], [114.2895034, -2.932077], [114.291617, -2.9342521], [114.2937842, -2.9365129], [114.2956833, -2.9385166], [114.2978076, -2.9407024], [114.2999533, -2.9429203], [114.3020776, -2.945149], [114.3041912, -2.9473241], [114.3063692, -2.9495741], [114.3085471, -2.9518028], [114.31065, -2.9539885], [114.3128279, -2.9562386], [114.3146733, -2.9581458], [114.3168083, -2.9603316], [114.3189434, -2.962528], [114.3210784, -2.9647781], [114.3232456, -2.966996], [114.3253163, -2.9691389], [114.3274943, -2.9713996], [114.3293933, -2.9733389], [114.3316034, -2.9756211], [114.3338994, -2.9779997], [114.3356911, -2.9798211], [114.3375579, -2.9817604], [114.3394784, -2.9837265], [114.3415919, -2.9859229], [114.3435624, -2.9879358], [114.345567, -2.9899836], [114.3475733, -2.9920729], [114.3495796, -2.9941461], [114.3514732, -2.99608], [114.3535117, -2.9981424], [114.35599, -2.999171], [114.3591014, -3.0004781], [114.3624166, -3.0017638], [114.3657318, -3.003162], [114.3682853, -3.0042013], [114.3702701, -3.0064673], [114.3720887, -3.008803], [114.373875, -3.0110208], [114.3736598, -3.0118217]]}, "properties": {"id": "TRM-KLM-0053", "system": "Kalselteng", "voltage_class": "150 kV", "voltage_kv_max": 150.0, "voltage_kv_all": "150", "length_km": 38.904, "osm_id": "way/756074053", "osm_voltage": "150000", "source_id": "OSM-overpass", "color": "#1f77b4", "weight": 1.8, "from_id": "GI-KLM-0056", "from_name": "GI PULANG PISAU", "from_distance_km": 0.042, "to_id": "GI-KLM-0022", "to_name": "GI SELAT", "to_distance_km": 0.044, "endpoint_confidence": "both", "circuit_id": "CIRC-KALIMANTAN-0049", "circuit_from_id": "GI-KLM-0056", "circuit_from_name": "GI PULANG PISAU", "circuit_to_id": "GI-KLM-0022", "circuit_to_name": "GI SELAT", "circuit_length_km": 38.904, "circuit_segment_count": 1, "match_tier": "UNMATCHED_BASELINE"}}, {"type": "Feature", "geometry": {"type": "LineString", "coordinates": [[114.3740648, -3.0122851], [114.3754629, -3.0115672], [114.3779466, -3.0096494], [114.3806127, -3.0075066], [114.3831318, -3.0055178], [114.3855051, -3.0036441], [114.3881766, -3.0015549], [114.3926558, -2.9999746], [114.396309, -3.0000549], [114.3999568, -3.0001781], [114.4035993, -3.0002853], [114.4060508, -3.0010299], [114.4081, -3.0028299], [114.4114098, -3.005787], [114.4135342, -3.0076887], [114.4149879, -3.0110208], [114.4167045, -3.0135279], [114.418625, -3.0162492], [114.4204703, -3.0188956], [114.4222942, -3.0215419], [114.4241825, -3.0242311], [114.4261995, -3.0271131], [114.4282273, -3.0300701], [114.4302658, -3.0329629], [114.432315, -3.0359199], [114.4342676, -3.0387055], [114.436231, -3.0415017], [114.4379154, -3.043923], [114.4395999, -3.0463551], [114.4412736, -3.0487442], [114.4429365, -3.0511226], [114.4448141, -3.0537689], [114.4468311, -3.0567044], [114.4486872, -3.0593507], [114.4507364, -3.0622862], [114.4526676, -3.065061], [114.4546417, -3.0679107], [114.4565836, -3.0706855], [114.4586114, -3.0735889], [114.4606176, -3.0764601], [114.4624201, -3.079117], [114.46448, -3.0820203], [114.4664863, -3.0849022], [114.468278, -3.0875162], [114.4701127, -3.0900767], [114.4720117, -3.0928514], [114.474018, -3.0957225], [114.4760243, -3.0986044], [114.4777194, -3.101047], [114.4796399, -3.1038002], [114.4813887, -3.1063285], [114.4832072, -3.1089479], [114.485133, -3.1117011], [114.4873807, -3.1148936], [114.4891993, -3.1175236], [114.4910822, -3.1202929], [114.4929919, -3.1230301], [114.4947622, -3.1255905], [114.49657, -3.1281294], [114.4983724, -3.1307969], [114.50025, -3.133534], [114.5019934, -3.1360408], [114.5038924, -3.1387886], [114.5055929, -3.141274], [114.507626, -3.1441343], [114.5093748, -3.1467], [114.5113275, -3.1495388], [114.5131836, -3.1523027], [114.5132158, -3.1556557], [114.5133821, -3.1593515], [114.5134196, -3.163042], [114.5134518, -3.1660629], [114.513425, -3.1692981], [114.5133821, -3.1722975], [114.5133284, -3.1755434], [114.5133177, -3.1787999], [114.5132748, -3.1820779], [114.5132372, -3.1853237], [114.513189, -3.1887517], [114.5131568, -3.1921903], [114.5131031, -3.1954896], [114.5130817, -3.1986979], [114.5130495, -3.2016598], [114.5130227, -3.2054037], [114.5129851, -3.208794], [114.51291, -3.2123879], [114.5128778, -3.2160139], [114.5128358, -3.2198914], [114.5128027, -3.2229445], [114.5127598, -3.2262009], [114.5127491, -3.229618], [114.5127062, -3.233094], [114.5126471, -3.236586], [114.5125989, -3.2400833], [114.5125452, -3.2435432], [114.5125238, -3.2469602], [114.5125023, -3.2501951], [114.5124594, -3.2534729], [114.5147983, -3.2559687], [114.5164827, -3.2577039], [114.5186821, -3.2600283], [114.5209405, -3.2624545], [114.5232097, -3.2647521], [114.525423, -3.2671573], [114.527848, -3.2697055], [114.5297543, -3.271693], [114.5316425, -3.2736586], [114.5346066, -3.2746008], [114.5375702, -3.2755652], [114.5404026, -3.2756134], [114.542822, -3.2756616], [114.5454398, -3.2757205], [114.5476929, -3.275758], [114.5501564, -3.2757706], [114.5519006, -3.2761855]]}, "properties": {"id": "TRM-KLM-0054", "system": "Kalselteng", "voltage_class": "150 kV", "voltage_kv_max": 150.0, "voltage_kv_all": "150", "length_km": 41.273, "osm_id": "way/756074054", "osm_voltage": "150000", "source_id": "OSM-overpass", "color": "#1f77b4", "weight": 1.8, "from_id": "GI-KLM-0022", "from_name": "GI SELAT", "from_distance_km": 0.042, "to_id": "GI-KLM-0022", "to_name": "GI SELAT", "to_distance_km": "", "endpoint_confidence": "both", "circuit_id": "CIRC-KALIMANTAN-0050", "circuit_from_id": "GI-KLM-0022", "circuit_from_name": "GI SELAT", "circuit_to_id": "GI-KLM-0022", "circuit_to_name": "GI SELAT", "circuit_length_km": 41.273, "circuit_segment_count": 1, "match_tier": "UNMATCHED_BASELINE"}}, {"type": "Feature", "geometry": {"type": "LineString", "coordinates": [[114.6207677, -3.2300304], [114.6212979, -3.2302613], [114.623073, -3.2300144], [114.6250874, -3.227639], [114.6269113, -3.2254163], [114.629108, -3.2228508], [114.6311867, -3.2203764], [114.6334076, -3.2177386], [114.6352127, -3.2155962], [114.6372378, -3.2131726], [114.6393192, -3.2107008], [114.6418002, -3.2078728], [114.6433693, -3.2058827], [114.645617, -3.2032104], [114.6474168, -3.201068], [114.649297, -3.1988426], [114.6520141, -3.1968233], [114.6547419, -3.1948202], [114.6574496, -3.1928163], [114.6601894, -3.1908165], [114.6629226, -3.1888026], [114.6656504, -3.1867994], [114.6683809, -3.1847801], [114.6701565, -3.1822708], [114.6719187, -3.1798471], [114.6737963, -3.1771315], [114.6773878, -3.1720164], [114.6804535, -3.1678439], [114.6827924, -3.1645552], [114.6844286, -3.1621315], [114.6863276, -3.159606], [114.7235285, -3.0762164], [114.7258472, -3.073921], [114.7281647, -3.0716592], [114.7305223, -3.0693357], [114.7325152, -3.0668394], [114.7363844, -3.061984], [114.73828, -3.0595863], [114.7405046, -3.0568234], [114.7607508, -3.0316786], [114.7632616, -3.0300324], [114.7657026, -3.028362], [114.7684197, -3.0265026], [114.771017, -3.0247253], [114.7736844, -3.0228999], [114.7788011, -3.019415], [114.7814299, -3.0175656], [114.7896438, -3.0119401], [114.7918679, -3.010396], [114.7945357, -3.0085438], [114.7970922, -3.0067737], [114.7996764, -3.0049845], [114.8022527, -3.0032007], [114.8048345, -3.0014131], [114.8072952, -2.9996853], [114.8097682, -2.9980032], [114.8122385, -2.996238], [114.8147088, -2.9944113], [114.8177907, -2.9921265], [114.8198707, -2.9905876], [114.8224309, -2.9886859], [114.824806, -2.9869006], [114.8273273, -2.9850377], [114.8298807, -2.9831011], [114.8323148, -2.9812381], [114.8348522, -2.9793952], [114.8373473, -2.9775088], [114.8398706, -2.9756184], [114.8424643, -2.9736925], [114.8454362, -2.9714666], [114.8475793, -2.9698648], [114.8499987, -2.9694469], [114.8531476, -2.9688884], [114.8562616, -2.9683072], [114.8598424, -2.9677996], [114.862664, -2.9672023], [114.8657285, -2.9666893], [114.8690021, -2.9662112], [114.8722637, -2.9656353], [114.8754971, -2.9650915], [114.8791207, -2.9644312], [114.8820484, -2.9639866], [114.8851718, -2.9634683], [114.8882818, -2.9629339], [114.891414, -2.9623962], [114.8947701, -2.961829], [114.8977165, -2.961324], [114.9008118, -2.9607722], [114.9038252, -2.9602579], [114.9067093, -2.9599057], [114.9100131, -2.9591825], [114.9133068, -2.9586575], [114.9156269, -2.9583963], [114.9172564, -2.9549208], [114.9180758, -2.9517599], [114.9189274, -2.9485603], [114.9197522, -2.9454222], [114.9205461, -2.9422561], [114.9214044, -2.9390483], [114.9222399, -2.9359277], [114.9230178, -2.9327561], [114.9239217, -2.9293675], [114.9246901, -2.9263654], [114.9255484, -2.9231275], [114.926337, -2.9200523], [114.9271685, -2.9168753], [114.9279973, -2.9137024], [114.9288033, -2.9105147], [114.9296817, -2.9072814], [114.9304354, -2.9042772], [114.9312213, -2.9011645], [114.9321279, -2.8977718], [114.9329044, -2.8947809], [114.9353251, -2.8935594], [114.9384673, -2.8920633], [114.9412286, -2.8907976], [114.9439913, -2.8895251], [114.9468827, -2.8882098], [114.9494945, -2.8869803], [114.9522485, -2.8856971], [114.9549974, -2.8844562], [114.957751, -2.8831831], [114.960499, -2.8818959], [114.9632509, -2.8806636], [114.9659841, -2.8793724], [114.9686073, -2.8781442], [114.9715188, -2.876853], [114.9741822, -2.875606], [114.9769986, -2.8743242], [114.9797197, -2.8730531], [114.9824783, -2.8717512], [114.9853188, -2.8704948], [114.9879567, -2.8692384], [114.9906872, -2.8679901], [114.9936886, -2.8670002], [114.9966712, -2.8660506], [114.9996914, -2.8650862], [115.0026968, -2.8640897], [115.0056767, -2.8630851], [115.0090161, -2.8620216], [115.0118083, -2.8611282], [115.01522, -2.8603821], [115.0184615, -2.8596896], [115.0212054, -2.8583971], [115.0237709, -2.8572036], [115.0264116, -2.8562968], [115.0297952, -2.8552172], [115.0323889, -2.8543654], [115.0356384, -2.8533045], [115.0386357, -2.8523133], [115.0418732, -2.8512632], [115.0447954, -2.8502935], [115.047491, -2.8486406], [115.0503114, -2.8469261], [115.0530177, -2.8453482], [115.0556248, -2.8437382], [115.0585672, -2.8419259], [115.0609933, -2.8404316], [115.0637043, -2.8387862], [115.0666273, -2.83714], [115.0692853, -2.8355889], [115.0724718, -2.8337284], [115.0746953, -2.8323849], [115.0774352, -2.8307709], [115.0801402, -2.8291387], [115.0829633, -2.8275253], [115.085628, -2.8259421], [115.0883692, -2.8243427], [115.0910689, -2.8226657], [115.0937283, -2.8210369], [115.0965071, -2.8194001], [115.0992107, -2.8178222], [115.1020847, -2.8159817], [115.1046154, -2.8144601], [115.1073003, -2.8128393], [115.1100455, -2.8112305], [115.1127438, -2.8095535], [115.1154985, -2.8079629], [115.1185428, -2.8061498], [115.1214982, -2.8043311], [115.1239461, -2.8029759], [115.1263332, -2.8017804], [115.1486349, -2.786116]]}, "properties": {"id": "TRM-KLM-0055", "system": "Kalselteng", "voltage_class": "150 kV", "voltage_kv_max": 150.0, "voltage_kv_all": "150", "length_km": 81.289, "osm_id": "way/756074055", "osm_voltage": "150000", "source_id": "OSM-overpass", "color": "#1f77b4", "weight": 1.8, "from_id": "GI-KLM-0026", "from_name": "GI KAYUTANGI", "from_distance_km": 0.061, "to_id": "GI-KLM-0026", "to_name": "GI KAYUTANGI", "to_distance_km": "", "endpoint_confidence": "both", "circuit_id": "CIRC-KALIMANTAN-0051", "circuit_from_id": "GI-KLM-0026", "circuit_from_name": "GI KAYUTANGI", "circuit_to_id": "GI-KLM-0026", "circuit_to_name": "GI KAYUTANGI", "circuit_length_km": 81.289, "circuit_segment_count": 1, "match_tier": "UNMATCHED_BASELINE"}}, {"type": "Feature", "geometry": {"type": "LineString", "coordinates": [[114.552246, -3.2772161], [114.5523445, -3.2770474]]}, "properties": {"id": "TRM-KLM-0056", "system": "Kalselteng", "voltage_class": "150 kV", "voltage_kv_max": 150.0, "voltage_kv_all": "150", "length_km": 0.022, "osm_id": "way/756074056", "osm_voltage": "150000", "source_id": "OSM-overpass", "color": "#1f77b4", "weight": 1.8, "from_id": "", "from_name": "", "from_distance_km": "", "to_id": "", "to_name": "", "to_distance_km": "", "endpoint_confidence": "none", "circuit_id": "", "circuit_from_id": "", "circuit_from_name": "", "circuit_to_id": "", "circuit_to_name": "", "circuit_length_km": "", "circuit_segment_count": "", "match_tier": "BASELINE_UNRESOLVED"}}, {"type": "Feature", "geometry": {"type": "LineString", "coordinates": [[114.5528488, -3.2765266], [114.5519603, -3.275936]]}, "properties": {"id": "TRM-KLM-0057", "system": "Kalselteng", "voltage_class": "150 kV", "voltage_kv_max": 150.0, "voltage_kv_all": "150", "length_km": 0.118, "osm_id": "way/756074057", "osm_voltage": "150000", "source_id": "OSM-overpass", "color": "#1f77b4", "weight": 1.8, "from_id": "", "from_name": "", "from_distance_km": "", "to_id": "", "to_name": "", "to_distance_km": "", "endpoint_confidence": "none", "circuit_id": "", "circuit_from_id": "", "circuit_from_name": "", "circuit_to_id": "", "circuit_to_name": "", "circuit_length_km": "", "circuit_segment_count": "", "match_tier": "BASELINE_UNRESOLVED"}}, {"type": "Feature", "geometry": {"type": "LineString", "coordinates": [[114.5519006, -3.2761855], [114.5520945, -3.2765453]]}, "properties": {"id": "TRM-KLM-0058", "system": "Kalselteng", "voltage_class": "150 kV", "voltage_kv_max": 150.0, "voltage_kv_all": "150", "length_km": 0.045, "osm_id": "way/756074058", "osm_voltage": "150000", "source_id": "OSM-overpass", "color": "#1f77b4", "weight": 1.8, "from_id": "", "from_name": "", "from_distance_km": "", "to_id": "", "to_name": "", "to_distance_km": "", "endpoint_confidence": "none", "circuit_id": "", "circuit_from_id": "", "circuit_from_name": "", "circuit_to_id": "", "circuit_to_name": "", "circuit_length_km": "", "circuit_segment_count": "", "match_tier": "BASELINE_UNRESOLVED"}}, {"type": "Feature", "geometry": {"type": "LineString", "coordinates": [[114.5701911, -3.3090184], [114.5704977, -3.3086693]]}, "properties": {"id": "TRM-KLM-0059", "system": "Kalselteng", "voltage_class": "150 kV", "voltage_kv_max": 150.0, "voltage_kv_all": "150;20", "length_km": 0.052, "osm_id": "way/756074060", "osm_voltage": "150000;20000", "source_id": "OSM-overpass", "color": "#1f77b4", "weight": 1.8, "from_id": "GI-KLM-0024", "from_name": "GI TRISAKTI 70 kV", "from_distance_km": 0.124, "to_id": "GI-KLM-0024", "to_name": "GI TRISAKTI 70 kV", "to_distance_km": "", "endpoint_confidence": "both", "circuit_id": "CIRC-KALIMANTAN-0052", "circuit_from_id": "GI-KLM-0024", "circuit_from_name": "GI TRISAKTI 70 kV", "circuit_to_id": "GI-KLM-0024", "circuit_to_name": "GI TRISAKTI 70 kV", "circuit_length_km": 0.052, "circuit_segment_count": 1, "match_tier": "UNMATCHED_BASELINE"}}, {"type": "Feature", "geometry": {"type": "LineString", "coordinates": [[114.5707633, -3.3091848], [114.571014, -3.3089157], [114.5711776, -3.3086881], [114.5704977, -3.3086693], [114.568816, -3.3081833], [114.5669532, -3.3075835], [114.5627367, -3.3061964], [114.5584988, -3.3048147], [114.5547813, -3.3036311], [114.5521903, -3.3028117], [114.5515358, -3.2997698], [114.5508224, -3.2965886], [114.5501625, -3.293627], [114.5494705, -3.2904458], [114.5487571, -3.2872699], [114.5480543, -3.2840994], [114.5494437, -3.2811163], [114.5508277, -3.2782189], [114.552246, -3.2772161]]}, "properties": {"id": "TRM-KLM-0060", "system": "Kalselteng", "voltage_class": "150 kV", "voltage_kv_max": 150.0, "voltage_kv_all": "150", "length_km": 5.328, "osm_id": "way/756074062", "osm_voltage": "150000", "source_id": "OSM-overpass", "color": "#1f77b4", "weight": 1.8, "from_id": "GI-KLM-0024", "from_name": "GI TRISAKTI 70 kV", "from_distance_km": 0.08, "to_id": "GI-KLM-0024", "to_name": "GI TRISAKTI 70 kV", "to_distance_km": "", "endpoint_confidence": "both", "circuit_id": "CIRC-KALIMANTAN-0053", "circuit_from_id": "GI-KLM-0024", "circuit_from_name": "GI TRISAKTI 70 kV", "circuit_to_id": "GI-KLM-0024", "circuit_to_name": "GI TRISAKTI 70 kV", "circuit_length_km": 5.328, "circuit_segment_count": 1, "match_tier": "UNMATCHED_BASELINE"}}, {"type": "Feature", "geometry": {"type": "LineString", "coordinates": [[114.6271191, -3.4248588], [114.6267758, -3.4245965]]}, "properties": {"id": "TRM-KLM-0061", "system": "Kalselteng", "voltage_class": "150 kV", "voltage_kv_max": 150.0, "voltage_kv_all": "150", "length_km": 0.048, "osm_id": "way/756074063", "osm_voltage": "150000", "source_id": "OSM-overpass", "color": "#1f77b4", "weight": 1.8, "from_id": "GI-KLM-0029", "from_name": "GI MANTUIL", "from_distance_km": 0.11, "to_id": "GI-KLM-0029", "to_name": "GI MANTUIL", "to_distance_km": "", "endpoint_confidence": "both", "circuit_id": "CIRC-KALIMANTAN-0054", "circuit_from_id": "GI-KLM-0029", "circuit_from_name": "GI MANTUIL", "circuit_to_id": "GI-KLM-0029", "circuit_to_name": "GI MANTUIL", "circuit_length_km": 0.048, "circuit_segment_count": 1, "match_tier": "UNMATCHED_BASELINE"}}, {"type": "Feature", "geometry": {"type": "LineString", "coordinates": [[114.627268, -3.4238588], [114.6278286, -3.4243862]]}, "properties": {"id": "TRM-KLM-0062", "system": "Kalselteng", "voltage_class": "150 kV", "voltage_kv_max": 150.0, "voltage_kv_all": "150", "length_km": 0.086, "osm_id": "way/756074064", "osm_voltage": "150000", "source_id": "OSM-overpass", "color": "#1f77b4", "weight": 1.8, "from_id": "GI-KLM-0029", "from_name": "GI MANTUIL", "from_distance_km": 0.04, "to_id": "GI-KLM-0029", "to_name": "GI MANTUIL", "to_distance_km": "", "endpoint_confidence": "both", "circuit_id": "CIRC-KALIMANTAN-0055", "circuit_from_id": "GI-KLM-0029", "circuit_from_name": "GI MANTUIL", "circuit_to_id": "GI-KLM-0029", "circuit_to_name": "GI MANTUIL", "circuit_length_km": 0.086, "circuit_segment_count": 1, "match_tier": "UNMATCHED_BASELINE"}}, {"type": "Feature", "geometry": {"type": "LineString", "coordinates": [[114.6268583, -3.4239433], [114.6265237, -3.4236674]]}, "properties": {"id": "TRM-KLM-0063", "system": "Kalselteng", "voltage_class": "150 kV", "voltage_kv_max": 150.0, "voltage_kv_all": "150", "length_km": 0.048, "osm_id": "way/756074065", "osm_voltage": "150000", "source_id": "OSM-overpass", "color": "#1f77b4", "weight": 1.8, "from_id": "GI-KLM-0029", "from_name": "GI MANTUIL", "from_distance_km": 0.008, "to_id": "GI-KLM-0029", "to_name": "GI MANTUIL", "to_distance_km": "", "endpoint_confidence": "both", "circuit_id": "CIRC-KALIMANTAN-0056", "circuit_from_id": "GI-KLM-0029", "circuit_from_name": "GI MANTUIL", "circuit_to_id": "GI-KLM-0029", "circuit_to_name": "GI MANTUIL", "circuit_length_km": 0.048, "circuit_segment_count": 1, "match_tier": "UNMATCHED_BASELINE"}}, {"type": "Feature", "geometry": {"type": "LineString", "coordinates": [[114.6265237, -3.4236674], [114.6246958, -3.4208614], [114.6230757, -3.4186231], [114.6209192, -3.4159028], [114.6188593, -3.4131183], [114.6168423, -3.4104194], [114.6146643, -3.407592], [114.6130013, -3.4053429], [114.6109629, -3.4026869], [114.6090746, -3.4001165], [114.6071541, -3.3975997], [114.6050727, -3.3948793], [114.6029591, -3.3921054], [114.6009314, -3.3895136], [114.5986888, -3.3866715], [114.5970154, -3.3842228], [114.5952451, -3.3818666], [114.593389, -3.3794032], [114.5917797, -3.3768863], [114.5902669, -3.3744016], [114.588681, -3.3718281], [114.5871663, -3.3694427], [114.5857823, -3.3672364], [114.5842051, -3.364698], [114.5826709, -3.3621276], [114.581244, -3.3598409], [114.5783955, -3.3581272], [114.5756113, -3.3565153], [114.5728004, -3.3547802], [114.5699787, -3.3530987], [114.5673609, -3.3515028], [114.566288, -3.3486431], [114.5652151, -3.3455049], [114.5643246, -3.3432236], [114.5649362, -3.3400425], [114.5654833, -3.3369472], [114.5661271, -3.3335251], [114.566655, -3.3304555], [114.5669693, -3.3274146], [114.5675409, -3.3241816], [114.5677948, -3.3213926], [114.5689273, -3.3183212], [114.5700805, -3.3153366], [114.5710652, -3.3128104], [114.5714003, -3.3113136], [114.5713612, -3.3106524]]}, "properties": {"id": "TRM-KLM-0064", "system": "Kalselteng", "voltage_class": "150 kV", "voltage_kv_max": 150.0, "voltage_kv_all": "150", "length_km": 15.209, "osm_id": "way/756074066", "osm_voltage": "150000", "source_id": "OSM-overpass", "color": "#1f77b4", "weight": 1.8, "from_id": "GI-KLM-0029", "from_name": "GI MANTUIL", "from_distance_km": 0.05, "to_id": "GI-KLM-0024", "to_name": "GI TRISAKTI 70 kV", "to_distance_km": 0.1, "endpoint_confidence": "both", "circuit_id": "CIRC-KALIMANTAN-0057", "circuit_from_id": "GI-KLM-0029", "circuit_from_name": "GI MANTUIL", "circuit_to_id": "GI-KLM-0024", "circuit_to_name": "GI TRISAKTI 70 kV", "circuit_length_km": 15.209, "circuit_segment_count": 1, "match_tier": "UNMATCHED_BASELINE"}}, {"type": "Feature", "geometry": {"type": "LineString", "coordinates": [[115.1033628, -3.9243633], [115.1041862, -3.9243713], [115.1044303, -3.9245733]]}, "properties": {"id": "TRM-KLM-0065", "system": "Kalselteng", "voltage_class": "150 kV", "voltage_kv_max": 150.0, "voltage_kv_all": "150", "length_km": 0.127, "osm_id": "way/756074067", "osm_voltage": "150000", "source_id": "OSM-overpass", "color": "#1f77b4", "weight": 1.8, "from_id": "GI-KLM-0044", "from_name": "GI ASAM ASAM", "from_distance_km": 0.372, "to_id": "GI-KLM-0044", "to_name": "GI ASAM ASAM", "to_distance_km": "", "endpoint_confidence": "both", "circuit_id": "CIRC-KALIMANTAN-0058", "circuit_from_id": "GI-KLM-0044", "circuit_from_name": "GI ASAM ASAM", "circuit_to_id": "GI-KLM-0044", "circuit_to_name": "GI ASAM ASAM", "circuit_length_km": 0.127, "circuit_segment_count": 1, "match_tier": "UNMATCHED_BASELINE"}}, {"type": "Feature", "geometry": {"type": "LineString", "coordinates": [[115.1033467, -3.9247727], [115.1038416, -3.9251701]]}, "properties": {"id": "TRM-KLM-0066", "system": "Kalselteng", "voltage_class": "150 kV", "voltage_kv_max": 150.0, "voltage_kv_all": "150", "length_km": 0.07, "osm_id": "way/756074068", "osm_voltage": "150000", "source_id": "OSM-overpass", "color": "#1f77b4", "weight": 1.8, "from_id": "GI-KLM-0044", "from_name": "GI ASAM ASAM", "from_distance_km": 0.336, "to_id": "GI-KLM-0044", "to_name": "GI ASAM ASAM", "to_distance_km": "", "endpoint_confidence": "both", "circuit_id": "CIRC-KALIMANTAN-0059", "circuit_from_id": "GI-KLM-0044", "circuit_from_name": "GI ASAM ASAM", "circuit_to_id": "GI-KLM-0044", "circuit_to_name": "GI ASAM ASAM", "circuit_length_km": 0.07, "circuit_segment_count": 1, "match_tier": "UNMATCHED_BASELINE"}}, {"type": "Feature", "geometry": {"type": "LineString", "coordinates": [[115.1040213, -3.9249961], [115.1037866, -3.9246683], [115.1055153, -3.9218707]]}, "properties": {"id": "TRM-KLM-0067", "system": "Kalselteng", "voltage_class": "150 kV", "voltage_kv_max": 150.0, "voltage_kv_all": "150", "length_km": 0.41, "osm_id": "way/756074069", "osm_voltage": "150000", "source_id": "OSM-overpass", "color": "#1f77b4", "weight": 1.8, "from_id": "GI-KLM-0044", "from_name": "GI ASAM ASAM", "from_distance_km": 0.274, "to_id": "GI-KLM-0044", "to_name": "GI ASAM ASAM", "to_distance_km": "", "endpoint_confidence": "both", "circuit_id": "CIRC-KALIMANTAN-0060", "circuit_from_id": "GI-KLM-0044", "circuit_from_name": "GI ASAM ASAM", "circuit_to_id": "GI-KLM-0044", "circuit_to_name": "GI ASAM ASAM", "circuit_length_km": 0.41, "circuit_segment_count": 1, "match_tier": "UNMATCHED_BASELINE"}}, {"type": "Feature", "geometry": {"type": "LineString", "coordinates": [[115.9861851, -3.4828955], [115.986452, -3.4823386]]}, "properties": {"id": "TRM-KLM-0068", "system": "Kalselteng", "voltage_class": "150 kV", "voltage_kv_max": 150.0, "voltage_kv_all": "150", "length_km": 0.069, "osm_id": "way/756074070", "osm_voltage": "150000", "source_id": "OSM-overpass", "color": "#1f77b4", "weight": 1.8, "from_id": "GI-KLM-0045", "from_name": "GI BATULICIN", "from_distance_km": 0.042, "to_id": "GI-KLM-0045", "to_name": "GI BATULICIN", "to_distance_km": "", "endpoint_confidence": "both", "circuit_id": "CIRC-KALIMANTAN-0061", "circuit_from_id": "GI-KLM-0045", "circuit_from_name": "GI BATULICIN", "circuit_to_id": "GI-KLM-0045", "circuit_to_name": "GI BATULICIN", "circuit_length_km": 0.069, "circuit_segment_count": 1, "match_tier": "UNMATCHED_BASELINE"}}, {"type": "Feature", "geometry": {"type": "LineString", "coordinates": [[114.8001471, -3.5640476], [114.7995865, -3.5658024], [114.7984654, -3.5686387], [114.7972959, -3.5716101], [114.7961211, -3.5745655], [114.7949088, -3.5774888], [114.79375, -3.5804228], [114.7925699, -3.5833567], [114.7914112, -3.5863228], [114.7902095, -3.5892139], [114.7890186, -3.5921746], [114.7878599, -3.5951139], [114.7867012, -3.5980264], [114.7854996, -3.6009496], [114.7843516, -3.6038085], [114.7831821, -3.6067638], [114.7820127, -3.6097084], [114.7808111, -3.6126208], [114.7796309, -3.6155761], [114.7784078, -3.6185956], [114.7772491, -3.6215187], [114.7760475, -3.6244312], [114.7748351, -3.627472], [114.7737086, -3.6303844], [114.7724962, -3.6333396], [114.7713268, -3.6362734], [114.7701681, -3.6392072], [114.7689879, -3.642141], [114.767797, -3.6450533], [114.7666275, -3.6479335], [114.7654903, -3.6508887], [114.7643316, -3.6536725], [114.7650504, -3.6564242], [114.7656298, -3.659026], [114.7662949, -3.6616492], [114.767064, -3.6647136], [114.7677273, -3.667356], [114.7684085, -3.670386], [114.7692025, -3.673566], [114.7699535, -3.6766816], [114.7708601, -3.6798508], [114.7717559, -3.6835446], [114.7717774, -3.6865211], [114.7717345, -3.6898294], [114.7719061, -3.6933091], [114.7719812, -3.6969011], [114.7720885, -3.7000863], [114.7721636, -3.7034481], [114.7722387, -3.7068206], [114.7723246, -3.7101824], [114.7724533, -3.7132873], [114.7725177, -3.716724], [114.7725391, -3.7198716], [114.7726035, -3.7225054], [114.7727001, -3.7251926], [114.7727966, -3.728383]]}, "properties": {"id": "TRM-KLM-0069", "system": "Kalselteng", "voltage_class": "150 kV", "voltage_kv_max": 150.0, "voltage_kv_all": "150", "length_km": 19.14, "osm_id": "way/756074072", "osm_voltage": "150000", "source_id": "OSM-overpass", "color": "#1f77b4", "weight": 1.8, "from_id": "GI-KLM-0034", "from_name": "GI PELAIHARI", "from_distance_km": "", "to_id": "GI-KLM-0034", "to_name": "GI PELAIHARI", "to_distance_km": 1.714, "endpoint_confidence": "both", "circuit_id": "CIRC-KALIMANTAN-0062", "circuit_from_id": "GI-KLM-0034", "circuit_from_name": "GI PELAIHARI", "circuit_to_id": "GI-KLM-0034", "circuit_to_name": "GI PELAIHARI", "circuit_length_km": 19.14, "circuit_segment_count": 1, "match_tier": "UNMATCHED_BASELINE"}}, {"type": "Feature", "geometry": {"type": "LineString", "coordinates": [[115.0073504, -3.5155012], [115.0076991, -3.5153727], [115.0051805, -3.5142938], [115.0034934, -3.5129311], [115.0009614, -3.5115042], [114.9981397, -3.5106314], [114.9964285, -3.5101228], [114.9942559, -3.508728], [114.9921349, -3.50735], [114.990313, -3.5061016], [114.987942, -3.5045435], [114.9858069, -3.5031085], [114.9834895, -3.5015665], [114.9810326, -3.4987929], [114.9798632, -3.4975506], [114.9778032, -3.4952911], [114.9762261, -3.493492], [114.9742265, -3.4913323], [114.9727285, -3.4895886], [114.9697888, -3.489096], [114.9663234, -3.4884534], [114.9631584, -3.4878752], [114.9605995, -3.487661], [114.957971, -3.4874414], [114.9552619, -3.4872273], [114.9530591, -3.4876355], [114.9503642, -3.4882018], [114.9470597, -3.4888764], [114.9445063, -3.4894119], [114.9419957, -3.4899099], [114.9398124, -3.4890317], [114.9363792, -3.4876235], [114.9338794, -3.4866061], [114.9313849, -3.4856423], [114.9285471, -3.4844965], [114.9257642, -3.4834138], [114.9227965, -3.4823707], [114.9205166, -3.4815033], [114.9180007, -3.4805555], [114.9152327, -3.4795328], [114.9122983, -3.4785101], [114.9097502, -3.4775624], [114.9067676, -3.4764968], [114.9037099, -3.4753831], [114.901253, -3.4744621], [114.8986566, -3.4735411], [114.8959958, -3.4725559], [114.8934209, -3.4716349], [114.8908675, -3.4707032], [114.8881638, -3.4697715], [114.8852563, -3.4687434], [114.8830783, -3.4679616], [114.8804176, -3.4670085], [114.8780465, -3.4661304], [114.8751283, -3.4660607], [114.872548, -3.4659751], [114.8685944, -3.4658733], [114.863981, -3.4657127], [114.8612291, -3.4656163], [114.8585844, -3.4655253], [114.8570285, -3.4654731], [114.8555481, -3.4654235], [114.8531771, -3.4653754], [114.8506585, -3.465295], [114.8503459, -3.465311]]}, "properties": {"id": "TRM-KLM-0070", "system": "Kalselteng", "voltage_class": "70 kV", "voltage_kv_max": 70.0, "voltage_kv_all": "70", "length_km": 19.059, "osm_id": "way/756074073", "osm_voltage": "70000", "source_id": "OSM-overpass", "color": "#2ca02c", "weight": 1.2, "from_id": "GI-KLM-0035", "from_name": "GI PLTA", "from_distance_km": 0.126, "to_id": "GI-KLM-0032", "to_name": "GI CEMPAKA 70", "to_distance_km": 0.059, "endpoint_confidence": "both", "circuit_id": "CIRC-KALIMANTAN-0063", "circuit_from_id": "GI-KLM-0035", "circuit_from_name": "GI PLTA", "circuit_to_id": "GI-KLM-0032", "circuit_to_name": "GI CEMPAKA 70", "circuit_length_km": 19.059, "circuit_segment_count": 1, "match_tier": "UNMATCHED_BASELINE"}}, {"type": "Feature", "geometry": {"type": "LineString", "coordinates": [[115.1252818, -3.0287336], [115.1249143, -3.0299603], [115.1242331, -3.0320174], [115.1232192, -3.0350923], [115.1222429, -3.0381135], [115.1214757, -3.0405081], [115.1197108, -3.042549], [115.117946, -3.0446061], [115.1149526, -3.0481041], [115.1129356, -3.0504396], [115.1108542, -3.0528074], [115.1087835, -3.0551911], [115.1067075, -3.0576338], [115.1047119, -3.0599372], [115.1023462, -3.0626799], [115.1006779, -3.0646244], [115.0987574, -3.0668742], [115.0968906, -3.0690919], [115.0953296, -3.0718774], [115.0937632, -3.0747218], [115.0921753, -3.0775876], [115.0905928, -3.0804588], [115.0891444, -3.0831318], [115.0876263, -3.0859119], [115.0861189, -3.0886598], [115.0846605, -3.0912797], [115.0833508, -3.0936469], [115.0818908, -3.0963188], [115.0803682, -3.0991052], [115.0788554, -3.1018692], [115.0773212, -3.1046707], [115.0758192, -3.1074293], [115.0757065, -3.1103111], [115.0756314, -3.1132572], [115.0754544, -3.1163425], [115.0753203, -3.119385], [115.075154, -3.1221222], [115.0749716, -3.1255449], [115.0747838, -3.128657], [115.0747999, -3.1317637], [115.0745639, -3.134774], [115.0743222, -3.137919], [115.0740811, -3.1410571], [115.0739202, -3.1442602], [115.0737627, -3.1471468], [115.0736057, -3.1500245], [115.0734427, -3.1530124], [115.0732714, -3.1561131], [115.0730994, -3.1592257], [115.0729201, -3.1624053], [115.0727427, -3.16555], [115.0725683, -3.1686419], [115.072386, -3.1718878], [115.0722572, -3.174598], [115.0721177, -3.1774154], [115.0707039, -3.1794916], [115.0692313, -3.181736], [115.0679174, -3.1837731], [115.0664257, -3.1859569], [115.0648704, -3.1879081], [115.0632396, -3.190329], [115.0614533, -3.1928143], [115.05965, -3.1954258], [115.0578806, -3.1979882], [115.0564161, -3.2003984], [115.0541362, -3.2033925], [115.0536749, -3.2064561], [115.0529882, -3.2095948], [115.0523606, -3.2124549], [115.0514915, -3.2151918], [115.0507888, -3.217859], [115.049968, -3.2206281], [115.0491205, -3.2237827], [115.0484392, -3.2264874], [115.0477633, -3.2292886], [115.0471088, -3.2320469], [115.0464168, -3.2347623], [115.045698, -3.2378473], [115.0449469, -3.2408144], [115.0441852, -3.2439101], [115.0436058, -3.2468076], [115.0428924, -3.2496622], [115.042136, -3.2525008], [115.0414514, -3.255305], [115.0408145, -3.2579136], [115.0401659, -3.2605701], [115.0395182, -3.263223], [115.0389182, -3.2659296], [115.0382414, -3.2684716], [115.0375441, -3.2711601], [115.0368038, -3.2742557], [115.0352695, -3.2764676], [115.0338319, -3.2787652], [115.0323513, -3.2810306], [115.0307205, -3.2835263], [115.029138, -3.2859738], [115.0274643, -3.2884106], [115.0259247, -3.2908206], [115.0242832, -3.2932306], [115.0225773, -3.2957959], [115.0211611, -3.2980346], [115.0191709, -3.301023], [115.0174221, -3.3036043], [115.0156143, -3.3063892], [115.0139406, -3.3089116], [115.0121398, -3.3115146], [115.0104269, -3.3141653], [115.0075301, -3.315306], [115.0045904, -3.3164199], [115.0016346, -3.3176196], [114.998754, -3.3186906], [114.9957445, -3.3198635], [114.9927619, -3.3209078], [114.9897739, -3.3218878], [114.9867913, -3.32275], [114.9840179, -3.3238104], [114.9816951, -3.3245977], [114.9785301, -3.3259151], [114.9754616, -3.3273771], [114.9726882, -3.3285874], [114.96976, -3.3297548], [114.9668571, -3.3310027], [114.9639174, -3.3321541], [114.9610099, -3.333343], [114.9590734, -3.3358439], [114.9572173, -3.3380664], [114.9553987, -3.3404655], [114.953033, -3.3442035], [114.9506834, -3.3467687], [114.9477115, -3.3490072], [114.9468049, -3.3499471], [114.944842, -3.352261], [114.9430337, -3.3554014], [114.9414968, -3.3570749], [114.9394262, -3.3595088], [114.9375245, -3.36111], [114.9351802, -3.3630861], [114.9329164, -3.365014], [114.9307331, -3.3668133], [114.9283245, -3.3688], [114.9259427, -3.3707707], [114.9235931, -3.37272], [114.9212435, -3.3746693], [114.9189046, -3.3766185], [114.9166247, -3.3785035], [114.9143448, -3.3803564], [114.9118987, -3.3823699], [114.9094847, -3.3843834], [114.9070492, -3.3864397], [114.9052897, -3.3890958], [114.9037018, -3.3915056], [114.9020174, -3.3941081], [114.9002471, -3.3967108], [114.8986485, -3.3992597], [114.8969427, -3.4017445], [114.8952797, -3.4043577], [114.8936274, -3.4068424], [114.8920074, -3.4092521], [114.8903551, -3.411801], [114.8886493, -3.4143714], [114.8869327, -3.4169632], [114.8851248, -3.4197691], [114.8834887, -3.4222323], [114.8817614, -3.4248348], [114.8800447, -3.4274265], [114.8781189, -3.4298576], [114.8765042, -3.4319995], [114.8746052, -3.434361], [114.8727921, -3.4366528], [114.870716, -3.4391267], [114.8687258, -3.4416488], [114.8669341, -3.4439299], [114.8646489, -3.4469821], [114.8613658, -3.4509767], [114.8594132, -3.4532364], [114.857482, -3.4557424], [114.8561409, -3.4583876], [114.8545852, -3.4612684], [114.8532548, -3.4636244], [114.8518373, -3.4661719], [114.850519, -3.4666029], [114.8503634, -3.4663097]]}, "properties": {"id": "TRM-KLM-0071", "system": "Kalselteng", "voltage_class": "150 kV", "voltage_kv_max": 150.0, "voltage_kv_all": "150", "length_km": 60.515, "osm_id": "way/756074076", "osm_voltage": "150000", "source_id": "OSM-overpass", "color": "#1f77b4", "weight": 1.8, "from_id": "GI-KLM-0040", "from_name": "GI RANTAU", "from_distance_km": 0.072, "to_id": "GI-KLM-0032", "to_name": "GI CEMPAKA 70", "to_distance_km": 0.052, "endpoint_confidence": "both", "circuit_id": "CIRC-KALIMANTAN-0064", "circuit_from_id": "GI-KLM-0040", "circuit_from_name": "GI RANTAU", "circuit_to_id": "GI-KLM-0032", "circuit_to_name": "GI CEMPAKA 70", "circuit_length_km": 60.515, "circuit_segment_count": 1, "match_tier": "UNMATCHED_BASELINE"}}, {"type": "Feature", "geometry": {"type": "LineString", "coordinates": [[115.3011489, -2.7663849], [115.300886, -2.769155], [115.3005964, -2.7720484], [115.3002852, -2.7750383], [115.2999687, -2.7779745], [115.2996737, -2.7806965], [115.2994698, -2.7829147], [115.2991962, -2.7856045], [115.2988529, -2.7887979], [115.2985257, -2.7920234], [115.2981555, -2.7952758], [115.2978605, -2.7984906], [115.2975118, -2.8016732], [115.2972168, -2.8048023], [115.2969183, -2.8074476], [115.2965784, -2.8104603], [115.2962599, -2.8133188], [115.2943548, -2.815642], [115.2923942, -2.8180901], [115.2904053, -2.8204368], [115.288454, -2.8228037], [115.2863645, -2.825275], [115.2844548, -2.8275682], [115.282647, -2.8297703], [115.2808714, -2.8318974], [115.2788919, -2.8343191], [115.2770144, -2.8365855], [115.2758503, -2.8379571], [115.2736401, -2.8406896], [115.271666, -2.843122], [115.2696168, -2.8454473], [115.2683401, -2.8470761], [115.2666771, -2.8491871], [115.2651429, -2.8511802], [115.2637964, -2.8529589], [115.2619189, -2.8554021], [115.2602506, -2.8574702], [115.2582389, -2.8597526], [115.2564096, -2.8618957], [115.2542531, -2.8644352], [115.2521557, -2.8667658], [115.250144, -2.8686357], [115.2484328, -2.8702912], [115.2464801, -2.8721664], [115.2444363, -2.8738058], [115.2427196, -2.8753006], [115.2407831, -2.8770686], [115.2388573, -2.8787509], [115.2366124, -2.8807544], [115.23431, -2.8828093], [115.2320611, -2.8848164], [115.2300895, -2.8865913], [115.2280271, -2.8884167], [115.2257466, -2.890452], [115.2234507, -2.8925522], [115.2209884, -2.8947648], [115.218907, -2.8965864], [115.2166486, -2.8986491], [115.2141487, -2.9008671], [115.2122658, -2.9025869], [115.210104, -2.9043709], [115.2072769, -2.9067765], [115.2047664, -2.9090748], [115.2030873, -2.9107892], [115.2007592, -2.9129697], [115.1986027, -2.9150431], [115.1964676, -2.9171057], [115.1942253, -2.9192058], [115.1918167, -2.9214827], [115.1895797, -2.923615], [115.1874769, -2.9256133], [115.1853847, -2.9276117], [115.183121, -2.9297707], [115.1808411, -2.9319136], [115.1785183, -2.9340941], [115.176233, -2.9362424], [115.1739693, -2.9384229], [115.171684, -2.9405712], [115.1695651, -2.9425909], [115.1676285, -2.9444124], [115.1653111, -2.9466089], [115.1639378, -2.9489554], [115.1623499, -2.9516126], [115.1607835, -2.9542752], [115.1592332, -2.9569271], [115.1576185, -2.9596271], [115.1560038, -2.9623486], [115.1545018, -2.9649201], [115.1530963, -2.9672558], [115.1517445, -2.9695809], [115.1503015, -2.9720291], [115.1487029, -2.9747131], [115.1470131, -2.9775417], [115.1454718, -2.9801403], [115.14395, -2.982706], [115.142566, -2.9850149], [115.1409674, -2.987731], [115.1393044, -2.9904684], [115.1376951, -2.9931738], [115.136075, -2.9959327], [115.1351148, -2.9988309], [115.1341331, -3.0019755], [115.1331514, -3.0049004], [115.1322502, -3.0076111], [115.1313114, -3.0105253], [115.130378, -3.0133645], [115.1295733, -3.0159037], [115.128597, -3.0188876], [115.1274544, -3.0219892], [115.1267356, -3.0246141], [115.1258236, -3.027389], [115.1252818, -3.0287336]]}, "properties": {"id": "TRM-KLM-0072", "system": "Kalselteng", "voltage_class": "150 kV", "voltage_kv_max": 150.0, "voltage_kv_all": "150", "length_km": 36.276, "osm_id": "way/756074077", "osm_voltage": "150000", "source_id": "OSM-overpass", "color": "#1f77b4", "weight": 1.8, "from_id": "GI-KLM-0040", "from_name": "GI RANTAU", "from_distance_km": "", "to_id": "GI-KLM-0040", "to_name": "GI RANTAU", "to_distance_km": 0.072, "endpoint_confidence": "both", "circuit_id": "CIRC-KALIMANTAN-0065", "circuit_from_id": "GI-KLM-0040", "circuit_from_name": "GI RANTAU", "circuit_to_id": "GI-KLM-0040", "circuit_to_name": "GI RANTAU", "circuit_length_km": 36.276, "circuit_segment_count": 1, "match_tier": "UNMATCHED_BASELINE"}}, {"type": "Feature", "geometry": {"type": "LineString", "coordinates": [[115.1252818, -3.0287336], [115.1259953, -3.0287711]]}, "properties": {"id": "TRM-KLM-0073", "system": "Kalselteng", "voltage_class": "150 kV", "voltage_kv_max": 150.0, "voltage_kv_all": "150", "length_km": 0.079, "osm_id": "way/756074078", "osm_voltage": "150000", "source_id": "OSM-overpass", "color": "#1f77b4", "weight": 1.8, "from_id": "GI-KLM-0040", "from_name": "GI RANTAU", "from_distance_km": 0.072, "to_id": "GI-KLM-0040", "to_name": "GI RANTAU", "to_distance_km": "", "endpoint_confidence": "both", "circuit_id": "CIRC-KALIMANTAN-0066", "circuit_from_id": "GI-KLM-0040", "circuit_from_name": "GI RANTAU", "circuit_to_id": "GI-KLM-0040", "circuit_to_name": "GI RANTAU", "circuit_length_km": 0.079, "circuit_segment_count": 1, "match_tier": "UNMATCHED_BASELINE"}}, {"type": "Feature", "geometry": {"type": "LineString", "coordinates": [[115.2947317, -2.4171881], [115.2943897, -2.4174802]]}, "properties": {"id": "TRM-KLM-0074", "system": "Kalselteng", "voltage_class": "150 kV", "voltage_kv_max": 150.0, "voltage_kv_all": "150", "length_km": 0.05, "osm_id": "way/756074079", "osm_voltage": "150000", "source_id": "OSM-overpass", "color": "#1f77b4", "weight": 1.8, "from_id": "GI-KLM-0041", "from_name": "GI AMUNTAI", "from_distance_km": 0.064, "to_id": "GI-KLM-0041", "to_name": "GI AMUNTAI", "to_distance_km": "", "endpoint_confidence": "both", "circuit_id": "CIRC-KALIMANTAN-0067", "circuit_from_id": "GI-KLM-0041", "circuit_from_name": "GI AMUNTAI", "circuit_to_id": "GI-KLM-0041", "circuit_to_name": "GI AMUNTAI", "circuit_length_km": 0.05, "circuit_segment_count": 1, "match_tier": "UNMATCHED_BASELINE"}}, {"type": "Feature", "geometry": {"type": "LineString", "coordinates": [[115.3274004, -2.6833894], [115.3275517, -2.684036]]}, "properties": {"id": "TRM-KLM-0075", "system": "Kalselteng", "voltage_class": "150 kV", "voltage_kv_max": 150.0, "voltage_kv_all": "150", "length_km": 0.074, "osm_id": "way/756074080", "osm_voltage": "150000", "source_id": "OSM-overpass", "color": "#1f77b4", "weight": 1.8, "from_id": "GI-KLM-0039", "from_name": "GI BARIKIN", "from_distance_km": 0.076, "to_id": "GI-KLM-0039", "to_name": "GI BARIKIN", "to_distance_km": "", "endpoint_confidence": "both", "circuit_id": "CIRC-KALIMANTAN-0068", "circuit_from_id": "GI-KLM-0039", "circuit_from_name": "GI BARIKIN", "circuit_to_id": "GI-KLM-0039", "circuit_to_name": "GI BARIKIN", "circuit_length_km": 0.074, "circuit_segment_count": 1, "match_tier": "UNMATCHED_BASELINE"}}, {"type": "Feature", "geometry": {"type": "LineString", "coordinates": [[115.3284726, -2.6840954], [115.3280983, -2.6843611]]}, "properties": {"id": "TRM-KLM-0076", "system": "Kalselteng", "voltage_class": "150 kV", "voltage_kv_max": 150.0, "voltage_kv_all": "150", "length_km": 0.051, "osm_id": "way/756074081", "osm_voltage": "150000", "source_id": "OSM-overpass", "color": "#1f77b4", "weight": 1.8, "from_id": "GI-KLM-0039", "from_name": "GI BARIKIN", "from_distance_km": 0.071, "to_id": "GI-KLM-0039", "to_name": "GI BARIKIN", "to_distance_km": "", "endpoint_confidence": "both", "circuit_id": "CIRC-KALIMANTAN-0069", "circuit_from_id": "GI-KLM-0039", "circuit_from_name": "GI BARIKIN", "circuit_to_id": "GI-KLM-0039", "circuit_to_name": "GI BARIKIN", "circuit_length_km": 0.051, "circuit_segment_count": 1, "match_tier": "UNMATCHED_BASELINE"}}, {"type": "Feature", "geometry": {"type": "LineString", "coordinates": [[115.32766, -2.6846012], [115.3266232, -2.6854979]]}, "properties": {"id": "TRM-KLM-0077", "system": "Kalselteng", "voltage_class": "150 kV", "voltage_kv_max": 150.0, "voltage_kv_all": "150", "length_km": 0.152, "osm_id": "way/756074082", "osm_voltage": "150000", "source_id": "OSM-overpass", "color": "#1f77b4", "weight": 1.8, "from_id": "GI-KLM-0039", "from_name": "GI BARIKIN", "from_distance_km": 0.082, "to_id": "GI-KLM-0039", "to_name": "GI BARIKIN", "to_distance_km": "", "endpoint_confidence": "both", "circuit_id": "CIRC-KALIMANTAN-0070", "circuit_from_id": "GI-KLM-0039", "circuit_from_name": "GI BARIKIN", "circuit_to_id": "GI-KLM-0039", "circuit_to_name": "GI BARIKIN", "circuit_length_km": 0.152, "circuit_segment_count": 1, "match_tier": "UNMATCHED_BASELINE"}}, {"type": "Feature", "geometry": {"type": "LineString", "coordinates": [[115.4488403, -2.3545137], [115.4483807, -2.3558604], [115.4475009, -2.3586796], [115.446589, -2.3615525], [115.445677, -2.3643933], [115.4448187, -2.3671697], [115.4439282, -2.370064], [115.4430377, -2.3728511], [115.4421258, -2.3757454], [115.4412031, -2.3785861], [115.4403126, -2.3813517], [115.4390144, -2.3836779], [115.4376411, -2.386272], [115.4363215, -2.3888554], [115.4348087, -2.3915353], [115.4333067, -2.3941508], [115.4318905, -2.3968307], [115.4305923, -2.3991997], [115.4291654, -2.401976], [115.4279315, -2.4041092], [115.4261935, -2.4073357], [115.424788, -2.4100156], [115.4234147, -2.4125989], [115.4220521, -2.4150965], [115.420593, -2.4176906], [115.419327, -2.4200488], [115.417943, -2.4226107], [115.4168916, -2.4253013], [115.4158294, -2.4279811], [115.4148531, -2.4305751], [115.4136515, -2.4336408], [115.4124927, -2.4365671], [115.4113555, -2.4395256], [115.4102182, -2.4424948], [115.409081, -2.4454318], [115.4079115, -2.4484224], [115.4067743, -2.4513487], [115.4056048, -2.4543179], [115.4044568, -2.4572978], [115.4033089, -2.4602562], [115.4021287, -2.4632039], [115.4010558, -2.4659801], [115.4000151, -2.4687563], [115.3989637, -2.4714253], [115.3979552, -2.4739764], [115.3985131, -2.4770312], [115.399189, -2.4801611], [115.3997898, -2.4832803], [115.4003906, -2.4863995], [115.4010129, -2.4894757], [115.4016888, -2.4926056], [115.4022682, -2.4956711], [115.4027563, -2.498383], [115.4033638, -2.5015061], [115.4039687, -2.5046158], [115.404547, -2.5077], [115.4051435, -2.5108808], [115.4056102, -2.5135497], [115.4062325, -2.5166152], [115.4067582, -2.5192198], [115.4072195, -2.5219209], [115.4076809, -2.5242361], [115.4082119, -2.5270121], [115.4088128, -2.5300561], [115.4094672, -2.5332288], [115.4100251, -2.5362514], [115.410583, -2.5391399], [115.4111838, -2.5422375], [115.4117042, -2.5448689], [115.4106581, -2.5475645], [115.4094779, -2.5505227], [115.4083246, -2.5535024], [115.4071444, -2.5564499], [115.406009, -2.559403], [115.4049396, -2.5621841], [115.4037648, -2.5650994], [115.4028368, -2.5675163], [115.4016942, -2.5704745], [115.400514, -2.5735184], [115.3993982, -2.5763266], [115.3983039, -2.5792579], [115.3971934, -2.5822643], [115.3959703, -2.585201], [115.3949082, -2.5879555], [115.3937924, -2.5908279], [115.3918076, -2.5922052], [115.3899032, -2.5935878], [115.3890556, -2.5954527], [115.3891844, -2.5988556], [115.3893131, -2.6022853], [115.3881758, -2.6052112], [115.3870547, -2.6081586], [115.3859121, -2.6110899], [115.3848767, -2.6137211], [115.3835785, -2.6170221], [115.382452, -2.6199909], [115.3813684, -2.6227239], [115.3795552, -2.6247602], [115.377624, -2.626968], [115.3755534, -2.6291651], [115.3735149, -2.6314158], [115.3714013, -2.6338487], [115.3692341, -2.6361744], [115.3671205, -2.6385001], [115.3650391, -2.6407936], [115.3629792, -2.6430871], [115.3609407, -2.6453914], [115.3591168, -2.6474384], [115.3574377, -2.649255], [115.3556406, -2.6512645], [115.3536665, -2.6535902], [115.3517783, -2.656098], [115.3495574, -2.6585094], [115.3474867, -2.6608565], [115.3454482, -2.6632572], [115.3434634, -2.66569], [115.3413498, -2.6682514], [115.3395581, -2.670636], [115.3374982, -2.6731492], [115.3355133, -2.6754962], [115.3334212, -2.6780469], [115.3314364, -2.6804261], [115.3295374, -2.6828696], [115.3284726, -2.6840954]]}, "properties": {"id": "TRM-KLM-0078", "system": "Kalselteng", "voltage_class": "150 kV", "voltage_kv_max": 150.0, "voltage_kv_all": "150", "length_km": 40.957, "osm_id": "way/756074083", "osm_voltage": "150000", "source_id": "OSM-overpass", "color": "#1f77b4", "weight": 1.8, "from_id": "GI-KLM-0043", "from_name": "GI PARINGIN", "from_distance_km": 0.543, "to_id": "GI-KLM-0039", "to_name": "GI BARIKIN", "to_distance_km": 0.071, "endpoint_confidence": "both", "circuit_id": "CIRC-KALIMANTAN-0071", "circuit_from_id": "GI-KLM-0043", "circuit_from_name": "GI PARINGIN", "circuit_to_id": "GI-KLM-0039", "circuit_to_name": "GI BARIKIN", "circuit_length_km": 40.957, "circuit_segment_count": 1, "match_tier": "UNMATCHED_BASELINE"}}, {"type": "Feature", "geometry": {"type": "LineString", "coordinates": [[115.4507652, -2.1955694], [115.4511917, -2.1955667], [115.4522055, -2.1969202], [115.4518032, -2.1998202], [115.4518783, -2.2002062]]}, "properties": {"id": "TRM-KLM-0079", "system": "Kalselteng", "voltage_class": "150 kV", "voltage_kv_max": 150.0, "voltage_kv_all": "150", "length_km": 0.605, "osm_id": "way/756074087", "osm_voltage": "150000", "source_id": "OSM-overpass", "color": "#1f77b4", "weight": 1.8, "from_id": "GI-KLM-0042", "from_name": "GI TANJUNG", "from_distance_km": 0.093, "to_id": "GI-KLM-0042", "to_name": "GI TANJUNG", "to_distance_km": "", "endpoint_confidence": "both", "circuit_id": "CIRC-KALIMANTAN-0072", "circuit_from_id": "GI-KLM-0042", "circuit_from_name": "GI TANJUNG", "circuit_to_id": "GI-KLM-0042", "circuit_to_name": "GI TANJUNG", "circuit_length_km": 0.605, "circuit_segment_count": 1, "match_tier": "UNMATCHED_BASELINE"}}, {"type": "Feature", "geometry": {"type": "LineString", "coordinates": [[115.4903224, -2.1600853], [115.4895633, -2.1602702], [115.4866558, -2.1600879], [115.4837215, -2.1599486], [115.4813772, -2.1583082], [115.4785985, -2.1577132], [115.47575, -2.1570485], [115.4729122, -2.1563516], [115.4701549, -2.155376], [115.4674244, -2.1542931], [115.4646832, -2.1532478], [115.4619688, -2.1521542], [115.4592061, -2.1512268], [115.4564112, -2.1522025], [115.4548073, -2.1539286], [115.4526454, -2.1562819], [115.4517388, -2.1569466], [115.4516006, -2.1570499], [115.4503655, -2.1579866], [115.4486288, -2.159383]]}, "properties": {"id": "TRM-KLM-0080", "system": "Kalselteng", "voltage_class": "150 kV", "voltage_kv_max": 150.0, "voltage_kv_all": "150", "length_km": 5.157, "osm_id": "way/756074088", "osm_voltage": "150000", "source_id": "OSM-overpass", "color": "#1f77b4", "weight": 1.8, "from_id": "", "from_name": "", "from_distance_km": "", "to_id": "", "to_name": "", "to_distance_km": "", "endpoint_confidence": "none", "circuit_id": "", "circuit_from_id": "", "circuit_from_name": "", "circuit_to_id": "", "circuit_to_name": "", "circuit_length_km": "", "circuit_segment_count": "", "match_tier": "BASELINE_UNRESOLVED"}}, {"type": "Feature", "geometry": {"type": "LineString", "coordinates": [[117.1135604, -0.5032202], [117.1133324, -0.5030606]]}, "properties": {"id": "TRM-KLM-0081", "system": "Mahakam", "voltage_class": "150 kV", "voltage_kv_max": 150.0, "voltage_kv_all": "150", "length_km": 0.031, "osm_id": "way/756394102", "osm_voltage": "150000", "source_id": "OSM-overpass", "color": "#1f77b4", "weight": 1.8, "from_id": "GI-KLM-0079", "from_name": "GI Tengkawang", "from_distance_km": 0.096, "to_id": "GI-KLM-0079", "to_name": "GI Tengkawang", "to_distance_km": "", "endpoint_confidence": "both", "circuit_id": "CIRC-KALIMANTAN-0073", "circuit_from_id": "GI-KLM-0079", "circuit_from_name": "GI Tengkawang", "circuit_to_id": "GI-KLM-0079", "circuit_to_name": "GI Tengkawang", "circuit_length_km": 0.031, "circuit_segment_count": 1, "match_tier": "UNMATCHED_BASELINE"}}, {"type": "Feature", "geometry": {"type": "LineString", "coordinates": [[117.2897333, -0.3141012], [117.2920775, -0.3149756]]}, "properties": {"id": "TRM-KLM-0082", "system": "Mahakam", "voltage_class": "150 kV", "voltage_kv_max": 150.0, "voltage_kv_all": "150", "length_km": 0.278, "osm_id": "way/756394104", "osm_voltage": "150000", "source_id": "OSM-overpass", "color": "#1f77b4", "weight": 1.8, "from_id": "", "from_name": "", "from_distance_km": "", "to_id": "", "to_name": "", "to_distance_km": "", "endpoint_confidence": "none", "circuit_id": "", "circuit_from_id": "", "circuit_from_name": "", "circuit_to_id": "", "circuit_to_name": "", "circuit_length_km": "", "circuit_segment_count": "", "match_tier": "BASELINE_UNRESOLVED"}}, {"type": "Feature", "geometry": {"type": "LineString", "coordinates": [[117.2920775, -0.3149756], [117.2920614, -0.3154369]]}, "properties": {"id": "TRM-KLM-0083", "system": "Mahakam", "voltage_class": "150 kV", "voltage_kv_max": 150.0, "voltage_kv_all": "150", "length_km": 0.051, "osm_id": "way/756394105", "osm_voltage": "150000", "source_id": "OSM-overpass", "color": "#1f77b4", "weight": 1.8, "from_id": "", "from_name": "", "from_distance_km": "", "to_id": "", "to_name": "", "to_distance_km": "", "endpoint_confidence": "none", "circuit_id": "", "circuit_from_id": "", "circuit_from_name": "", "circuit_to_id": "", "circuit_to_name": "", "circuit_length_km": "", "circuit_segment_count": "", "match_tier": "BASELINE_UNRESOLVED"}}, {"type": "Feature", "geometry": {"type": "LineString", "coordinates": [[117.2140226, -0.5239515], [117.2142827, -0.5237852], [117.2142827, -0.5208617], [117.214504, -0.5171425], [117.2157459, -0.5143948], [117.2187169, -0.5134537], [117.2222462, -0.5122629], [117.223674, -0.5101594], [117.2256333, -0.507298], [117.2270216, -0.5052705], [117.2288525, -0.5025966], [117.2306335, -0.5000647], [117.2320068, -0.4980585], [117.2337019, -0.4964492], [117.2365129, -0.4939388], [117.2400319, -0.4908382], [117.2423065, -0.4890573], [117.2419202, -0.4862787], [117.2423386, -0.4827061], [117.2422314, -0.4798523], [117.2419739, -0.4747456], [117.2417486, -0.4716343], [117.2417486, -0.4682441], [117.2416627, -0.4643818], [117.2415876, -0.4615603], [117.2413516, -0.4576873], [117.2412765, -0.4548442], [117.241217, -0.4515673], [117.2411692, -0.4489328], [117.2411585, -0.4454246], [117.2412443, -0.441616], [117.2412979, -0.4399209], [117.2422957, -0.437979], [117.2436476, -0.4355973], [117.2451281, -0.4327649], [117.2467053, -0.4299541], [117.2480571, -0.4273899], [117.2498488, -0.4240641], [117.2512329, -0.4215107], [117.2530353, -0.418378], [117.2544408, -0.4157602], [117.2559643, -0.4128957], [117.2582602, -0.4086472], [117.2601914, -0.4052891], [117.2611892, -0.4034009], [117.2652662, -0.4028108], [117.2688925, -0.4023709], [117.2708666, -0.4012123], [117.273978, -0.3994957], [117.2772288, -0.397822], [117.2795677, -0.3964488], [117.2833443, -0.3944211], [117.2847605, -0.3936701], [117.2858012, -0.3910308], [117.2863912, -0.3893894], [117.287668, -0.3858811], [117.288537, -0.383435], [117.2898459, -0.3797497], [117.2906828, -0.3773412], [117.2917932, -0.3742835], [117.2928661, -0.3712205], [117.2944164, -0.3667949], [117.2940195, -0.3635066], [117.2934776, -0.3604597], [117.2931504, -0.3577561], [117.2925222, -0.3537894], [117.2918933, -0.3498178], [117.2913433, -0.345794], [117.2909349, -0.3429935], [117.2905379, -0.3402899], [117.2901041, -0.3372735], [117.2894897, -0.3330008], [117.2890198, -0.3297329], [117.2879469, -0.3254575], [117.2870028, -0.3217829], [117.2876894, -0.3196586], [117.2890359, -0.3159412], [117.2897333, -0.3141012]]}, "properties": {"id": "TRM-KLM-0084", "system": "Mahakam", "voltage_class": "150 kV", "voltage_kv_max": 150.0, "voltage_kv_all": "150", "length_km": 27.441, "osm_id": "way/756394106", "osm_voltage": "150000", "source_id": "OSM-overpass", "color": "#1f77b4", "weight": 1.8, "from_id": "GI-KLM-0082", "from_name": "GI Sambutan", "from_distance_km": 0.077, "to_id": "GI-KLM-0082", "to_name": "GI Sambutan", "to_distance_km": "", "endpoint_confidence": "both", "circuit_id": "CIRC-KALIMANTAN-0074", "circuit_from_id": "GI-KLM-0082", "circuit_from_name": "GI Sambutan", "circuit_to_id": "GI-KLM-0082", "circuit_to_name": "GI Sambutan", "circuit_length_km": 27.441, "circuit_segment_count": 1, "match_tier": "UNMATCHED_BASELINE"}}, {"type": "Feature", "geometry": {"type": "LineString", "coordinates": [[117.4345592, 0.1611308], [117.4349347, 0.1612086]]}, "properties": {"id": "TRM-KLM-0085", "system": "Mahakam", "voltage_class": "150 kV", "voltage_kv_max": 150.0, "voltage_kv_all": "150", "length_km": 0.043, "osm_id": "way/756394107", "osm_voltage": "150000", "source_id": "OSM-overpass", "color": "#1f77b4", "weight": 1.8, "from_id": "GI-KLM-0087", "from_name": "GI Bontang Lestari", "from_distance_km": 0.08, "to_id": "GI-KLM-0087", "to_name": "GI Bontang Lestari", "to_distance_km": "", "endpoint_confidence": "both", "circuit_id": "CIRC-KALIMANTAN-0075", "circuit_from_id": "GI-KLM-0087", "circuit_from_name": "GI Bontang Lestari", "circuit_to_id": "GI-KLM-0087", "circuit_to_name": "GI Bontang Lestari", "circuit_length_km": 0.043, "circuit_segment_count": 1, "match_tier": "UNMATCHED_BASELINE"}}, {"type": "Feature", "geometry": {"type": "LineString", "coordinates": [[117.1947296, -0.5826022], [117.1945572, -0.5800397], [117.1949471, -0.5766765], [117.194598, -0.5734782], [117.1952624, -0.569725], [117.1959898, -0.5671362], [117.1987337, -0.5573707], [117.2016527, -0.5486042], [117.204893, -0.5430502], [117.2063504, -0.5400155], [117.2079608, -0.537463], [117.2090468, -0.536067], [117.2103015, -0.5344855], [117.211686, -0.5335625], [117.2134406, -0.5323464], [117.2134377, -0.5296191], [117.2133989, -0.5270799], [117.2133938, -0.5244984], [117.2138446, -0.5241046]]}, "properties": {"id": "TRM-KLM-0086", "system": "Mahakam", "voltage_class": "150 kV", "voltage_kv_max": 150.0, "voltage_kv_all": "150", "length_km": 7.106, "osm_id": "way/756394108", "osm_voltage": "150000", "source_id": "OSM-overpass", "color": "#1f77b4", "weight": 1.8, "from_id": "GI-KLM-0076", "from_name": "GI Bukuan", "from_distance_km": 0.135, "to_id": "GI-KLM-0082", "to_name": "GI Sambutan", "to_distance_km": 0.064, "endpoint_confidence": "both", "circuit_id": "CIRC-KALIMANTAN-0076", "circuit_from_id": "GI-KLM-0076", "circuit_from_name": "GI Bukuan", "circuit_to_id": "GI-KLM-0082", "circuit_to_name": "GI Sambutan", "circuit_length_km": 7.106, "circuit_segment_count": 1, "match_tier": "UNMATCHED_BASELINE"}}, {"type": "Feature", "geometry": {"type": "LineString", "coordinates": [[117.1939409, -0.5829252], [117.1947296, -0.5826022]]}, "properties": {"id": "TRM-KLM-0087", "system": "Mahakam", "voltage_class": "150 kV", "voltage_kv_max": 150.0, "voltage_kv_all": "150", "length_km": 0.095, "osm_id": "way/756394109", "osm_voltage": "150000", "source_id": "OSM-overpass", "color": "#1f77b4", "weight": 1.8, "from_id": "GI-KLM-0076", "from_name": "GI Bukuan", "from_distance_km": 0.042, "to_id": "GI-KLM-0076", "to_name": "GI Bukuan", "to_distance_km": "", "endpoint_confidence": "both", "circuit_id": "CIRC-KALIMANTAN-0077", "circuit_from_id": "GI-KLM-0076", "circuit_from_name": "GI Bukuan", "circuit_to_id": "GI-KLM-0076", "circuit_to_name": "GI Bukuan", "circuit_length_km": 0.095, "circuit_segment_count": 1, "match_tier": "UNMATCHED_BASELINE"}}, {"type": "Feature", "geometry": {"type": "LineString", "coordinates": [[117.1923932, -0.5834589], [117.1934232, -0.5833811]]}, "properties": {"id": "TRM-KLM-0088", "system": "Mahakam", "voltage_class": "150 kV", "voltage_kv_max": 150.0, "voltage_kv_all": "150", "length_km": 0.115, "osm_id": "way/756394110", "osm_voltage": "150000", "source_id": "OSM-overpass", "color": "#1f77b4", "weight": 1.8, "from_id": "GI-KLM-0076", "from_name": "GI Bukuan", "from_distance_km": 0.145, "to_id": "GI-KLM-0076", "to_name": "GI Bukuan", "to_distance_km": "", "endpoint_confidence": "both", "circuit_id": "CIRC-KALIMANTAN-0078", "circuit_from_id": "GI-KLM-0076", "circuit_from_name": "GI Bukuan", "circuit_to_id": "GI-KLM-0076", "circuit_to_name": "GI Bukuan", "circuit_length_km": 0.115, "circuit_segment_count": 1, "match_tier": "UNMATCHED_BASELINE"}}, {"type": "Feature", "geometry": {"type": "LineString", "coordinates": [[117.1071097, -0.5480715], [117.1072251, -0.5496862], [117.1092635, -0.5512069], [117.1118733, -0.5530602], [117.1133888, -0.5541036], [117.116197, -0.5560642], [117.1184474, -0.5576359], [117.1210237, -0.559442], [117.1234095, -0.5611145], [117.1265638, -0.5632602], [117.1288705, -0.5649499], [117.1312952, -0.5666181], [117.1337199, -0.5683347], [117.136445, -0.5702604], [117.1399266, -0.5710784], [117.1427751, -0.5717248], [117.1457362, -0.5729264], [117.1487349, -0.5741333], [117.1510336, -0.5750157], [117.1540135, -0.5762253], [117.1569425, -0.5773679], [117.1598822, -0.5785373], [117.1628165, -0.5796906], [117.1657187, -0.5808117], [117.1686691, -0.5819864], [117.1716448, -0.5831647], [117.1745217, -0.5843037], [117.1773756, -0.5854302], [117.1804252, -0.586605], [117.18344, -0.5857708], [117.18642, -0.5849367], [117.1893167, -0.5841428], [117.1923932, -0.5834589]]}, "properties": {"id": "TRM-KLM-0089", "system": "Mahakam", "voltage_class": "150 kV", "voltage_kv_max": 150.0, "voltage_kv_all": "150", "length_km": 10.754, "osm_id": "way/756394111", "osm_voltage": "150000", "source_id": "OSM-overpass", "color": "#1f77b4", "weight": 1.8, "from_id": "GI-KLM-0075", "from_name": "GI Harapan Baru", "from_distance_km": 0.11, "to_id": "GI-KLM-0076", "to_name": "GI Bukuan", "to_distance_km": 0.145, "endpoint_confidence": "both", "circuit_id": "CIRC-KALIMANTAN-0079", "circuit_from_id": "GI-KLM-0075", "circuit_from_name": "GI Harapan Baru", "circuit_to_id": "GI-KLM-0076", "circuit_to_name": "GI Bukuan", "circuit_length_km": 10.754, "circuit_segment_count": 1, "match_tier": "UNMATCHED_BASELINE"}}, {"type": "Feature", "geometry": {"type": "LineString", "coordinates": [[117.1071674, -0.5473259], [117.107445, -0.5480233]]}, "properties": {"id": "TRM-KLM-0090", "system": "Mahakam", "voltage_class": "150 kV", "voltage_kv_max": 150.0, "voltage_kv_all": "150", "length_km": 0.083, "osm_id": "way/756394112", "osm_voltage": "150000", "source_id": "OSM-overpass", "color": "#1f77b4", "weight": 1.8, "from_id": "GI-KLM-0075", "from_name": "GI Harapan Baru", "from_distance_km": 0.054, "to_id": "GI-KLM-0075", "to_name": "GI Harapan Baru", "to_distance_km": "", "endpoint_confidence": "both", "circuit_id": "CIRC-KALIMANTAN-0080", "circuit_from_id": "GI-KLM-0075", "circuit_from_name": "GI Harapan Baru", "circuit_to_id": "GI-KLM-0075", "circuit_to_name": "GI Harapan Baru", "circuit_length_km": 0.083, "circuit_segment_count": 1, "match_tier": "UNMATCHED_BASELINE"}}, {"type": "Feature", "geometry": {"type": "LineString", "coordinates": [[117.1069507, -0.5474569], [117.1071097, -0.5480715]]}, "properties": {"id": "TRM-KLM-0091", "system": "Mahakam", "voltage_class": "150 kV", "voltage_kv_max": 150.0, "voltage_kv_all": "150", "length_km": 0.071, "osm_id": "way/756394113", "osm_voltage": "150000", "source_id": "OSM-overpass", "color": "#1f77b4", "weight": 1.8, "from_id": "GI-KLM-0075", "from_name": "GI Harapan Baru", "from_distance_km": 0.042, "to_id": "GI-KLM-0075", "to_name": "GI Harapan Baru", "to_distance_km": "", "endpoint_confidence": "both", "circuit_id": "CIRC-KALIMANTAN-0081", "circuit_from_id": "GI-KLM-0075", "circuit_from_name": "GI Harapan Baru", "circuit_to_id": "GI-KLM-0075", "circuit_to_name": "GI Harapan Baru", "circuit_length_km": 0.071, "circuit_segment_count": 1, "match_tier": "UNMATCHED_BASELINE"}}, {"type": "Feature", "geometry": {"type": "LineString", "coordinates": [[117.1066833, -0.5479562], [117.1066216, -0.5476558]]}, "properties": {"id": "TRM-KLM-0092", "system": "Mahakam", "voltage_class": "150 kV", "voltage_kv_max": 150.0, "voltage_kv_all": "150", "length_km": 0.034, "osm_id": "way/756394114", "osm_voltage": "150000", "source_id": "OSM-overpass", "color": "#1f77b4", "weight": 1.8, "from_id": "GI-KLM-0075", "from_name": "GI Harapan Baru", "from_distance_km": 0.087, "to_id": "GI-KLM-0075", "to_name": "GI Harapan Baru", "to_distance_km": "", "endpoint_confidence": "both", "circuit_id": "CIRC-KALIMANTAN-0082", "circuit_from_id": "GI-KLM-0075", "circuit_from_name": "GI Harapan Baru", "circuit_to_id": "GI-KLM-0075", "circuit_to_name": "GI Harapan Baru", "circuit_length_km": 0.034, "circuit_segment_count": 1, "match_tier": "UNMATCHED_BASELINE"}}, {"type": "Feature", "geometry": {"type": "LineString", "coordinates": [[116.8789382, -1.148357], [116.8800044, -1.1492334]]}, "properties": {"id": "TRM-KLM-0093", "system": "Mahakam", "voltage_class": "150 kV", "voltage_kv_max": 150.0, "voltage_kv_all": "150", "length_km": 0.153, "osm_id": "way/756394115", "osm_voltage": "150000", "source_id": "OSM-overpass", "color": "#1f77b4", "weight": 1.8, "from_id": "GI-KLM-0070", "from_name": "GI Karang Joang", "from_distance_km": 0.051, "to_id": "GI-KLM-0070", "to_name": "GI Karang Joang", "to_distance_km": "", "endpoint_confidence": "both", "circuit_id": "CIRC-KALIMANTAN-0083", "circuit_from_id": "GI-KLM-0070", "circuit_from_name": "GI Karang Joang", "circuit_to_id": "GI-KLM-0070", "circuit_to_name": "GI Karang Joang", "circuit_length_km": 0.153, "circuit_segment_count": 1, "match_tier": "UNMATCHED_BASELINE"}}, {"type": "Feature", "geometry": {"type": "LineString", "coordinates": [[116.8781483, -1.147855], [116.8783401, -1.1481956]]}, "properties": {"id": "TRM-KLM-0094", "system": "Mahakam", "voltage_class": "150 kV", "voltage_kv_max": 150.0, "voltage_kv_all": "150", "length_km": 0.043, "osm_id": "way/756394116", "osm_voltage": "150000", "source_id": "OSM-overpass", "color": "#1f77b4", "weight": 1.8, "from_id": "GI-KLM-0070", "from_name": "GI Karang Joang", "from_distance_km": 0.107, "to_id": "GI-KLM-0070", "to_name": "GI Karang Joang", "to_distance_km": "", "endpoint_confidence": "both", "circuit_id": "CIRC-KALIMANTAN-0084", "circuit_from_id": "GI-KLM-0070", "circuit_from_name": "GI Karang Joang", "circuit_to_id": "GI-KLM-0070", "circuit_to_name": "GI Karang Joang", "circuit_length_km": 0.043, "circuit_segment_count": 1, "match_tier": "UNMATCHED_BASELINE"}}, {"type": "Feature", "geometry": {"type": "LineString", "coordinates": [[116.8781483, -1.147855], [116.8800071, -1.1452458], [116.8821421, -1.1419982], [116.8837273, -1.1398583], [116.8854356, -1.1374656], [116.8873001, -1.1348543], [116.8887055, -1.1328859], [116.8892688, -1.1294694], [116.8896255, -1.1261522], [116.8899393, -1.1237226], [116.8902397, -1.1210516], [116.8905616, -1.1181674], [116.8908714, -1.1155702], [116.8912026, -1.1125064], [116.8915191, -1.1096973], [116.8918598, -1.1067434], [116.892195, -1.1039115], [116.8926108, -1.1005366], [116.8927677, -1.0987157], [116.893166, -1.0953434], [116.8934557, -1.0932611], [116.8961352, -1.091463], [116.8987302, -1.0896823], [116.9004308, -1.0885774], [116.9030634, -1.0867847], [116.9059896, -1.0847788], [116.9083138, -1.0832837], [116.9105481, -1.08179], [116.9131726, -1.0800294], [116.9154337, -1.0785317], [116.9183627, -1.0765888], [116.9210529, -1.0748014], [116.9234669, -1.0731762], [116.926467, -1.071185], [116.9282828, -1.0698951], [116.931311, -1.0678289], [116.9348757, -1.06543], [116.9363938, -1.0622924], [116.9387944, -1.0572534], [116.9402441, -1.0542431], [116.9417368, -1.0511041], [116.9432482, -1.0479383], [116.9447985, -1.0447229], [116.9459961, -1.0422275], [116.9471146, -1.0398675], [116.9484799, -1.0370289], [116.949648, -1.034571], [116.9511339, -1.0314816], [116.9526185, -1.0283735], [116.9540079, -1.0254543], [116.9555099, -1.0223307], [116.9566988, -1.0198836], [116.9590008, -1.0149887], [116.9604043, -1.0120645], [116.9617863, -1.0091853], [116.9632602, -1.0061119], [116.9647394, -1.0030319], [116.9661865, -1.0000859], [116.9676845, -0.9972164], [116.9702433, -0.991944], [116.9712438, -0.9898093], [116.9725232, -0.9871543], [116.9741245, -0.9837725], [116.9757673, -0.980313], [116.9773498, -0.9769956], [116.9788626, -0.9738029], [116.9801983, -0.9709682], [116.9813047, -0.9687302], [116.9826968, -0.9657051], [116.9842659, -0.9624882], [116.985371, -0.9601845], [116.9869186, -0.9570133], [116.9879271, -0.9549201], [116.9894023, -0.9517877], [116.990616, -0.9492373], [116.9920322, -0.946294], [116.9936416, -0.9428451], [116.9952066, -0.9394351], [116.9961333, -0.93746], [116.9975629, -0.9343839], [116.9989738, -0.9313158], [117.0003659, -0.9283577], [117.0015956, -0.9257094], [117.0030337, -0.922633], [117.004364, -0.9197871], [117.0056569, -0.9170211], [117.0069467, -0.9142618], [117.0079429, -0.9121306], [117.0091662, -0.9095136], [117.0103316, -0.9070222], [117.0110182, -0.9055538], [117.0124184, -0.9025756], [117.0135516, -0.9001257], [117.0147251, -0.8975699], [117.0160702, -0.8946614], [117.0176312, -0.8909671], [117.0172664, -0.8874243], [117.0169526, -0.883734], [117.0165959, -0.8805104], [117.0162405, -0.8771782], [117.0159307, -0.8738177], [117.0156276, -0.8709763], [117.0152253, -0.8671814], [117.0149302, -0.8640811], [117.0155498, -0.8613402], [117.016156, -0.8586851], [117.0167193, -0.856207], [117.0173147, -0.8536807], [117.0178807, -0.8510953], [117.0186076, -0.8479119], [117.0192298, -0.8452353], [117.0198078, -0.8427197], [117.0204985, -0.8397602], [117.0210108, -0.8373988], [117.0214359, -0.8355764], [117.023685, -0.8259577], [117.0245326, -0.8222405], [117.0250556, -0.8198683], [117.025651, -0.8173071], [117.0273757, -0.8094477], [117.0281106, -0.8061811], [117.029728, -0.7989639], [117.0306265, -0.7950322], [117.0317718, -0.7901215], [117.0324022, -0.7874074], [117.0332819, -0.7835508], [117.0346847, -0.7822044], [117.037147, -0.7797236], [117.0391962, -0.7777041], [117.0416531, -0.7753064], [117.0436004, -0.7733861], [117.0458776, -0.7711118], [117.0480448, -0.768977], [117.0507109, -0.7663808], [117.0532429, -0.7638517], [117.0561129, -0.7610397], [117.0591196, -0.7580292], [117.0617455, -0.7554464], [117.0640066, -0.753274], [117.0662597, -0.7510158], [117.0689553, -0.7483821], [117.070983, -0.7464055], [117.0740354, -0.7433641], [117.0760524, -0.7413446], [117.0782304, -0.7392607], [117.0806417, -0.7368898], [117.0829591, -0.7345833], [117.0858908, -0.731735], [117.0882618, -0.7294017], [117.0907737, -0.7268082], [117.0902118, -0.7235067], [117.0897179, -0.7205585], [117.0890799, -0.7167507], [117.0884847, -0.7131604], [117.088007, -0.710279], [117.0873553, -0.706307], [117.0866793, -0.7022893], [117.0860705, -0.6988376], [117.0853838, -0.6945705], [117.0847294, -0.6904348], [117.0841554, -0.686908], [117.0835894, -0.683408], [117.0830932, -0.6804148], [117.0826533, -0.6777274], [117.0820016, -0.6739431], [117.0832434, -0.6707515], [117.0836216, -0.6679354], [117.0842519, -0.6649369], [117.0847911, -0.6624694], [117.0844638, -0.6595567], [117.0834929, -0.6556731], [117.0835519, -0.6526532], [117.0836511, -0.6491638], [117.0865549, -0.6476802], [117.0891, -0.6462994], [117.0917689, -0.6451414], [117.0946643, -0.6436657], [117.0976603, -0.6419143], [117.1013229, -0.639593], [117.1034083, -0.6358502], [117.1051289, -0.6328047], [117.1063238, -0.6307141], [117.1083476, -0.6271684], [117.1075255, -0.6232312], [117.1068361, -0.6200047], [117.105943, -0.6158126], [117.1054521, -0.6135704], [117.1046394, -0.6097887], [117.1037462, -0.6055323], [117.1031105, -0.6025686], [117.1024762, -0.5995955], [117.1017346, -0.5961772], [117.1012934, -0.5940893], [117.1005329, -0.5906066], [117.0999039, -0.5879255], [117.0991282, -0.5840348], [117.0985669, -0.5814353], [117.0978454, -0.5780384], [117.099444, -0.5746992], [117.101123, -0.5712233], [117.1028316, -0.5662748], [117.1033251, -0.5628632], [117.1037087, -0.5602428], [117.10428, -0.5565818], [117.1047387, -0.5534947], [117.105487, -0.5508207], [117.1066833, -0.5479562]]}, "properties": {"id": "TRM-KLM-0095", "system": "Mahakam", "voltage_class": "150 kV", "voltage_kv_max": 150.0, "voltage_kv_all": "150", "length_km": 76.363, "osm_id": "way/756394117", "osm_voltage": "150000", "source_id": "OSM-overpass", "color": "#1f77b4", "weight": 1.8, "from_id": "GI-KLM-0070", "from_name": "GI Karang Joang", "from_distance_km": 0.107, "to_id": "GI-KLM-0075", "to_name": "GI Harapan Baru", "to_distance_km": 0.087, "endpoint_confidence": "both", "circuit_id": "CIRC-KALIMANTAN-0085", "circuit_from_id": "GI-KLM-0070", "circuit_from_name": "GI Karang Joang", "circuit_to_id": "GI-KLM-0075", "circuit_to_name": "GI Harapan Baru", "circuit_length_km": 76.363, "circuit_segment_count": 1, "match_tier": "UNMATCHED_BASELINE"}}, {"type": "Feature", "geometry": {"type": "LineString", "coordinates": [[117.0528633, -0.3814794], [117.0544292, -0.3827906], [117.0559023, -0.384123], [117.0577142, -0.3865678], [117.059809, -0.3894162], [117.0616409, -0.3918999], [117.0635198, -0.3944774], [117.065675, -0.3973835], [117.0676383, -0.4000804], [117.0697626, -0.4029181], [117.0718774, -0.4057906], [117.0732643, -0.4078063], [117.0751995, -0.4102578], [117.077242, -0.4130244], [117.0798276, -0.416534], [117.082821, -0.4208308], [117.0849842, -0.4235438], [117.087374, -0.4268515], [117.0889807, -0.4295343], [117.0911546, -0.4330399], [117.0923582, -0.4350434], [117.0945248, -0.438557], [117.0961261, -0.4411868], [117.0983402, -0.4447769], [117.1005276, -0.4482328], [117.1019545, -0.4506078], [117.1051571, -0.4560297], [117.1075657, -0.4599175], [117.1106194, -0.4649531], [117.1121295, -0.4674891], [117.1133405, -0.4694256], [117.1141693, -0.4708511], [117.1138726, -0.4738713], [117.1135622, -0.4768232], [117.1131608, -0.4805067], [117.1129082, -0.4829328], [117.1126938, -0.4854854], [117.1127328, -0.4876822], [117.1120476, -0.4908317], [117.1111653, -0.4937957], [117.1095264, -0.4966289], [117.1101579, -0.498602], [117.1112833, -0.4999119], [117.1128497, -0.502437]]}, "properties": {"id": "TRM-KLM-0096", "system": "Mahakam", "voltage_class": "150 kV", "voltage_kv_max": 150.0, "voltage_kv_all": "150", "length_km": 15.777, "osm_id": "way/756458681", "osm_voltage": "150000", "source_id": "OSM-overpass", "color": "#1f77b4", "weight": 1.8, "from_id": "GI-KLM-0077", "from_name": "GI Embalut", "from_distance_km": 1.559, "to_id": "GI-KLM-0079", "to_name": "GI Tengkawang", "to_distance_km": 0.105, "endpoint_confidence": "both", "circuit_id": "CIRC-KALIMANTAN-0086", "circuit_from_id": "GI-KLM-0077", "circuit_from_name": "GI Embalut", "circuit_to_id": "GI-KLM-0079", "circuit_to_name": "GI Tengkawang", "circuit_length_km": 15.777, "circuit_segment_count": 1, "match_tier": "CONFIRMED_MATCH", "match_reason": "pair match (GI Embalut — GI Tengkawang), voltage=150 matches", "ruptl_id": "RUPTL-KALIMANTAN-T-0076", "voltage_kv_ruptl": "150", "length_km_ruptl": "32.0", "target_cod_year_ruptl": "2027", "action_type_ruptl": ""}}, {"type": "Feature", "geometry": {"type": "LineString", "coordinates": [[117.1128497, -0.502437], [117.1130776, -0.5025899]]}, "properties": {"id": "TRM-KLM-0097", "system": "Mahakam", "voltage_class": "150 kV", "voltage_kv_max": 150.0, "voltage_kv_all": "150", "length_km": 0.031, "osm_id": "way/756458682", "osm_voltage": "150000", "source_id": "OSM-overpass", "color": "#1f77b4", "weight": 1.8, "from_id": "GI-KLM-0079", "from_name": "GI Tengkawang", "from_distance_km": 0.105, "to_id": "GI-KLM-0079", "to_name": "GI Tengkawang", "to_distance_km": "", "endpoint_confidence": "both", "circuit_id": "CIRC-KALIMANTAN-0087", "circuit_from_id": "GI-KLM-0079", "circuit_from_name": "GI Tengkawang", "circuit_to_id": "GI-KLM-0079", "circuit_to_name": "GI Tengkawang", "circuit_length_km": 0.031, "circuit_segment_count": 1, "match_tier": "UNMATCHED_BASELINE"}}, {"type": "Feature", "geometry": {"type": "LineString", "coordinates": [[116.9781947, -0.4572488], [116.9774196, -0.4579045], [116.9745402, -0.4584812], [116.9706282, -0.4582049], [116.9676156, -0.4575896], [116.9491868, -0.4592164], [116.9459548, -0.4594398], [116.9428486, -0.4596841], [116.9397104, -0.4599389], [116.9332342, -0.4605129], [116.9302804, -0.4607234], [116.9271322, -0.4610212], [116.9243614, -0.4612679], [116.9138391, -0.4621678], [116.9101873, -0.4624266], [116.9069821, -0.4626975], [116.9048148, -0.4628423], [116.901226, -0.4621101], [116.8985049, -0.4615321], [116.8954512, -0.4608857], [116.8926912, -0.4604123], [116.8893814, -0.4598759], [116.886785, -0.4593395], [116.8841028, -0.4575961], [116.8823379, -0.4564052], [116.8801922, -0.4550051], [116.876476, -0.4525416], [116.8723963, -0.4521219], [116.8690355, -0.4517544], [116.8659778, -0.4514218], [116.8623018, -0.4509525], [116.8495801, -0.4483924], [116.8331316, -0.4482655], [116.8303809, -0.447695], [116.8277261, -0.4471516], [116.8250446, -0.4466316], [116.8223704, -0.4460764], [116.8015189, -0.4418386], [116.7967681, -0.4388299], [116.7896233, -0.4343259], [116.7846157, -0.4311878], [116.7804341, -0.4285594], [116.778751, -0.4269125], [116.7767143, -0.4248841], [116.7747813, -0.4229591], [116.7731613, -0.4214088], [116.7715037, -0.4197512], [116.7698836, -0.4182224], [116.7678666, -0.4162269], [116.7656457, -0.4141348], [116.7637038, -0.4121983], [116.7618906, -0.4103443], [116.7600828, -0.4084959], [116.7581907, -0.4065612], [116.7563324, -0.4046612], [116.7545414, -0.401738], [116.7526102, -0.3986803], [116.7509043, -0.396084], [116.7494881, -0.393595], [116.7481792, -0.3912669], [116.7465162, -0.3889495], [116.7449176, -0.3865892], [116.7426753, -0.3832526], [116.7403364, -0.3800769], [116.739006, -0.3782102], [116.7373216, -0.375807], [116.7355835, -0.3733287], [116.7336622, -0.3709029], [116.7317426, -0.3684793], [116.7298758, -0.36628], [116.7272419, -0.3634905], [116.7257988, -0.3617096], [116.7234546, -0.358963], [116.7212391, -0.356474], [116.7191406, -0.3540642], [116.7170672, -0.3516831], [116.7148017, -0.3490815], [116.7125085, -0.3464481], [116.7100274, -0.3435889], [116.7080641, -0.3413681], [116.70619, -0.3391284], [116.7037016, -0.3362611], [116.7018966, -0.3340033], [116.6998449, -0.3314591], [116.6977918, -0.3289842], [116.6958236, -0.3265161], [116.6941499, -0.3244987], [116.6920459, -0.3220404], [116.6901469, -0.3197391], [116.6882921, -0.3174113], [116.6865796, -0.3154047], [116.6848952, -0.3133502], [116.6830176, -0.3110274], [116.6809952, -0.3085706], [116.6793108, -0.3064785], [116.6777229, -0.3045527], [116.6763067, -0.3028307], [116.6743487, -0.3004597], [116.6725087, -0.2982657], [116.6707277, -0.296077], [116.668995, -0.2939903], [116.6672999, -0.2918714], [116.6651434, -0.2892214], [116.663003, -0.2864373], [116.6616887, -0.2847958], [116.6605031, -0.2827412], [116.6590977, -0.2802629], [116.6576439, -0.2777041], [116.6564101, -0.2754564], [116.6549027, -0.2727903], [116.653406, -0.2701082], [116.652199, -0.2680107], [116.6481811, -0.2663531], [116.6454532, -0.2652125], [116.6425645, -0.264025], [116.6396677, -0.2628341], [116.6368461, -0.2616861], [116.6340244, -0.2606025], [116.6314022, -0.2593848], [116.6284275, -0.2581849], [116.62569, -0.2570812], [116.6228907, -0.2559928], [116.62022, -0.2549156], [116.6172596, -0.254308], [116.6144247, -0.2537356], [116.6120229, -0.2533308], [116.6098894, -0.2556523], [116.6079694, -0.2578077], [116.6059738, -0.2600232], [116.6040158, -0.2621796], [116.6019773, -0.2644541], [116.5980184, -0.2688958], [116.5960618, -0.2710553], [116.595668, -0.2711935]]}, "properties": {"id": "TRM-KLM-0098", "system": "Mahakam", "voltage_class": "150 kV", "voltage_kv_max": 150.0, "voltage_kv_all": "150", "length_km": 53.252, "osm_id": "way/756631777", "osm_voltage": "150000", "source_id": "OSM-overpass", "color": "#1f77b4", "weight": 1.8, "from_id": "GI-KLM-0081", "from_name": "GI Kota Bangun", "from_distance_km": "", "to_id": "GI-KLM-0081", "to_name": "GI Kota Bangun", "to_distance_km": 0.018, "endpoint_confidence": "both", "circuit_id": "CIRC-KALIMANTAN-0088", "circuit_from_id": "GI-KLM-0081", "circuit_from_name": "GI Kota Bangun", "circuit_to_id": "GI-KLM-0081", "circuit_to_name": "GI Kota Bangun", "circuit_length_km": 53.252, "circuit_segment_count": 1, "match_tier": "UNMATCHED_BASELINE"}}, {"type": "Feature", "geometry": {"type": "LineString", "coordinates": [[116.9780606, -0.456821], [116.9781947, -0.4572488]]}, "properties": {"id": "TRM-KLM-0099", "system": "Mahakam", "voltage_class": "150 kV", "voltage_kv_max": 150.0, "voltage_kv_all": "150", "length_km": 0.05, "osm_id": "way/756631779", "osm_voltage": "150000", "source_id": "OSM-overpass", "color": "#1f77b4", "weight": 1.8, "from_id": "", "from_name": "", "from_distance_km": "", "to_id": "", "to_name": "", "to_distance_km": "", "endpoint_confidence": "none", "circuit_id": "", "circuit_from_id": "", "circuit_from_name": "", "circuit_to_id": "", "circuit_to_name": "", "circuit_length_km": "", "circuit_segment_count": "", "match_tier": "BASELINE_UNRESOLVED"}}, {"type": "Feature", "geometry": {"type": "LineString", "coordinates": [[116.9771004, -0.455728], [116.9778661, -0.4563234]]}, "properties": {"id": "TRM-KLM-0100", "system": "Mahakam", "voltage_class": "150 kV", "voltage_kv_max": 150.0, "voltage_kv_all": "150", "length_km": 0.108, "osm_id": "way/756631781", "osm_voltage": "150000", "source_id": "OSM-overpass", "color": "#1f77b4", "weight": 1.8, "from_id": "", "from_name": "", "from_distance_km": "", "to_id": "", "to_name": "", "to_distance_km": "", "endpoint_confidence": "none", "circuit_id": "", "circuit_from_id": "", "circuit_from_name": "", "circuit_to_id": "", "circuit_to_name": "", "circuit_length_km": "", "circuit_segment_count": "", "match_tier": "BASELINE_UNRESOLVED"}}, {"type": "Feature", "geometry": {"type": "LineString", "coordinates": [[117.0518911, -0.3832204], [117.0510408, -0.3833867], [117.0478745, -0.3827537], [117.0447282, -0.3824413], [117.0427287, -0.3822495], [117.0381904, -0.3818204], [117.0351273, -0.3815092], [117.0321929, -0.3812464], [117.0298178, -0.3810171], [117.0263967, -0.3806697], [117.0242509, -0.3796317], [117.0178109, -0.3764882], [117.015405, -0.3753], [117.011033, -0.3731463], [117.0058483, -0.3723685], [116.9996792, -0.3728754], [116.996372, -0.3731463], [116.9877031, -0.3738785], [116.982792, -0.3756018], [116.9800414, -0.3774082], [116.9770467, -0.3793608], [116.9738469, -0.3816487], [116.9679755, -0.3837294], [116.9649993, -0.3847793], [116.9624837, -0.3856371], [116.9611682, -0.3881418], [116.9598712, -0.3905226], [116.9586508, -0.3927944], [116.9562945, -0.3942964], [116.9536833, -0.3958171], [116.9524281, -0.397924], [116.9509488, -0.4008019], [116.9496091, -0.4034157], [116.9447596, -0.4128461], [116.9456662, -0.4155403], [116.946651, -0.4183849], [116.950458, -0.4282697], [116.9529618, -0.4352754], [116.9573969, -0.4391766], [116.9685414, -0.4485761], [116.9720538, -0.4514165], [116.9750203, -0.453943], [116.9771004, -0.455728]]}, "properties": {"id": "TRM-KLM-0101", "system": "Mahakam", "voltage_class": "150 kV", "voltage_kv_max": 150.0, "voltage_kv_all": "150", "length_km": 20.345, "osm_id": "way/756631782", "osm_voltage": "150000", "source_id": "OSM-overpass", "color": "#1f77b4", "weight": 1.8, "from_id": "GI-KLM-0077", "from_name": "GI Embalut", "from_distance_km": 1.774, "to_id": "GI-KLM-0077", "to_name": "GI Embalut", "to_distance_km": "", "endpoint_confidence": "both", "circuit_id": "CIRC-KALIMANTAN-0089", "circuit_from_id": "GI-KLM-0077", "circuit_from_name": "GI Embalut", "circuit_to_id": "GI-KLM-0077", "circuit_to_name": "GI Embalut", "circuit_length_km": 20.345, "circuit_segment_count": 1, "match_tier": "UNMATCHED_BASELINE"}}, {"type": "Feature", "geometry": {"type": "LineString", "coordinates": [[116.7900136, -1.1698218], [116.7908438, -1.1692922]]}, "properties": {"id": "TRM-KLM-0102", "system": "Mahakam", "voltage_class": "150 kV", "voltage_kv_max": 150.0, "voltage_kv_all": "150", "length_km": 0.109, "osm_id": "way/879894605", "osm_voltage": "150000", "source_id": "OSM-overpass", "color": "#1f77b4", "weight": 1.8, "from_id": "GI-KLM-0073", "from_name": "GI Kariangau", "from_distance_km": 0.573, "to_id": "GI-KLM-0073", "to_name": "GI Kariangau", "to_distance_km": "", "endpoint_confidence": "both", "circuit_id": "CIRC-KALIMANTAN-0090", "circuit_from_id": "GI-KLM-0073", "circuit_from_name": "GI Kariangau", "circuit_to_id": "GI-KLM-0073", "circuit_to_name": "GI Kariangau", "circuit_length_km": 0.109, "circuit_segment_count": 1, "match_tier": "UNMATCHED_BASELINE"}}, {"type": "Feature", "geometry": {"type": "LineString", "coordinates": [[116.7897628, -1.1693539], [116.7908438, -1.1692922]]}, "properties": {"id": "TRM-KLM-0103", "system": "Mahakam", "voltage_class": "150 kV", "voltage_kv_max": 150.0, "voltage_kv_all": "150", "length_km": 0.12, "osm_id": "way/879894606", "osm_voltage": "150000", "source_id": "OSM-overpass", "color": "#1f77b4", "weight": 1.8, "from_id": "GI-KLM-0073", "from_name": "GI Kariangau", "from_distance_km": 0.544, "to_id": "GI-KLM-0073", "to_name": "GI Kariangau", "to_distance_km": "", "endpoint_confidence": "both", "circuit_id": "CIRC-KALIMANTAN-0091", "circuit_from_id": "GI-KLM-0073", "circuit_from_name": "GI Kariangau", "circuit_to_id": "GI-KLM-0073", "circuit_to_name": "GI Kariangau", "circuit_length_km": 0.12, "circuit_segment_count": 1, "match_tier": "UNMATCHED_BASELINE"}}, {"type": "Feature", "geometry": {"type": "LineString", "coordinates": [[116.7908438, -1.1692922], [116.7913157, -1.1676388], [116.7920119, -1.1660461], [116.7924289, -1.1658356]]}, "properties": {"id": "TRM-KLM-0104", "system": "Mahakam", "voltage_class": "150 kV", "voltage_kv_max": 150.0, "voltage_kv_all": "150", "length_km": 0.436, "osm_id": "way/879894607", "osm_voltage": "150000", "source_id": "OSM-overpass", "color": "#1f77b4", "weight": 1.8, "from_id": "GI-KLM-0073", "from_name": "GI Kariangau", "from_distance_km": 0.48, "to_id": "GI-KLM-0073", "to_name": "GI Kariangau", "to_distance_km": "", "endpoint_confidence": "both", "circuit_id": "CIRC-KALIMANTAN-0092", "circuit_from_id": "GI-KLM-0073", "circuit_from_name": "GI Kariangau", "circuit_to_id": "GI-KLM-0073", "circuit_to_name": "GI Kariangau", "circuit_length_km": 0.436, "circuit_segment_count": 1, "match_tier": "UNMATCHED_BASELINE"}}, {"type": "Feature", "geometry": {"type": "LineString", "coordinates": [[116.8782932, -1.148803], [116.8789087, -1.1495981]]}, "properties": {"id": "TRM-KLM-0105", "system": "Mahakam", "voltage_class": "150 kV", "voltage_kv_max": 150.0, "voltage_kv_all": "150", "length_km": 0.112, "osm_id": "way/879894608", "osm_voltage": "150000", "source_id": "OSM-overpass", "color": "#1f77b4", "weight": 1.8, "from_id": "GI-KLM-0070", "from_name": "GI Karang Joang", "from_distance_km": 0.039, "to_id": "GI-KLM-0070", "to_name": "GI Karang Joang", "to_distance_km": "", "endpoint_confidence": "both", "circuit_id": "CIRC-KALIMANTAN-0093", "circuit_from_id": "GI-KLM-0070", "circuit_from_name": "GI Karang Joang", "circuit_to_id": "GI-KLM-0070", "circuit_to_name": "GI Karang Joang", "circuit_length_km": 0.112, "circuit_segment_count": 1, "match_tier": "UNMATCHED_BASELINE"}}, {"type": "Feature", "geometry": {"type": "LineString", "coordinates": [[116.6721258, -1.3405658], [116.6718933, -1.3400768], [116.6705287, -1.3372059], [116.6693792, -1.3347877], [116.668496, -1.3329297], [116.6674055, -1.3306356], [116.6658906, -1.3274485], [116.6645127, -1.3245499], [116.6633124, -1.3220247], [116.6616576, -1.3185434], [116.6597941, -1.3146232], [116.6586477, -1.3122113], [116.6572485, -1.3092676], [116.6556199, -1.3058416], [116.6545947, -1.3036848], [116.6535834, -1.3015572], [116.6518687, -1.2979499], [116.6506374, -1.2953596], [116.6490869, -1.2920976], [116.6486192, -1.2890715], [116.6481435, -1.2859938], [116.6472249, -1.2824917], [116.6462016, -1.2785747], [116.6453084, -1.2751798], [116.6443576, -1.2715778], [116.6435134, -1.2684136], [116.6427791, -1.2655859], [116.6419825, -1.2625826], [116.6409579, -1.2587091], [116.6401573, -1.2556454], [116.6390046, -1.2512845], [116.6381282, -1.2479224], [116.6371297, -1.2440925], [116.6362372, -1.2405387], [116.6355224, -1.2378987], [116.6347392, -1.2348967], [116.6339613, -1.2319147], [116.6332412, -1.2291071], [116.6324835, -1.2262177], [116.6315259, -1.2224333], [116.6309613, -1.2201801], [116.6324419, -1.2170145], [116.6342879, -1.2131422], [116.6355854, -1.2103922], [116.6369198, -1.2075846], [116.6378626, -1.2055881], [116.6391554, -1.2027912], [116.6408493, -1.1998508], [116.6422011, -1.1973743], [116.6439217, -1.1942046], [116.6454425, -1.1913648], [116.6466603, -1.1877607], [116.6483232, -1.1856636], [116.6504154, -1.1821936], [116.6521159, -1.1790212], [116.6537762, -1.1759347], [116.6552018, -1.1732745], [116.6568258, -1.1702965], [116.6588194, -1.1666019], [116.660298, -1.1638619], [116.6631424, -1.1630239], [116.6664885, -1.1620209], [116.6699713, -1.1610005], [116.6734233, -1.1599547], [116.675553, -1.1593031], [116.6789755, -1.1582894], [116.6839537, -1.1568037], [116.6866855, -1.1559899], [116.6904353, -1.1548582], [116.6935788, -1.1539129], [116.6970992, -1.1528349], [116.7001449, -1.1519245], [116.7043117, -1.1505977], [116.7078321, -1.1495579], [116.7101589, -1.1478228], [116.7121088, -1.1464324], [116.7150633, -1.1442522], [116.7154992, -1.1429824], [116.7179078, -1.1398757], [116.7189538, -1.135219], [116.7194514, -1.1325943], [116.7206235, -1.1276915], [116.7212632, -1.1247993], [116.7215797, -1.1218829], [116.7218426, -1.1188834], [116.7214242, -1.1163989], [116.721746, -1.1160261], [116.7236799, -1.1137413], [116.7301065, -1.1064712], [116.732157, -1.1040778], [116.7339729, -1.1017065], [116.7371298, -1.0976537], [116.7389256, -1.0954198], [116.7426096, -1.0946891], [116.7459127, -1.093961], [116.7497429, -1.0931672], [116.7515454, -1.0928427], [116.7557524, -1.0919591], [116.759305, -1.091408], [116.7631432, -1.092832], [116.7661929, -1.0939891], [116.7672564, -1.0954627], [116.7692949, -1.0990241], [116.7709927, -1.1019337], [116.7726879, -1.1049346], [116.7742221, -1.1075881], [116.7757832, -1.1102202], [116.7772892, -1.1130333], [116.7790219, -1.1158116], [116.780369, -1.118613], [116.7817296, -1.1216067], [116.7837681, -1.1255837], [116.7857167, -1.129326], [116.7868406, -1.1314686], [116.7879792, -1.1336824], [116.7898406, -1.1374702], [116.7907515, -1.1394029], [116.7917892, -1.1412836], [116.7937338, -1.1451412], [116.7954397, -1.1484557], [116.7986476, -1.1513734], [116.8011796, -1.1536367], [116.8034112, -1.1556426], [116.8046504, -1.1614725]]}, "properties": {"id": "TRM-KLM-0106", "system": "Mahakam", "voltage_class": "150 kV", "voltage_kv_max": 150.0, "voltage_kv_all": "150", "length_km": 45.955, "osm_id": "way/879894609", "osm_voltage": "150000", "source_id": "OSM-overpass", "color": "#1f77b4", "weight": 1.8, "from_id": "GI-KLM-0088", "from_name": "GI Petung", "from_distance_km": 0.029, "to_id": "GI-KLM-0073", "to_name": "GI Kariangau", "to_distance_km": 1.414, "endpoint_confidence": "both", "circuit_id": "CIRC-KALIMANTAN-0094", "circuit_from_id": "GI-KLM-0088", "circuit_from_name": "GI Petung", "circuit_to_id": "GI-KLM-0073", "circuit_to_name": "GI Kariangau", "circuit_length_km": 45.955, "circuit_segment_count": 1, "match_tier": "UNMATCHED_BASELINE"}}, {"type": "Feature", "geometry": {"type": "LineString", "coordinates": [[116.323564, -1.5160168], [116.3238261, -1.5158013], [116.3251358, -1.5152017], [116.3280564, -1.5138202], [116.330916, -1.5124387], [116.3335562, -1.5111763], [116.3365339, -1.5097326], [116.340407, -1.5079006], [116.3441956, -1.5062409], [116.3467276, -1.5051067], [116.3488439, -1.5041468], [116.3508676, -1.5032285], [116.3538972, -1.5017444], [116.3565983, -1.5004149], [116.3602164, -1.4986341], [116.3628749, -1.4973618], [116.3657351, -1.495993], [116.3688934, -1.4956887], [116.3715582, -1.4954232], [116.3755855, -1.4950586], [116.3787518, -1.4947368], [116.3820148, -1.4944191], [116.3848083, -1.4941402], [116.3884266, -1.4938144], [116.3912147, -1.493541], [116.3945661, -1.4932393], [116.3974938, -1.4929457], [116.4002471, -1.4926816], [116.4031894, -1.4923853], [116.406911, -1.4919818], [116.4101377, -1.4917002], [116.413575, -1.4910179], [116.4175393, -1.4902215], [116.4207217, -1.4896035], [116.4235944, -1.4890431], [116.4261009, -1.4885497], [116.4281702, -1.4881261], [116.4309201, -1.4876032], [116.4323256, -1.4872935], [116.4350608, -1.4867801], [116.437851, -1.4862659], [116.4411212, -1.4855909], [116.4430632, -1.4852598], [116.4454839, -1.4846752], [116.4478335, -1.483352], [116.4505264, -1.481833], [116.4530866, -1.4803824], [116.4558848, -1.4788179], [116.4589076, -1.4771153], [116.4614725, -1.4756747], [116.4644283, -1.4739902], [116.4670046, -1.4725543], [116.4707677, -1.4704106], [116.4721236, -1.4696659], [116.4760154, -1.4674907], [116.4787044, -1.4659576], [116.4814744, -1.4643843], [116.4838897, -1.4630484], [116.4863124, -1.4616789], [116.4890047, -1.4601364], [116.4918217, -1.4585853], [116.4947098, -1.4569926], [116.4982409, -1.455064], [116.5011382, -1.4534602], [116.5030508, -1.4524014], [116.5063506, -1.4505969], [116.5092715, -1.4490109], [116.5125934, -1.4472036], [116.5146527, -1.4460627], [116.5172356, -1.4446315], [116.5211812, -1.4424797], [116.5251589, -1.4402857], [116.5284687, -1.4383699], [116.5312247, -1.4368053], [116.5339719, -1.4352448], [116.5367467, -1.4336044], [116.5400197, -1.4316678], [116.5426616, -1.4301166], [116.545132, -1.4286794], [116.5480019, -1.4270371], [116.5500525, -1.425868], [116.5535367, -1.4238824], [116.5558108, -1.4226022], [116.5588595, -1.4208451], [116.5614183, -1.4193998], [116.5646973, -1.4175276], [116.5672226, -1.4160675], [116.5697466, -1.4146779], [116.5732757, -1.4127084], [116.5760196, -1.4111224], [116.5786569, -1.4096241], [116.5814129, -1.4080468], [116.5827835, -1.4062885], [116.5848367, -1.403583], [116.5865345, -1.4014191], [116.5882961, -1.3991224], [116.5901703, -1.3966797], [116.5922825, -1.3939513], [116.5945087, -1.3910601], [116.5966646, -1.3882573], [116.5987339, -1.3855551], [116.6006376, -1.3830875], [116.6026016, -1.3805502], [116.6050149, -1.3773841], [116.608196, -1.3732333], [116.6096176, -1.3705934], [116.6110338, -1.3679575], [116.6135471, -1.3672845], [116.6159248, -1.3666289], [116.6187787, -1.3658372], [116.6214783, -1.3650918], [116.6244134, -1.3642618], [116.6273873, -1.3634474], [116.6300628, -1.3621495], [116.632812, -1.3608195], [116.6359234, -1.3593112], [116.6384299, -1.3580952], [116.6412073, -1.3567598], [116.6439941, -1.3554084], [116.6465315, -1.3542044], [116.6492003, -1.3529092], [116.6520207, -1.3515444], [116.6548651, -1.3501849], [116.6575232, -1.3488361], [116.6603234, -1.3475342], [116.6630137, -1.3462672], [116.6649301, -1.343921], [116.6669431, -1.3414688], [116.6694389, -1.3409271], [116.6716048, -1.3401535], [116.6718931, -1.3406268]]}, "properties": {"id": "TRM-KLM-0107", "system": "Mahakam", "voltage_class": "150 kV", "voltage_kv_max": 150.0, "voltage_kv_all": "150", "length_km": 44.627, "osm_id": "way/879894610", "osm_voltage": "150000", "source_id": "OSM-overpass", "color": "#1f77b4", "weight": 1.8, "from_id": "GI-KLM-0088", "from_name": "GI Petung", "from_distance_km": "", "to_id": "GI-KLM-0088", "to_name": "GI Petung", "to_distance_km": 0.02, "endpoint_confidence": "both", "circuit_id": "CIRC-KALIMANTAN-0095", "circuit_from_id": "GI-KLM-0088", "circuit_from_name": "GI Petung", "circuit_to_id": "GI-KLM-0088", "circuit_to_name": "GI Petung", "circuit_length_km": 44.627, "circuit_segment_count": 1, "match_tier": "UNMATCHED_BASELINE"}}, {"type": "Feature", "geometry": {"type": "LineString", "coordinates": [[114.757154, -3.4753998], [114.7568643, -3.473359], [114.7568643, -3.4730485]]}, "properties": {"id": "TRM-KLM-0108", "system": "Kalselteng", "voltage_class": "150 kV", "voltage_kv_max": 150.0, "voltage_kv_all": "150;20", "length_km": 0.264, "osm_id": "way/907654464", "osm_voltage": "150000;20000", "source_id": "OSM-overpass", "color": "#1f77b4", "weight": 1.8, "from_id": "", "from_name": "", "from_distance_km": "", "to_id": "", "to_name": "", "to_distance_km": "", "endpoint_confidence": "none", "circuit_id": "", "circuit_from_id": "", "circuit_from_name": "", "circuit_to_id": "", "circuit_to_name": "", "circuit_length_km": "", "circuit_segment_count": "", "match_tier": "BASELINE_UNRESOLVED"}}, {"type": "Feature", "geometry": {"type": "LineString", "coordinates": [[109.9777149, -1.2240308], [109.9780582, -1.2242438], [109.978236, -1.2253392], [109.9795315, -1.2274212], [109.9807557, -1.2298425], [109.981994, -1.232238], [109.9837028, -1.2354459], [109.9856125, -1.2387506], [109.9868246, -1.2410434], [109.9883748, -1.2425416], [109.991464, -1.245791], [109.9923669, -1.2480873], [109.9934863, -1.2509974], [109.9944672, -1.2536497], [109.9953546, -1.2559717], [109.9968823, -1.2583984], [109.9986578, -1.261128], [110.0004589, -1.26387], [110.0022057, -1.2666499], [110.0049693, -1.268653], [110.007673, -1.2704796], [110.0095417, -1.2718075], [110.0124742, -1.2738714], [110.0148114, -1.275536], [110.0172907, -1.2772994], [110.0198199, -1.279098], [110.0223291, -1.2808489], [110.0248483, -1.2826179], [110.0274479, -1.2844844], [110.0298174, -1.2861573], [110.0323687, -1.2879778], [110.0348028, -1.2896789], [110.0369337, -1.2923818], [110.0389722, -1.295163], [110.0410505, -1.2979288], [110.0465957, -1.3052572], [110.0484315, -1.307646], [110.0503044, -1.3101222], [110.0522231, -1.3126446], [110.0543477, -1.3152513], [110.0562904, -1.3177748], [110.0585109, -1.3204511], [110.0601759, -1.322302], [110.0623712, -1.3246733], [110.0667884, -1.3295049], [110.0713613, -1.3344373], [110.0756814, -1.3391203], [110.0778763, -1.3415264], [110.0800958, -1.3439123], [110.0822546, -1.3463126], [110.0844011, -1.348636], [110.0865389, -1.3510524], [110.0887525, -1.3534754], [110.0891348, -1.3562854], [110.0896578, -1.3593147], [110.0901891, -1.3624576], [110.0907456, -1.365558], [110.0912277, -1.3687481], [110.0917308, -1.3718581], [110.092286, -1.374952], [110.092827, -1.3781023], [110.0933933, -1.3813486]]}, "properties": {"id": "TRM-KLM-0109", "system": "Khatulistiwa", "voltage_class": "150 kV", "voltage_kv_max": 150.0, "voltage_kv_all": "150", "length_km": 22.398, "osm_id": "way/934342722", "osm_voltage": "150000", "source_id": "OSM-overpass", "color": "#1f77b4", "weight": 1.8, "from_id": "GI-KLM-0018", "from_name": "GI SUKADANA", "from_distance_km": 0.084, "to_id": "GI-KLM-0018", "to_name": "GI SUKADANA", "to_distance_km": "", "endpoint_confidence": "both", "circuit_id": "CIRC-KALIMANTAN-0096", "circuit_from_id": "GI-KLM-0018", "circuit_from_name": "GI SUKADANA", "circuit_to_id": "GI-KLM-0018", "circuit_to_name": "GI SUKADANA", "circuit_length_km": 22.398, "circuit_segment_count": 1, "match_tier": "UNMATCHED_BASELINE"}}, {"type": "Feature", "geometry": {"type": "LineString", "coordinates": [[109.9747646, -1.8030051], [109.9747968, -1.8023402], [109.9768031, -1.7990803], [109.978466, -1.7965388], [109.9804938, -1.7934504], [109.9822855, -1.7907374], [109.9842167, -1.7886784], [109.9865448, -1.7862763], [109.988358, -1.7844211], [109.990536, -1.7822228], [109.9928856, -1.7798207], [109.9936581, -1.7772577], [109.9943983, -1.7746304], [109.9951923, -1.772046], [109.9959326, -1.7695474], [109.9968338, -1.7667056], [109.9979251, -1.7631353], [109.9988288, -1.7601788], [109.9998229, -1.7569266], [110.0007821, -1.7537886], [110.0017047, -1.7507701], [110.0022089, -1.7478032], [110.0026932, -1.7449541], [110.0031918, -1.7420203], [110.0036272, -1.7394584], [110.0041616, -1.7363143], [110.0065704, -1.7341837], [110.0086355, -1.7323572], [110.0103307, -1.7302178], [110.0119984, -1.727678], [110.0135171, -1.7253652], [110.0154912, -1.7233383], [110.0173881, -1.7212023], [110.019428, -1.7189052], [110.0216325, -1.7164228], [110.0236074, -1.714199], [110.0256456, -1.7119038], [110.0277134, -1.7095753], [110.0297333, -1.7073008], [110.0316811, -1.7051075], [110.0325508, -1.7019705], [110.0335186, -1.6988536], [110.0344713, -1.6957851], [110.0354117, -1.6927564], [110.0363559, -1.6897156], [110.0372944, -1.6866929], [110.0382657, -1.6835644], [110.0392265, -1.6804699], [110.0401676, -1.6774391], [110.0410086, -1.6744523], [110.0419212, -1.6713933], [110.0428799, -1.6683548], [110.0438084, -1.6652809], [110.0447115, -1.6622208], [110.0456655, -1.6590441], [110.0465706, -1.6561349], [110.0474467, -1.6527623], [110.0484363, -1.6500224], [110.0493689, -1.6469613], [110.0502791, -1.6437413], [110.051284, -1.640858], [110.0521529, -1.6377983], [110.0530668, -1.6348383], [110.0540565, -1.6316149], [110.0549838, -1.6285795], [110.0550427, -1.6254321], [110.0551104, -1.6224155], [110.0551942, -1.6191441], [110.0553988, -1.6160314], [110.0555619, -1.6123547], [110.0557094, -1.6096732], [110.0558284, -1.6065667], [110.0559071, -1.6034131], [110.0560448, -1.6003694], [110.0561456, -1.5972471], [110.0562709, -1.5939245], [110.0563361, -1.5907399], [110.0564607, -1.5876036], [110.0565906, -1.5844826], [110.0566803, -1.5812424], [110.056912, -1.5781122], [110.0569353, -1.5749472], [110.0570791, -1.5718197], [110.0571874, -1.5687348], [110.0572251, -1.5654897], [110.0561115, -1.5620245], [110.0552434, -1.5593748], [110.0541124, -1.5562392], [110.0530284, -1.5532542], [110.0519591, -1.5502664], [110.0508608, -1.547129], [110.0497604, -1.5440889], [110.04874, -1.5411387], [110.0489594, -1.5379082], [110.0492727, -1.5347135], [110.049531, -1.5315786], [110.0498085, -1.5282401], [110.0500481, -1.5250269], [110.0502834, -1.5217396], [110.0505899, -1.5184819], [110.0509806, -1.5152315], [110.0530247, -1.5127058], [110.0549691, -1.5105019], [110.0569198, -1.5082856], [110.058936, -1.5059153], [110.0610005, -1.5035557], [110.062905, -1.5013311], [110.0649477, -1.4990261], [110.066967, -1.4966025], [110.0689176, -1.4943568], [110.0709652, -1.4920059], [110.0729, -1.4897208], [110.0749506, -1.4872865], [110.0769001, -1.4850291], [110.0789342, -1.4826484], [110.0808238, -1.4804038], [110.0820801, -1.4774632], [110.0833316, -1.4745557], [110.0846018, -1.4716381], [110.0857766, -1.4687308], [110.0868811, -1.466067], [110.0882193, -1.4629095], [110.0894993, -1.4599959], [110.0907109, -1.4570787]]}, "properties": {"id": "TRM-KLM-0110", "system": "Khatulistiwa", "voltage_class": "150 kV", "voltage_kv_max": 150.0, "voltage_kv_all": "150", "length_km": 42.538, "osm_id": "way/934342723", "osm_voltage": "150000", "source_id": "OSM-overpass", "color": "#1f77b4", "weight": 1.8, "from_id": "GI-KLM-0016", "from_name": "GI KETAPANG", "from_distance_km": 0.034, "to_id": "GI-KLM-0016", "to_name": "GI KETAPANG", "to_distance_km": "", "endpoint_confidence": "both", "circuit_id": "CIRC-KALIMANTAN-0097", "circuit_from_id": "GI-KLM-0016", "circuit_from_name": "GI KETAPANG", "circuit_to_id": "GI-KLM-0016", "circuit_to_name": "GI KETAPANG", "circuit_length_km": 42.538, "circuit_segment_count": 1, "match_tier": "UNMATCHED_BASELINE"}}, {"type": "Feature", "geometry": {"type": "LineString", "coordinates": [[110.1378214, -2.2955764], [110.1374835, -2.2951262], [110.1391303, -2.293143], [110.1410615, -2.2906934], [110.1410508, -2.2873701], [110.1410261, -2.2839399], [110.1410025, -2.2806589], [110.1409783, -2.2773037], [110.1409546, -2.2740126], [110.1409303, -2.2706354], [110.140906, -2.2672589], [110.1408818, -2.2639029], [110.1408577, -2.2605585], [110.1408336, -2.2572132], [110.1408098, -2.2539012], [110.1407855, -2.2505241], [110.1407614, -2.2471792], [110.1407372, -2.2438233], [110.1407131, -2.240479], [110.1406893, -2.2371662], [110.1406646, -2.2337355], [110.1383768, -2.2309007], [110.1362869, -2.228311], [110.1341181, -2.2256235], [110.1319692, -2.2229607], [110.129812, -2.2202877], [110.1276157, -2.2175662], [110.1257582, -2.2152645], [110.1239082, -2.2129722], [110.1219613, -2.2105596], [110.1200985, -2.2082513], [110.1144534, -2.2012563], [110.112649, -2.1990203], [110.1106774, -2.1965772], [110.1087999, -2.1942507], [110.1069682, -2.1919205], [110.1050512, -2.1896105], [110.1032259, -2.1872817], [110.101294, -2.1848923], [110.1011845, -2.1816893], [110.1010848, -2.1783842], [110.1009106, -2.1750672], [110.1026655, -2.1726218], [110.1061422, -2.1674851], [110.1095633, -2.1623881], [110.1109272, -2.1601779], [110.1163402, -2.1519802], [110.1181883, -2.1493549], [110.1198861, -2.1469146], [110.1206107, -2.1438253], [110.1212826, -2.140942], [110.1220107, -2.137764], [110.1227199, -2.1347473], [110.1234629, -2.1317635], [110.1242402, -2.1284187], [110.124853, -2.1256046], [110.1255728, -2.1225221], [110.1263156, -2.1195454], [110.1269755, -2.1164598], [110.1276479, -2.1134973], [110.1282932, -2.1105039], [110.1289287, -2.1074084], [110.1294968, -2.1044235], [110.1302152, -2.1012811], [110.1309152, -2.0981234], [110.1315145, -2.0951448], [110.1315334, -2.0921429], [110.1314869, -2.0890864], [110.1314628, -2.0857719], [110.1314583, -2.0828943], [110.1314486, -2.079687], [110.1314288, -2.0765289], [110.1314232, -2.0735903], [110.1313471, -2.070319], [110.1313569, -2.0671194], [110.1313555, -2.0639307], [110.1312949, -2.0610185], [110.131279, -2.0578667], [110.1312408, -2.0547657], [110.13128, -2.0516673], [110.1312213, -2.0485815], [110.1312185, -2.0454757], [110.1312221, -2.042327], [110.1311919, -2.039224], [110.1304691, -2.0363128], [110.1297551, -2.0332402], [110.1289476, -2.029982], [110.1281214, -2.026521], [110.127508, -2.0238031], [110.1268525, -2.0209414], [110.1260978, -2.0178564], [110.125436, -2.0148685], [110.1247143, -2.0114258], [110.1240129, -2.0084492], [110.1233366, -2.0055099], [110.1226384, -2.0024085], [110.121944, -1.9994151], [110.121195, -1.9964015], [110.1203388, -1.9931666], [110.1197263, -1.9902664], [110.1190204, -1.9873172], [110.1183251, -1.9842383], [110.1176, -1.981069], [110.116877, -1.9780613], [110.1161924, -1.9749958], [110.1155052, -1.9719242], [110.1148218, -1.9689331], [110.114088, -1.9657686], [110.1147018, -1.9624902], [110.1151806, -1.959783], [110.115768, -1.9567369], [110.1162962, -1.9536568], [110.1176535, -1.9477246], [110.1132733, -1.9439515], [110.1104326, -1.9413489], [110.1081046, -1.9394099], [110.1057112, -1.9374301], [110.1029697, -1.935223], [110.0999857, -1.9348423], [110.0977087, -1.9321929], [110.0963638, -1.9292416], [110.0940128, -1.9272257], [110.0915825, -1.9251331], [110.0893203, -1.9231361], [110.0870144, -1.9211009], [110.084653, -1.9190696], [110.0825892, -1.9172829], [110.0799144, -1.9151528], [110.0775751, -1.91312], [110.0750338, -1.9108786], [110.0729242, -1.9091033], [110.0704209, -1.9069566], [110.0682045, -1.905032], [110.0658504, -1.9030159], [110.0635182, -1.9010094], [110.0612314, -1.8990429], [110.0588275, -1.8969034], [110.0541839, -1.8928544], [110.0517294, -1.8907617], [110.0493007, -1.8888185], [110.0470016, -1.8868777], [110.044613, -1.8846443], [110.0422452, -1.882621], [110.0400785, -1.8807604], [110.0376671, -1.8786241], [110.0352105, -1.8764867], [110.0329712, -1.8745151], [110.0305878, -1.8724198], [110.0283241, -1.870391], [110.0259987, -1.8683609], [110.0238497, -1.8664309], [110.0213972, -1.8643193], [110.0190552, -1.8622949], [110.0166821, -1.8602291], [110.0144056, -1.858217], [110.0120203, -1.856158], [110.0105172, -1.8538039], [110.0089087, -1.8513749], [110.0075471, -1.8493224], [110.0057574, -1.8465725], [110.0040419, -1.8440691], [110.0029909, -1.8417683], [110.0017944, -1.8393741], [110.000589, -1.8369401], [109.9994368, -1.8345747], [109.9981554, -1.8320406], [109.9978229, -1.8287068], [109.9974336, -1.8258057], [109.9971218, -1.8229482], [109.9967737, -1.8199106], [109.9963119, -1.8165718], [109.9960805, -1.8148171], [109.9954626, -1.8124127], [109.9927062, -1.8107274], [109.9893005, -1.8093118], [109.9866374, -1.8083508], [109.9858702, -1.8080172], [109.9840413, -1.8072221], [109.981165, -1.806082], [109.9789764, -1.8052675], [109.9766684, -1.8034602], [109.97506, -1.8036342], [109.9750704, -1.803367]]}, "properties": {"id": "TRM-KLM-0111", "system": "Khatulistiwa", "voltage_class": "150 kV", "voltage_kv_max": 150.0, "voltage_kv_all": "150", "length_km": 64.899, "osm_id": "way/934342725", "osm_voltage": "150000", "source_id": "OSM-overpass", "color": "#1f77b4", "weight": 1.8, "from_id": "GI-KLM-0017", "from_name": "GI KENDAWANGAN", "from_distance_km": 0.011, "to_id": "GI-KLM-0016", "to_name": "GI KETAPANG", "to_distance_km": 0.039, "endpoint_confidence": "both", "circuit_id": "CIRC-KALIMANTAN-0098", "circuit_from_id": "GI-KLM-0017", "circuit_from_name": "GI KENDAWANGAN", "circuit_to_id": "GI-KLM-0016", "circuit_to_name": "GI KETAPANG", "circuit_length_km": 64.899, "circuit_segment_count": 1, "match_tier": "UNMATCHED_BASELINE"}}, {"type": "Feature", "geometry": {"type": "LineString", "coordinates": [[117.4780124, 2.123986], [117.4780755, 2.1187809], [117.4794788, 2.1166954], [117.4822205, 2.1144238], [117.485031, 2.1121608], [117.4889074, 2.1133347], [117.4923206, 2.1143602], [117.4955138, 2.1152971], [117.4985753, 2.1162102], [117.5011951, 2.1178888], [117.5027009, 2.1195226], [117.5055622, 2.1223107], [117.508108, 2.1248658], [117.5103581, 2.1271643], [117.5115467, 2.1300474], [117.5128293, 2.1329949], [117.5140962, 2.1359239], [117.5143851, 2.1390167], [117.5146158, 2.1427401], [117.5148254, 2.1454015], [117.5150637, 2.1485466], [117.5153516, 2.1516439], [117.5134434, 2.1547795], [117.5124848, 2.1568174], [117.5114357, 2.1598132], [117.510901, 2.1624621], [117.5100835, 2.1649379], [117.5089613, 2.1668179], [117.5077898, 2.1691521], [117.5089159, 2.1729789], [117.5077682, 2.1777524], [117.5066567, 2.1832729], [117.5057237, 2.1883089], [117.5052327, 2.1912841], [117.5039925, 2.1978383], [117.503619, 2.2003516], [117.5025301, 2.2065526], [117.501883, 2.2102377], [117.501311, 2.213495], [117.5025863, 2.2162539], [117.5023273, 2.2218131], [117.5021341, 2.2244453], [117.5026503, 2.2290207], [117.5029955, 2.2320799], [117.5035906, 2.2373549], [117.5039005, 2.2401016], [117.5043328, 2.2439334], [117.5045656, 2.2470252], [117.5050375, 2.250792], [117.505445, 2.2540439], [117.5056053, 2.2555138], [117.505466, 2.2594622], [117.5052542, 2.2645303], [117.50497, 2.2695302], [117.5046782, 2.27321], [117.5046828, 2.2771], [117.5046034, 2.2816137], [117.5042021, 2.3005493], [117.5035402, 2.3329651], [117.5034991, 2.3366022], [117.503543, 2.341925], [117.5012521, 2.3439094], [117.4961376, 2.3481477], [117.4886599, 2.3543702], [117.4860136, 2.3565723], [117.4832337, 2.3588596], [117.477236, 2.364951], [117.467709, 2.430811], [117.479939, 2.462068], [117.479553, 2.491566], [117.4820653, 2.5001061], [117.482643, 2.50207], [117.4859074, 2.5044101], [117.488482, 2.5065383], [117.4893576, 2.5093176], [117.4905393, 2.5129711], [117.4915639, 2.5162457], [117.49247, 2.5189965], [117.4934807, 2.5222847], [117.4945271, 2.5262162], [117.4932442, 2.5298841], [117.4918992, 2.5334348], [117.4926299, 2.5357888], [117.4944022, 2.541631], [117.497535, 2.551589], [117.497363, 2.612467], [117.495346, 2.646935], [117.4823, 2.658081], [117.468309, 2.66494], [117.454748, 2.677029], [117.447324, 2.681187], [117.43947, 2.691604], [117.433076, 2.693833], [117.431402, 2.701978], [117.4251993, 2.7103565], [117.4237989, 2.7121615], [117.4210949, 2.7153869], [117.4194723, 2.7188222], [117.4164458, 2.7239006], [117.4150429, 2.7263892], [117.4129436, 2.730391], [117.4111469, 2.7340581], [117.4099362, 2.7365292], [117.4081098, 2.74071], [117.4065693, 2.7444684], [117.4050575, 2.7481343], [117.4039193, 2.7509614], [117.4026233, 2.7543842], [117.4011018, 2.7570569], [117.3999903, 2.7592304], [117.3976486, 2.7598229], [117.3936817, 2.7609352], [117.3916903, 2.7617132], [117.3880405, 2.7625731], [117.3855559, 2.7634016], [117.3829254, 2.7642685], [117.3804254, 2.765143], [117.3768704, 2.7663876], [117.3741544, 2.7703289], [117.3724609, 2.7728528], [117.3708008, 2.7752749], [117.3691719, 2.7776514], [117.36811, 2.7792008], [117.3664741, 2.7816595], [117.3646472, 2.7844218], [117.3625689, 2.7873261], [117.3608766, 2.7900971], [117.3620233, 2.7944244], [117.3628453, 2.7970094], [117.363873, 2.8002614], [117.3649488, 2.8039708], [117.365828, 2.806699], [117.364841, 2.81], [117.366678, 2.8116279], [117.367845, 2.811114]]}, "properties": {"id": "TRM-KLM-0112", "system": "Mahakam", "voltage_class": "150 kV", "voltage_kv_max": 150.0, "voltage_kv_all": "150", "length_km": 91.161, "osm_id": "way/943966219", "osm_voltage": "150000", "source_id": "OSM-overpass", "color": "#1f77b4", "weight": 1.8, "from_id": "GI-KLM-0098", "from_name": "Bulungan/Tj. Selor", "from_distance_km": "", "to_id": "GI-KLM-0098", "to_name": "Bulungan/Tj. Selor", "to_distance_km": 0.078, "endpoint_confidence": "both", "circuit_id": "CIRC-KALIMANTAN-0099", "circuit_from_id": "GI-KLM-0098", "circuit_from_name": "Bulungan/Tj. Selor", "circuit_to_id": "GI-KLM-0098", "circuit_to_name": "Bulungan/Tj. Selor", "circuit_length_km": 91.161, "circuit_segment_count": 1, "match_tier": "UNMATCHED_BASELINE"}}, {"type": "Feature", "geometry": {"type": "LineString", "coordinates": [[116.6287347, 3.5114176], [116.6291951, 3.5113872], [116.6305051, 3.5109784], [116.6328245, 3.5095348], [116.6351394, 3.5082135], [116.6373955, 3.506909], [116.6396741, 3.5055375], [116.6413996, 3.5044006], [116.6441409, 3.5028849], [116.6462203, 3.5016575], [116.648159, 3.5004839], [116.6501172, 3.4993436], [116.6522317, 3.4980747], [116.6533762, 3.4971883], [116.656333, 3.4955983], [116.6588969, 3.4940462], [116.661501, 3.492368], [116.663904, 3.490975], [116.666651, 3.48939], [116.669655, 3.487677], [116.671908, 3.486242], [116.67341, 3.485278], [116.676006, 3.483693], [116.677251, 3.483051], [116.6800249, 3.4823633], [116.683195, 3.481487], [116.68577, 3.480802], [116.6887478, 3.4800875], [116.692014, 3.479196], [116.695189, 3.478339], [116.696863, 3.478789], [116.699288, 3.479345], [116.701713, 3.479859], [116.704524, 3.480631], [116.707141, 3.481252], [116.710741, 3.4820563], [116.714137, 3.482815], [116.7179296, 3.483798], [116.721904, 3.484828], [116.72523, 3.485621], [116.729372, 3.486542], [116.732268, 3.487249], [116.734028, 3.490097], [116.735466, 3.492539], [116.736646, 3.494574], [116.738341, 3.497551], [116.740572, 3.501106], [116.743147, 3.505561], [116.745379, 3.509245], [116.746988, 3.512136], [116.74849, 3.514492], [116.750014, 3.517148], [116.751752, 3.520039], [116.753383, 3.522695], [116.755142, 3.525607], [116.756623, 3.528049], [116.759305, 3.529698], [116.761923, 3.531283], [116.764584, 3.532825], [116.76733, 3.534431], [116.770077, 3.536059], [116.77278, 3.537708], [116.775506, 3.539271], [116.77808, 3.540835], [116.780827, 3.542441], [116.783595, 3.544047], [116.78632, 3.545654], [116.789045, 3.547217], [116.79177, 3.548866], [116.7945872, 3.5505052], [116.797328, 3.5521], [116.800396, 3.55392], [116.802585, 3.555312], [116.805267, 3.556897], [116.807928, 3.558568], [116.810696, 3.560131], [116.8134, 3.561759], [116.816168, 3.563322], [116.818893, 3.564907], [116.821661, 3.56647], [116.824429, 3.568098], [116.8269719, 3.569618], [116.8297282, 3.5712656], [116.832454, 3.572895], [116.835845, 3.573281], [116.839235, 3.573623], [116.841595, 3.573816], [116.844878, 3.57418], [116.848204, 3.574566], [116.851315, 3.574865], [116.854405, 3.575272], [116.857517, 3.575594], [116.860714, 3.575958], [116.863825, 3.576343], [116.866057, 3.574458], [116.868589, 3.572424], [116.871121, 3.570347], [116.873567, 3.568312], [116.876035, 3.566342], [116.878459, 3.56435], [116.88082, 3.562401], [116.882687, 3.561459], [116.885412, 3.561545], [116.885927, 3.561545]]}, "properties": {"id": "TRM-KLM-0113", "system": "Mahakam", "voltage_class": "150 kV", "voltage_kv_max": 150.0, "voltage_kv_all": "150", "length_km": 34.147, "osm_id": "way/943966223", "osm_voltage": "150000", "source_id": "OSM-overpass", "color": "#1f77b4", "weight": 1.8, "from_id": "GI-KLM-0100", "from_name": "Malinau", "from_distance_km": 0.016, "to_id": "GI-KLM-0100", "to_name": "Malinau", "to_distance_km": "", "endpoint_confidence": "both", "circuit_id": "CIRC-KALIMANTAN-0100", "circuit_from_id": "GI-KLM-0100", "circuit_from_name": "Malinau", "circuit_to_id": "GI-KLM-0100", "circuit_to_name": "Malinau", "circuit_length_km": 34.147, "circuit_segment_count": 1, "match_tier": "UNMATCHED_BASELINE"}}, {"type": "Feature", "geometry": {"type": "LineString", "coordinates": [[117.4356247, 0.1620528], [117.4364014, 0.1618823], [117.436445, 0.1616887]]}, "properties": {"id": "TRM-KLM-0114", "system": "Mahakam", "voltage_class": "150 kV", "voltage_kv_max": 150.0, "voltage_kv_all": "150", "length_km": 0.11, "osm_id": "way/944504859", "osm_voltage": "150000", "source_id": "OSM-overpass", "color": "#1f77b4", "weight": 1.8, "from_id": "GI-KLM-0087", "from_name": "GI Bontang Lestari", "from_distance_km": 0.077, "to_id": "GI-KLM-0087", "to_name": "GI Bontang Lestari", "to_distance_km": "", "endpoint_confidence": "both", "circuit_id": "CIRC-KALIMANTAN-0101", "circuit_from_id": "GI-KLM-0087", "circuit_from_name": "GI Bontang Lestari", "circuit_to_id": "GI-KLM-0087", "circuit_to_name": "GI Bontang Lestari", "circuit_length_km": 0.11, "circuit_segment_count": 1, "match_tier": "UNMATCHED_BASELINE"}}, {"type": "Feature", "geometry": {"type": "LineString", "coordinates": [[117.4365532, 0.1614105], [117.4367675, 0.1608324], [117.4361049, 0.1604057], [117.4347324, 0.1578898], [117.433246, 0.1544699], [117.4318198, 0.1531837], [117.4292403, 0.150605], [117.4282574, 0.1483444], [117.427291, 0.1447911], [117.426681, 0.1425987], [117.4260144, 0.140211], [117.4242442, 0.136529], [117.4241289, 0.1329615], [117.4231752, 0.1291266], [117.4226319, 0.1273413], [117.422044, 0.1250019], [117.4214227, 0.1225752], [117.4209573, 0.1204838], [117.420135, 0.1171387], [117.4194761, 0.1143465], [117.419562, 0.1125906], [117.4197218, 0.1084129], [117.4199231, 0.104354], [117.418705, 0.1004938], [117.4194658, 0.0965929], [117.4197474, 0.093129], [117.4211373, 0.0914145], [117.4235449, 0.0883366], [117.4260526, 0.0851105], [117.4289255, 0.0815416], [117.4328168, 0.0766105], [117.4346208, 0.0733355], [117.4360808, 0.0704975], [117.4381529, 0.0671995], [117.4397961, 0.0649802], [117.4401213, 0.0639012], [117.4409109, 0.0608979], [117.4417759, 0.0579101], [117.4447657, 0.0578984], [117.4471041, 0.0569073], [117.4484732, 0.0543947], [117.4518288, 0.0535195], [117.4550223, 0.056929], [117.4575439, 0.0557656], [117.4602821, 0.0554338], [117.4628264, 0.0557306], [117.466291, 0.0541867], [117.4679886, 0.0521988], [117.4697008, 0.050421], [117.4709255, 0.0491321], [117.4720033, 0.0471448], [117.4726786, 0.0461096], [117.4746393, 0.044763], [117.4768416, 0.0432112], [117.4780699, 0.0438961], [117.4801652, 0.045092], [117.4813281, 0.0467241], [117.4836827, 0.0500953], [117.4858079, 0.053059], [117.4873678, 0.0553255], [117.4911226, 0.054699]]}, "properties": {"id": "TRM-KLM-0115", "system": "Mahakam", "voltage_class": "150 kV", "voltage_kv_max": 150.0, "voltage_kv_all": "150", "length_km": 19.882, "osm_id": "way/944504862", "osm_voltage": "150000", "source_id": "OSM-overpass", "color": "#1f77b4", "weight": 1.8, "from_id": "GI-KLM-0087", "from_name": "GI Bontang Lestari", "from_distance_km": 0.164, "to_id": "GI-KLM-0087", "to_name": "GI Bontang Lestari", "to_distance_km": "", "endpoint_confidence": "both", "circuit_id": "CIRC-KALIMANTAN-0102", "circuit_from_id": "GI-KLM-0087", "circuit_from_name": "GI Bontang Lestari", "circuit_to_id": "GI-KLM-0087", "circuit_to_name": "GI Bontang Lestari", "circuit_length_km": 19.882, "circuit_segment_count": 1, "match_tier": "UNMATCHED_BASELINE"}}, {"type": "Feature", "geometry": {"type": "LineString", "coordinates": [[117.5701939, 0.4706267], [117.5696582, 0.4709116], [117.5681203, 0.4716359], [117.5652125, 0.470495], [117.5624277, 0.4692582], [117.559729, 0.4680369], [117.5570056, 0.4667176], [117.5541034, 0.4653458], [117.55149, 0.4640807], [117.5489304, 0.4628644], [117.5477922, 0.46001], [117.5466527, 0.4571514], [117.5454518, 0.4541853], [117.5441701, 0.4510759], [117.542827, 0.4478228], [117.541744, 0.4451124], [117.5403622, 0.4416884], [117.5384279, 0.4391502], [117.5364913, 0.4366607], [117.5345248, 0.4341476], [117.532857, 0.4319781], [117.5311516, 0.4297228], [117.5293619, 0.4274661], [117.5273569, 0.4248577], [117.5248888, 0.4216207], [117.5232324, 0.4194771], [117.5214582, 0.4171558], [117.5193931, 0.4144777], [117.5181367, 0.4128777], [117.5163159, 0.4105764], [117.5151197, 0.4090465], [117.5134278, 0.4068158], [117.5117949, 0.4046814], [117.5105844, 0.4031125], [117.5081166, 0.3999523], [117.5056725, 0.3966937], [117.5040251, 0.3944954], [117.5023144, 0.392459], [117.4994776, 0.3886206], [117.4978038, 0.3864543], [117.4954668, 0.3835344], [117.4943918, 0.3821011], [117.4925237, 0.3797222], [117.4910057, 0.3777285], [117.4892458, 0.3754564], [117.4873473, 0.3729676], [117.4858405, 0.371039], [117.4858408, 0.3680993], [117.4859237, 0.3649952], [117.4858607, 0.3619302], [117.4858525, 0.3586898], [117.4858618, 0.3548057], [117.4858832, 0.3513886], [117.4858886, 0.3482934], [117.4859047, 0.3450641], [117.4853092, 0.3410248], [117.4847352, 0.3370391], [117.4841988, 0.3332787], [117.4837106, 0.3299635], [117.4840057, 0.327791], [117.4837643, 0.3258276], [117.483775, 0.32336], [117.4837804, 0.3211768], [117.4838018, 0.3183337], [117.4820262, 0.3161289], [117.4801326, 0.3138223], [117.4783087, 0.3115961], [117.4782604, 0.3097454], [117.4781638, 0.3073475], [117.4780619, 0.3033779], [117.4790758, 0.3013877], [117.4801916, 0.2992527], [117.4815166, 0.2966725], [117.482788, 0.2945589], [117.4839145, 0.2926975], [117.4839359, 0.2896398], [117.4839306, 0.2867538], [117.483952, 0.2847582], [117.4839735, 0.2815289], [117.4841988, 0.2793241], [117.4847299, 0.274507], [117.4849713, 0.2725972], [117.485497, 0.2676728], [117.4856365, 0.2662566], [117.4860763, 0.2625874], [117.4864411, 0.2591649], [117.4868166, 0.2558497], [117.4855828, 0.2529422], [117.4831152, 0.2471058], [117.4819082, 0.2441822], [117.480669, 0.2412694], [117.4794835, 0.2384799], [117.4769676, 0.2363234], [117.474516, 0.2341401], [117.472102, 0.2320265], [117.4694306, 0.2305031], [117.4668717, 0.2289474], [117.4639749, 0.2272523], [117.4627197, 0.2240604], [117.4616146, 0.2211851], [117.4604666, 0.2182562], [117.4594474, 0.2154238], [117.4581814, 0.2121408], [117.4568403, 0.2086432], [117.4558049, 0.2056499], [117.4547374, 0.2030643], [117.4535894, 0.1999851], [117.4525273, 0.1971098], [117.4517226, 0.1951357], [117.4509394, 0.1929899], [117.4499631, 0.190415], [117.4490458, 0.1880225], [117.4468303, 0.1822934], [117.4459505, 0.1799223], [117.4450707, 0.1776693], [117.4440837, 0.1751158], [117.4433005, 0.17297], [117.44241, 0.170717], [117.4416965, 0.1688824], [117.4406544, 0.1661055], [117.4398887, 0.1640651], [117.4380815, 0.1622276], [117.436254, 0.1615059], [117.4355501, 0.1617827]]}, "properties": {"id": "TRM-KLM-0116", "system": "Mahakam", "voltage_class": "150 kV", "voltage_kv_max": 150.0, "voltage_kv_all": "150", "length_km": 40.644, "osm_id": "way/944504863", "osm_voltage": "150000", "source_id": "OSM-overpass", "color": "#1f77b4", "weight": 1.8, "from_id": "GI-KLM-0085", "from_name": "GI Sangatta", "from_distance_km": 0.057, "to_id": "GI-KLM-0087", "to_name": "GI Bontang Lestari", "to_distance_km": 0.055, "endpoint_confidence": "both", "circuit_id": "CIRC-KALIMANTAN-0103", "circuit_from_id": "GI-KLM-0085", "circuit_from_name": "GI Sangatta", "circuit_to_id": "GI-KLM-0087", "circuit_to_name": "GI Bontang Lestari", "circuit_length_km": 40.644, "circuit_segment_count": 1, "match_tier": "UNMATCHED_BASELINE"}}, {"type": "Feature", "geometry": {"type": "LineString", "coordinates": [[117.6330346, 0.5387406], [117.6326752, 0.538636], [117.6326779, 0.5376463], [117.6307413, 0.5375336], [117.6288664, 0.5371447], [117.6269647, 0.536729], [117.6254868, 0.53597], [117.624591, 0.5361336], [117.6224989, 0.5363803], [117.6197737, 0.5368041], [117.6179016, 0.5369972], [117.6156566, 0.5372681], [117.613433, 0.5375014], [117.6112175, 0.5376972], [117.6089054, 0.5379654], [117.6067114, 0.5381693], [117.6044422, 0.5384268], [117.6022133, 0.5385957], [117.599971, 0.5388532], [117.5977287, 0.5391107], [117.5959718, 0.5392689], [117.5941613, 0.5394567], [117.5920477, 0.5396739], [117.589961, 0.5397544], [117.5896284, 0.5397437]]}, "properties": {"id": "TRM-KLM-0117", "system": "Mahakam", "voltage_class": "150 kV", "voltage_kv_max": 150.0, "voltage_kv_all": "150", "length_km": 4.992, "osm_id": "way/944504865", "osm_voltage": "150000", "source_id": "OSM-overpass", "color": "#1f77b4", "weight": 1.8, "from_id": "", "from_name": "", "from_distance_km": "", "to_id": "", "to_name": "", "to_distance_km": "", "endpoint_confidence": "none", "circuit_id": "", "circuit_from_id": "", "circuit_from_name": "", "circuit_to_id": "", "circuit_to_name": "", "circuit_length_km": "", "circuit_segment_count": "", "match_tier": "BASELINE_UNRESOLVED"}}, {"type": "Feature", "geometry": {"type": "LineString", "coordinates": [[117.1657809, -0.4074399], [117.1652412, -0.4079194], [117.1627359, -0.4086591], [117.1588519, -0.4103858], [117.1563202, -0.4114342], [117.1539157, -0.4124499], [117.1501673, -0.4140937], [117.1470956, -0.4141869], [117.1435312, -0.4156141], [117.14164, -0.4173294], [117.1399615, -0.4185645], [117.1385594, -0.4190983], [117.1358722, -0.4201421], [117.1332307, -0.4214226], [117.1315771, -0.4221848], [117.1290043, -0.4232196], [117.125201, -0.4210578], [117.1212753, -0.4189681], [117.1189887, -0.417675], [117.1158477, -0.4159479], [117.1102578, -0.4124874], [117.1068094, -0.4108529], [117.1047736, -0.4100911], [117.1034172, -0.4086323], [117.1006799, -0.406933], [117.0972855, -0.4076923], [117.0957253, -0.4065205], [117.0936127, -0.4054226], [117.0901693, -0.4056277], [117.0883043, -0.4045313], [117.0872935, -0.4019421], [117.0843073, -0.4002817], [117.0817813, -0.3988727], [117.0787952, -0.3972681], [117.0760529, -0.3957289], [117.0734679, -0.3942202], [117.0706927, -0.3926779], [117.067963, -0.3911157], [117.0650686, -0.3895278], [117.0622392, -0.3879491], [117.0592434, -0.3862794], [117.0560169, -0.3838366], [117.0544292, -0.3827906], [117.0534487, -0.3830483], [117.0524436, -0.3829415]]}, "properties": {"id": "TRM-KLM-0118", "system": "Mahakam", "voltage_class": "150 kV", "voltage_kv_max": 150.0, "voltage_kv_all": "150", "length_km": 14.411, "osm_id": "way/944537201", "osm_voltage": "150000", "source_id": "OSM-overpass", "color": "#1f77b4", "weight": 1.8, "from_id": "GI-KLM-0086", "from_name": "GI New Samarinda", "from_distance_km": 0.04, "to_id": "GI-KLM-0077", "to_name": "GI Embalut", "to_distance_km": 1.709, "endpoint_confidence": "both", "circuit_id": "CIRC-KALIMANTAN-0104", "circuit_from_id": "GI-KLM-0086", "circuit_from_name": "GI New Samarinda", "circuit_to_id": "GI-KLM-0077", "circuit_to_name": "GI Embalut", "circuit_length_km": 14.411, "circuit_segment_count": 1, "match_tier": "UNMATCHED_BASELINE"}}, {"type": "Feature", "geometry": {"type": "LineString", "coordinates": [[117.0623718, -0.3743385], [117.0622404, -0.3749755], [117.0603615, -0.3777529], [117.0583673, -0.3807368], [117.0548405, -0.3821778], [117.0539798, -0.3825373], [117.0538635, -0.3826892], [117.0530556, -0.382923], [117.0524291, -0.3826896]]}, "properties": {"id": "TRM-KLM-0119", "system": "Mahakam", "voltage_class": "150 kV", "voltage_kv_max": 150.0, "voltage_kv_all": "150", "length_km": 1.561, "osm_id": "way/944537202", "osm_voltage": "150000", "source_id": "OSM-overpass", "color": "#1f77b4", "weight": 1.8, "from_id": "GI-KLM-0077", "from_name": "GI Embalut", "from_distance_km": 0.315, "to_id": "GI-KLM-0077", "to_name": "GI Embalut", "to_distance_km": "", "endpoint_confidence": "both", "circuit_id": "CIRC-KALIMANTAN-0105", "circuit_from_id": "GI-KLM-0077", "circuit_from_name": "GI Embalut", "circuit_to_id": "GI-KLM-0077", "circuit_to_name": "GI Embalut", "circuit_length_km": 1.561, "circuit_segment_count": 1, "match_tier": "UNMATCHED_BASELINE"}}, {"type": "Feature", "geometry": {"type": "LineString", "coordinates": [[117.0524336, -0.382479], [117.0531967, -0.3826471], [117.0536095, -0.3824727], [117.0536741, -0.3824188], [117.0542862, -0.3819095], [117.0575451, -0.3807355], [117.0592023, -0.3788421], [117.0606459, -0.3765252], [117.0612206, -0.3763062], [117.0614137, -0.3762628], [117.0615906, -0.3761803], [117.061964, -0.3759794], [117.0638464, -0.3734048], [117.0647272, -0.370785], [117.0654767, -0.3683899], [117.0661322, -0.3662562]]}, "properties": {"id": "TRM-KLM-0120", "system": "Mahakam", "voltage_class": "150 kV", "voltage_kv_max": 150.0, "voltage_kv_all": "150", "length_km": 2.552, "osm_id": "way/944537203", "osm_voltage": "150000", "source_id": "OSM-overpass", "color": "#1f77b4", "weight": 1.8, "from_id": "GI-KLM-0077", "from_name": "GI Embalut", "from_distance_km": 1.672, "to_id": "GI-KLM-0077", "to_name": "GI Embalut", "to_distance_km": "", "endpoint_confidence": "both", "circuit_id": "CIRC-KALIMANTAN-0106", "circuit_from_id": "GI-KLM-0077", "circuit_from_name": "GI Embalut", "circuit_to_id": "GI-KLM-0077", "circuit_to_name": "GI Embalut", "circuit_length_km": 2.552, "circuit_segment_count": 1, "match_tier": "UNMATCHED_BASELINE"}}, {"type": "Feature", "geometry": {"type": "LineString", "coordinates": [[117.2177242, -0.7874402], [117.2173817, -0.7893043], [117.2168491, -0.7921576], [117.2165193, -0.794009], [117.2151342, -0.801201], [117.2145266, -0.8042276], [117.2144497, -0.8073175], [117.2142685, -0.810819], [117.2135479, -0.8133247], [117.2126524, -0.8164416], [117.2117681, -0.8191938], [117.2103572, -0.8224689], [117.2093223, -0.825092], [117.2085553, -0.8283777], [117.2077825, -0.8313475], [117.2069153, -0.8347591], [117.2061087, -0.837803], [117.2052393, -0.8412961], [117.2044225, -0.8438114], [117.2031838, -0.8476869], [117.2024163, -0.8502576], [117.2013619, -0.8543255], [117.200552, -0.8567759], [117.1997357, -0.8591639], [117.198771, -0.8616606], [117.1980178, -0.8649017], [117.1972827, -0.867845], [117.1965291, -0.8702959], [117.1957179, -0.872924], [117.1948482, -0.8760686], [117.1939346, -0.8791196], [117.1930685, -0.8823201], [117.192177, -0.8857757], [117.1913205, -0.888653], [117.1891447, -0.8916344], [117.187092, -0.8942812], [117.1850789, -0.8969836], [117.1836734, -0.8988526], [117.181442, -0.901764], [117.179725, -0.904103], [117.178159, -0.906098], [117.176399, -0.908544], [117.175112, -0.910218], [117.172666, -0.913522], [117.170863, -0.915946], [117.168353, -0.919293], [117.165821, -0.92264], [117.163932, -0.925107], [117.16213, -0.927553], [117.160242, -0.930128], [117.158225, -0.932788], [117.156336, -0.93532], [117.15457, -0.9377575], [117.1525806, -0.9404156], [117.1504847, -0.9432685], [117.148476, -0.9459397], [117.1466646, -0.9485577], [117.144415, -0.9517133], [117.1425405, -0.9536202], [117.1408901, -0.95612], [117.1387589, -0.9590337], [117.1363805, -0.9624556], [117.134064, -0.965821], [117.1322336, -0.9685417], [117.132988, -0.9711226], [117.1337291, -0.9739611], [117.1345054, -0.9766032], [117.1354043, -0.9801708], [117.1354392, -0.9830243], [117.1352273, -0.9860896], [117.1352944, -0.9864114]]}, "properties": {"id": "TRM-KLM-0121", "system": "Mahakam", "voltage_class": "150 kV", "voltage_kv_max": 150.0, "voltage_kv_all": "150", "length_km": 24.755, "osm_id": "way/945128871", "osm_voltage": "150000", "source_id": "OSM-overpass", "color": "#1f77b4", "weight": 1.8, "from_id": "GI-KLM-0072", "from_name": "GI Senipah", "from_distance_km": "", "to_id": "GI-KLM-0072", "to_name": "GI Senipah", "to_distance_km": 0.055, "endpoint_confidence": "both", "circuit_id": "CIRC-KALIMANTAN-0107", "circuit_from_id": "GI-KLM-0072", "circuit_from_name": "GI Senipah", "circuit_to_id": "GI-KLM-0072", "circuit_to_name": "GI Senipah", "circuit_length_km": 24.755, "circuit_segment_count": 1, "match_tier": "UNMATCHED_BASELINE"}}, {"type": "Feature", "geometry": {"type": "LineString", "coordinates": [[116.9330907, -1.2206024], [116.9332355, -1.2204523], [116.9355154, -1.2193689], [116.937511, -1.2184035], [116.9401717, -1.2170413], [116.94309, -1.2155664], [116.9448924, -1.2147083], [116.9476229, -1.2133889], [116.9493073, -1.2107127], [116.9500261, -1.2084333], [116.9523463, -1.204494], [116.9537008, -1.2018473], [116.9549346, -1.2012305], [116.956265, -1.2002651], [116.9588453, -1.1984577], [116.9590223, -1.1949877], [116.959092, -1.1929014], [116.9591778, -1.1915337], [116.9609857, -1.1890505], [116.961329, -1.1873933], [116.9608998, -1.1853874], [116.9599289, -1.1820354], [116.959902, -1.1800349], [116.961742, -1.1759105], [116.9622248, -1.1731967], [116.9624555, -1.1703541], [116.9625735, -1.16771], [116.9626647, -1.1651088], [116.9628042, -1.1620357], [116.9629061, -1.1600351], [116.9630161, -1.158992], [116.9631958, -1.155959], [116.9633836, -1.1526713], [116.9635981, -1.149877], [116.9637752, -1.1467877], [116.964001, -1.1431865], [116.9643277, -1.1392737], [116.9644511, -1.1368333], [116.9645798, -1.1343984], [116.9647998, -1.1316255], [116.9649607, -1.1286166], [116.9651377, -1.1249481], [116.965245, -1.1234624], [116.9654328, -1.1201532], [116.966806, -1.1175359], [116.9679218, -1.1153101], [116.9697189, -1.1119258], [116.9711029, -1.1090134], [116.9726425, -1.1061279], [116.9731227, -1.1050686], [116.9750351, -1.1013223], [116.9765156, -1.0984636], [116.9770896, -1.0971388], [116.9776422, -1.0961895], [116.9781733, -1.0950953], [116.9789779, -1.0935292], [116.9798255, -1.0916627], [116.9803083, -1.0907778], [116.9817084, -1.0880424], [116.9829529, -1.0855645], [116.9845703, -1.0823518], [116.9865364, -1.0784955], [116.9879258, -1.0774979], [116.9891381, -1.0766397], [116.9917291, -1.0748912], [116.9931024, -1.0739258], [116.9941324, -1.0732232], [116.9966268, -1.0715122], [116.9978607, -1.0683907], [116.998719, -1.0661648], [116.9999474, -1.0629682], [117.0012081, -1.0597233], [117.0025384, -1.0559474], [117.0039976, -1.0539253], [117.0039171, -1.0521554], [117.0045125, -1.0505892], [117.0058054, -1.047119], [117.0063633, -1.044212], [117.0069534, -1.0413854], [117.0074844, -1.0387412], [117.008096, -1.0356679], [117.0094935, -1.0328894], [117.010408, -1.0311464], [117.0115721, -1.0287328], [117.0132722, -1.0254168], [117.0154345, -1.0219855], [117.0181382, -1.0174961], [117.0200264, -1.0170724], [117.0227784, -1.0157476], [117.0247096, -1.0142512], [117.0284647, -1.0135593], [117.0310825, -1.0131034], [117.0340437, -1.0125134], [117.0365488, -1.0130229], [117.0387751, -1.0134574], [117.0419723, -1.012744], [117.0431685, -1.0124597], [117.0460707, -1.0116498], [117.0495844, -1.0116606], [117.0524812, -1.0115211], [117.0553887, -1.00966], [117.0568371, -1.0088125], [117.0613003, -1.0088125], [117.0646899, -1.0087816], [117.0673625, -1.0087572], [117.0700658, -1.0087325], [117.0745611, -1.0086915], [117.0764704, -1.0086741], [117.0796354, -1.0086453], [117.0824683, -1.0086194], [117.0858076, -1.0086328], [117.0893642, -1.0085792], [117.091577, -1.0085765], [117.0951605, -1.0085516], [117.0976926, -1.008534], [117.1011309, -1.0085102], [117.1039367, -1.0084907], [117.1065081, -1.0066557], [117.1092582, -1.0046933], [117.1115346, -1.0030719], [117.113995, -1.0013196], [117.1165216, -0.9995549], [117.1190825, -0.9977288], [117.1214408, -0.9960471], [117.1244019, -0.9939071], [117.1268856, -0.9921156], [117.1296161, -0.9901633], [117.132234, -0.9882806], [117.1346245, -0.9865444], [117.1349591, -0.9863015], [117.1351469, -0.9865321]]}, "properties": {"id": "TRM-KLM-0122", "system": "Mahakam", "voltage_class": "150 kV", "voltage_kv_max": 150.0, "voltage_kv_all": "150", "length_km": 39.944, "osm_id": "way/945128873", "osm_voltage": "150000", "source_id": "OSM-overpass", "color": "#1f77b4", "weight": 1.8, "from_id": "GI-KLM-0069", "from_name": "GI Manggarsari", "from_distance_km": 2.6, "to_id": "GI-KLM-0072", "to_name": "GI Senipah", "to_distance_km": 0.039, "endpoint_confidence": "both", "circuit_id": "CIRC-KALIMANTAN-0108", "circuit_from_id": "GI-KLM-0069", "circuit_from_name": "GI Manggarsari", "circuit_to_id": "GI-KLM-0072", "circuit_to_name": "GI Senipah", "circuit_length_km": 39.944, "circuit_segment_count": 1, "match_tier": "UNMATCHED_BASELINE"}}, {"type": "Feature", "geometry": {"type": "LineString", "coordinates": [[116.0949379, -1.8027344], [116.0959022, -1.8002371], [116.0975517, -1.7986567], [116.0989921, -1.7961219], [116.1008106, -1.7928097], [116.102149, -1.7904706], [116.1039448, -1.7871838], [116.1063749, -1.7846678], [116.1084858, -1.7824681], [116.1109306, -1.779936], [116.1128578, -1.7778556], [116.1154434, -1.7752095], [116.1173558, -1.7731881], [116.1189088, -1.7715608], [116.1211437, -1.7692222], [116.124056, -1.7661748], [116.1263527, -1.7637571], [116.1287472, -1.7612365], [116.129753, -1.7582339], [116.1307488, -1.7552493], [116.1315707, -1.7527859], [116.1324526, -1.7501427], [116.1328979, -1.7470932], [116.1332962, -1.7444832], [116.1350017, -1.7358926], [116.1358322, -1.7326454], [116.1375341, -1.7258156], [116.1383159, -1.7226533], [116.139295, -1.7187029], [116.1399293, -1.7162457], [116.1407715, -1.7127578], [116.1417666, -1.7087939], [116.1426356, -1.7053019], [116.143329, -1.702464], [116.1442986, -1.6984987], [116.1451247, -1.6951662], [116.1458985, -1.691953], [116.1466536, -1.6888832], [116.1474019, -1.6857705], [116.1482951, -1.6820961], [116.1484078, -1.6791282], [116.1485727, -1.6755865], [116.1485995, -1.6738304], [116.1487699, -1.670904], [116.1489187, -1.6674709], [116.1489992, -1.664326], [116.1491132, -1.6610685], [116.1492177, -1.6581516], [116.1492325, -1.655075], [116.1492632, -1.6505868], [116.1492848, -1.6474084], [116.1491936, -1.6445905], [116.1490367, -1.6412794], [116.1488906, -1.6374789], [116.1486836, -1.6341101], [116.1485244, -1.6315188], [116.1482334, -1.6280708], [116.1479115, -1.6249607], [116.1495598, -1.6220048], [116.1514641, -1.6185595], [116.1528703, -1.6159514], [116.1540498, -1.6138662], [116.1553949, -1.6114371], [116.1570002, -1.6085347], [116.1585546, -1.6057249], [116.1618087, -1.6034157], [116.1638091, -1.601994], [116.1663584, -1.6001923], [116.1687255, -1.5984804], [116.1714654, -1.5965352], [116.1736581, -1.5949573], [116.1754833, -1.593673], [116.1780488, -1.5918539], [116.1799049, -1.5905448], [116.1823404, -1.5888556], [116.1847872, -1.587135], [116.1867184, -1.585783], [116.1893356, -1.5838425], [116.1915535, -1.5822004], [116.1941609, -1.5802604], [116.1976652, -1.5776972], [116.2001891, -1.5758365], [116.2026313, -1.5740548], [116.2049299, -1.5723603], [116.2070418, -1.5707105], [116.2091652, -1.5690517], [116.2113029, -1.5673531], [116.2137115, -1.5667619], [116.216792, -1.5659978], [116.2195694, -1.5653034], [116.2223496, -1.5646197], [116.2252423, -1.5638796], [116.2279594, -1.5631932], [116.2312236, -1.5624103], [116.2345308, -1.5616006], [116.2380713, -1.5607279], [116.2401929, -1.5602332], [116.2459181, -1.5587719], [116.2482315, -1.5581606], [116.2532714, -1.5556805], [116.2557216, -1.5541495], [116.2581423, -1.5526091], [116.261542, -1.5504333], [116.2652341, -1.5480873], [116.2675126, -1.5466517], [116.2697299, -1.5452547], [116.2722346, -1.5436766], [116.2742168, -1.5424218], [116.2765656, -1.5409368], [116.2783474, -1.5398103], [116.2814614, -1.5378047], [116.2840055, -1.5362161], [116.2866488, -1.5344639], [116.2890789, -1.5329088], [116.2929279, -1.5303455], [116.2980013, -1.5276039], [116.3010268, -1.5261869], [116.3035414, -1.5250151], [116.3061512, -1.5227334], [116.308765, -1.5204235], [116.311588, -1.5179728], [116.3140804, -1.5176381], [116.316775, -1.517281], [116.3188123, -1.516971], [116.3225494, -1.5164555], [116.3229257, -1.5162099]]}, "properties": {"id": "TRM-KLM-0123", "system": "Mahakam", "voltage_class": "150 kV", "voltage_kv_max": 150.0, "voltage_kv_all": "150", "length_km": 45.008, "osm_id": "way/945128877", "osm_voltage": "150000", "source_id": "OSM-overpass", "color": "#1f77b4", "weight": 1.8, "from_id": "GI-KLM-0090", "from_name": "GI Kuaro", "from_distance_km": 0.121, "to_id": "GI-KLM-0090", "to_name": "GI Kuaro", "to_distance_km": "", "endpoint_confidence": "both", "circuit_id": "CIRC-KALIMANTAN-0109", "circuit_from_id": "GI-KLM-0090", "circuit_from_name": "GI Kuaro", "circuit_to_id": "GI-KLM-0090", "circuit_to_name": "GI Kuaro", "circuit_length_km": 45.008, "circuit_segment_count": 1, "match_tier": "UNMATCHED_BASELINE"}}, {"type": "Feature", "geometry": {"type": "LineString", "coordinates": [[116.1654941, -1.8985837], [116.165575, -1.8981053], [116.1643276, -1.8966606], [116.1622053, -1.896736], [116.1593099, -1.8968334], [116.1563938, -1.8969533], [116.1533946, -1.8959477], [116.1502847, -1.8949488], [116.1478021, -1.8941649], [116.1450459, -1.8932504], [116.1426881, -1.892508], [116.1393572, -1.8914213], [116.1383479, -1.8891856], [116.1369284, -1.8862676], [116.1357645, -1.8837162], [116.1343627, -1.8808594], [116.133211, -1.8783669], [116.1317755, -1.875237], [116.1308444, -1.8721137], [116.1299325, -1.8697756], [116.1287282, -1.8669008], [116.1275356, -1.8640492], [116.1263106, -1.8611111], [116.1252985, -1.8585614], [116.1240512, -1.8557004], [116.1229583, -1.8530331], [116.1207094, -1.8512309], [116.1182154, -1.849303], [116.1161375, -1.8475646], [116.1143171, -1.8460137], [116.1118496, -1.8440863], [116.1088839, -1.8417314], [116.1060905, -1.8394969], [116.1041003, -1.8378616], [116.1017883, -1.835985], [116.0993636, -1.8341352], [116.0973036, -1.8314598], [116.0953188, -1.8284894], [116.0936558, -1.826334], [116.0917568, -1.8237925], [116.0921055, -1.8213744], [116.0923952, -1.8188759], [116.0928994, -1.8151334], [116.0937256, -1.808828], [116.0953832, -1.8060774], [116.0952195, -1.8057262], [116.0946992, -1.8040748], [116.0948065, -1.8038791]]}, "properties": {"id": "TRM-KLM-0124", "system": "Mahakam", "voltage_class": "150 kV", "voltage_kv_max": 150.0, "voltage_kv_all": "150", "length_km": 14.869, "osm_id": "way/945128880", "osm_voltage": "150000", "source_id": "OSM-overpass", "color": "#1f77b4", "weight": 1.8, "from_id": "GI-KLM-0091", "from_name": "GI Grogot", "from_distance_km": 0.031, "to_id": "GI-KLM-0090", "to_name": "GI Kuaro", "to_distance_km": 0.081, "endpoint_confidence": "both", "circuit_id": "CIRC-KALIMANTAN-0110", "circuit_from_id": "GI-KLM-0091", "circuit_from_name": "GI Grogot", "circuit_to_id": "GI-KLM-0090", "circuit_to_name": "GI Kuaro", "circuit_length_km": 14.869, "circuit_segment_count": 1, "match_tier": "UNMATCHED_BASELINE"}}, {"type": "Feature", "geometry": {"type": "LineString", "coordinates": [[115.4507893, -2.1942802], [115.4512051, -2.1942775], [115.4513445, -2.1942802], [115.4516959, -2.1942453], [115.4505157, -2.1914954], [115.4494214, -2.1883649], [115.4484022, -2.1853791], [115.4474258, -2.1823021], [115.4477155, -2.1790054], [115.4480857, -2.1772686], [115.4483002, -2.1740094], [115.4479293, -2.1735586], [115.447847, -2.1734586], [115.4471576, -2.172621], [115.4453123, -2.1694529], [115.4422706, -2.1677053], [115.4397976, -2.1660543], [115.4378128, -2.1633472], [115.4392344, -2.1604149], [115.4399908, -2.160104], [115.441244, -2.1609469]]}, "properties": {"id": "TRM-KLM-0125", "system": "Kalselteng", "voltage_class": "150 kV", "voltage_kv_max": 150.0, "voltage_kv_all": "150", "length_km": 4.763, "osm_id": "way/945128884", "osm_voltage": "150000", "source_id": "OSM-overpass", "color": "#1f77b4", "weight": 1.8, "from_id": "GI-KLM-0042", "from_name": "GI TANJUNG", "from_distance_km": 0.059, "to_id": "GI-KLM-0042", "to_name": "GI TANJUNG", "to_distance_km": "", "endpoint_confidence": "both", "circuit_id": "CIRC-KALIMANTAN-0111", "circuit_from_id": "GI-KLM-0042", "circuit_from_name": "GI TANJUNG", "circuit_to_id": "GI-KLM-0042", "circuit_to_name": "GI TANJUNG", "circuit_length_km": 4.763, "circuit_segment_count": 1, "match_tier": "UNMATCHED_BASELINE"}}, {"type": "Feature", "geometry": {"type": "LineString", "coordinates": [[116.9484342, -1.2378719], [116.9481848, -1.2376574], [116.9464588, -1.2352278], [116.9445866, -1.2315863], [116.9418025, -1.2314307], [116.9376773, -1.2312376], [116.9353598, -1.2310982], [116.9328761, -1.2310124], [116.9305426, -1.2308515], [116.9283593, -1.2307764], [116.9248992, -1.2305994], [116.9206238, -1.2303795], [116.9171101, -1.2302133], [116.913532, -1.2300095], [116.9111931, -1.2299612], [116.9077063, -1.2298915], [116.9061238, -1.2298647], [116.9029641, -1.2297413], [116.8991822, -1.2297199], [116.8959582, -1.2296394], [116.8925571, -1.2295429], [116.8900788, -1.2295053]]}, "properties": {"id": "TRM-KLM-0126", "system": "Mahakam", "voltage_class": "150 kV", "voltage_kv_max": 150.0, "voltage_kv_all": "150", "length_km": 6.888, "osm_id": "way/945128885", "osm_voltage": "150000", "source_id": "OSM-overpass", "color": "#1f77b4", "weight": 1.8, "from_id": "GI-KLM-0069", "from_name": "GI Manggarsari", "from_distance_km": 0.04, "to_id": "GI-KLM-0074", "to_name": "GI New Balikpapan", "to_distance_km": 0.438, "endpoint_confidence": "both", "circuit_id": "CIRC-KALIMANTAN-0112", "circuit_from_id": "GI-KLM-0069", "circuit_from_name": "GI Manggarsari", "circuit_to_id": "GI-KLM-0074", "circuit_to_name": "GI New Balikpapan", "circuit_length_km": 6.888, "circuit_segment_count": 1, "match_tier": "CONFIRMED_MATCH", "match_reason": "pair match (GI Manggarsari — GI New Balikpapan), voltage=150 matches", "ruptl_id": "RUPTL-KALIMANTAN-T-0088", "voltage_kv_ruptl": "150", "length_km_ruptl": "24.0", "target_cod_year_ruptl": "2030", "action_type_ruptl": ""}}, {"type": "Feature", "geometry": {"type": "LineString", "coordinates": [[114.8659119, -0.8682912], [114.8654669, -0.8683319], [114.8629349, -0.8659665], [114.8604137, -0.8641535], [114.8573828, -0.8620402], [114.8543036, -0.8597552], [114.8520666, -0.8581836], [114.8501354, -0.8567997], [114.8477966, -0.855094], [114.8459244, -0.8537745], [114.8434675, -0.8515915], [114.8409976, -0.849437], [114.8393727, -0.8480196], [114.8377919, -0.8466406], [114.8356783, -0.8447848], [114.8329961, -0.8424461], [114.8302871, -0.8400968], [114.8278946, -0.838037], [114.82297, -0.8337031], [114.820599, -0.8315951], [114.8187536, -0.8299698], [114.8169941, -0.8284572], [114.8136198, -0.8286718], [114.8069519, -0.8291438], [114.8034489, -0.8293959], [114.8000425, -0.8296373], [114.7975105, -0.8298304], [114.793396, -0.830082], [114.789727, -0.830233], [114.785714, -0.83034], [114.782689, -0.830447], [114.779277, -0.830533], [114.775822, -0.83064], [114.77284, -0.830748], [114.768312, -0.830962], [114.765587, -0.831027], [114.762626, -0.831155], [114.759643, -0.831263], [114.755738, -0.831477], [114.752712, -0.831606], [114.750631, -0.832121], [114.747477, -0.832915], [114.744794, -0.833494], [114.742327, -0.83418], [114.7387, -0.835082], [114.737177, -0.835468], [114.733143, -0.836476], [114.728808, -0.837549], [114.726212, -0.837957], [114.7225, -0.839416], [114.719152, -0.840703], [114.716213, -0.841797], [114.713166, -0.842913], [114.710462, -0.843857], [114.70763, -0.844908], [114.703896, -0.846324], [114.700871, -0.847397], [114.697781, -0.848556], [114.695334, -0.849414], [114.692287, -0.850551], [114.689519, -0.851473], [114.687631, -0.851152], [114.684563, -0.850508], [114.681365, -0.849993], [114.678254, -0.849478], [114.674993, -0.84892], [114.672246, -0.848341], [114.670272, -0.847933], [114.666388, -0.847333], [114.662118, -0.846517], [114.655445, -0.845294], [114.652076, -0.844758], [114.647784, -0.843986], [114.645724, -0.843621], [114.643428, -0.843342], [114.642119, -0.840381], [114.640725, -0.836991], [114.639566, -0.834416], [114.638321, -0.831434], [114.63697, -0.828302], [114.635983, -0.825834], [114.634738, -0.822873], [114.633236, -0.819634], [114.631326, -0.815085], [114.629953, -0.811674], [114.628301, -0.807769], [114.627228, -0.805065], [114.625812, -0.801933], [114.625082, -0.800023], [114.622743, -0.794338], [114.620812, -0.790089], [114.619374, -0.786699], [114.618108, -0.783803], [114.616735, -0.780756], [114.615576, -0.77801], [114.611757, -0.777001], [114.607744, -0.775929], [114.605405, -0.775263], [114.601994, -0.774298], [114.599783, -0.773697], [114.593818, -0.772131], [114.590685, -0.771123], [114.58811, -0.7705], [114.5856, -0.7699], [114.58236, -0.768956], [114.581201, -0.766595], [114.580085, -0.764428], [114.577382, -0.759365], [114.575901, -0.75664], [114.574764, -0.75428], [114.573047, -0.751169], [114.571652, -0.748615], [114.569464, -0.744453], [114.56749, -0.740784], [114.566503, -0.737415], [114.566138, -0.73572], [114.565516, -0.733339], [114.564528, -0.729863], [114.563413, -0.725293], [114.562898, -0.723405], [114.562061, -0.720229], [114.561331, -0.717311], [114.5599748, -0.7120887], [114.5597315, -0.7085415], [114.5604266, -0.703681], [114.5585064, -0.7005901], [114.5559174, -0.6999449], [114.5519531, -0.7003262], [114.5488764, -0.7007508], [114.546594, -0.7011186], [114.5462432, -0.7017726]]}, "properties": {"id": "TRM-KLM-0127", "system": "Kalselteng", "voltage_class": "150 kV", "voltage_kv_max": 150.0, "voltage_kv_all": "150", "length_km": 48.116, "osm_id": "way/945128886", "osm_voltage": "150000", "source_id": "OSM-overpass", "color": "#1f77b4", "weight": 1.8, "from_id": "GI-KLM-0050", "from_name": "GI MUARA TEWEH", "from_distance_km": 0.082, "to_id": "GI-KLM-0052", "to_name": "GI PURUK CAHU", "to_distance_km": 0.032, "endpoint_confidence": "both", "circuit_id": "CIRC-KALIMANTAN-0113", "circuit_from_id": "GI-KLM-0050", "circuit_from_name": "GI MUARA TEWEH", "circuit_to_id": "GI-KLM-0052", "circuit_to_name": "GI PURUK CAHU", "circuit_length_km": 48.116, "circuit_segment_count": 1, "match_tier": "UNMATCHED_BASELINE"}}, {"type": "Feature", "geometry": {"type": "LineString", "coordinates": [[115.1355708, -0.6234833], [115.1350987, -0.6241001], [115.1334679, -0.6253446], [115.130646, -0.627281], [115.128436, -0.628869], [115.125518, -0.63095], [115.122943, -0.632774], [115.120175, -0.634834], [115.117557, -0.636722], [115.11436, -0.637623], [115.11097, -0.638503], [115.107901, -0.639275], [115.10524, -0.639983], [115.102623, -0.64067], [115.100219, -0.641271], [115.0963744, -0.6429775], [115.0934694, -0.6442669], [115.0911111, -0.6453137], [115.0878774, -0.6467491], [115.0850022, -0.6480253], [115.0819493, -0.6493033], [115.0790173, -0.6505306], [115.076637, -0.651527], [115.0733732, -0.6528933], [115.0701298, -0.654251], [115.0671762, -0.6554874], [115.065393, -0.656912], [115.063505, -0.658436], [115.060887, -0.660538], [115.058141, -0.662813], [115.055652, -0.66483], [115.053742, -0.666332], [115.0519556, -0.6678388], [115.048313, -0.67073], [115.044558, -0.673991], [115.042112, -0.676266], [115.039473, -0.678411], [115.036683, -0.680707], [115.03473, -0.683132], [115.0326222, -0.6856582], [115.0307929, -0.687777], [115.0286686, -0.6903356], [115.0276655, -0.691505], [115.0249028, -0.6947287], [115.0228429, -0.6972177], [115.0211241, -0.6992774], [115.0185996, -0.7023027], [115.0176126, -0.7033863], [115.0163573, -0.704974], [115.0146353, -0.7069319], [115.0124735, -0.7094422], [115.0094104, -0.7107457], [115.0061917, -0.7120921], [115.0040567, -0.7129771], [115.0007147, -0.7143396], [114.99807, -0.7154607], [114.9948353, -0.7168285], [114.9928719, -0.7182982], [114.9898517, -0.7206262], [114.9873948, -0.7224768], [114.9856085, -0.7235978], [114.9829692, -0.7256254], [114.9811667, -0.7270522], [114.978919, -0.7286936], [114.9766981, -0.7303135], [114.9745846, -0.7318476], [114.9726212, -0.7341005], [114.9707007, -0.7365197], [114.9687052, -0.7392446], [114.966613, -0.7412507], [114.964714, -0.7436698], [114.9624127, -0.7465342], [114.9609643, -0.748138], [114.9595749, -0.7498277], [114.9576867, -0.7520966], [114.9558198, -0.7542529], [114.9535775, -0.7569349], [114.9517429, -0.7591288], [114.9497956, -0.7614084], [114.9476391, -0.763967], [114.9454021, -0.766649], [114.9430257, -0.7694436], [114.9411642, -0.7717179], [114.9390507, -0.7742175], [114.9374574, -0.7763041], [114.9350971, -0.7789646], [114.9339223, -0.7803109], [114.9322325, -0.7838994], [114.9291694, -0.7860128], [114.9264282, -0.7877882], [114.9242449, -0.7892472], [114.9224961, -0.7903736], [114.9200606, -0.791956], [114.9176735, -0.793592], [114.9151147, -0.7953032], [114.9135107, -0.7963759], [114.9118423, -0.7975237], [114.9098039, -0.7988969], [114.906376, -0.8011712], [114.9038386, -0.8028447], [114.9008292, -0.8047543], [114.8979592, -0.8065994], [114.8957384, -0.8079243], [114.8931044, -0.8097319], [114.8899448, -0.8120277], [114.888078, -0.8134116], [114.8855835, -0.8147633], [114.8824078, -0.8168927], [114.8796934, -0.8187003], [114.8772848, -0.820229], [114.8746884, -0.8218918], [114.8725265, -0.8234045], [114.8690504, -0.8256895], [114.8668671, -0.8271002], [114.8646891, -0.8287254], [114.8623717, -0.8302005], [114.8599577, -0.8317774], [114.8600542, -0.8343628], [114.8601991, -0.8385627], [114.8603439, -0.8408262], [114.8606014, -0.8428162], [114.8605102, -0.8467586], [114.8604888, -0.8492528], [114.8605585, -0.8519401], [114.8607033, -0.8548151], [114.8609608, -0.857733], [114.8609984, -0.8616647], [114.8610681, -0.8636332], [114.8629779, -0.8653121], [114.8650378, -0.8671251], [114.8658103, -0.8674201]]}, "properties": {"id": "TRM-KLM-0128", "system": "Mahakam", "voltage_class": "150 kV", "voltage_kv_max": 150.0, "voltage_kv_all": "150", "length_km": 43.341, "osm_id": "way/945128889", "osm_voltage": "150000", "source_id": "OSM-overpass", "color": "#1f77b4", "weight": 1.8, "from_id": "GI-KLM-0051", "from_name": "GI BANGKANAI", "from_distance_km": 0.043, "to_id": "GI-KLM-0050", "to_name": "GI MUARA TEWEH", "to_distance_km": 0.017, "endpoint_confidence": "both", "circuit_id": "CIRC-KALIMANTAN-0114", "circuit_from_id": "GI-KLM-0051", "circuit_from_name": "GI BANGKANAI", "circuit_to_id": "GI-KLM-0050", "circuit_to_name": "GI MUARA TEWEH", "circuit_length_km": 43.341, "circuit_segment_count": 1, "match_tier": "UNMATCHED_BASELINE"}}, {"type": "Feature", "geometry": {"type": "LineString", "coordinates": [[112.92005, -2.4824014], [112.9174161, -2.4841324], [112.9147661, -2.4858957], [112.9121911, -2.4876107], [112.9091871, -2.4891917], [112.9065907, -2.4906066], [112.9038318, -2.4920939], [112.9010916, -2.4937256], [112.8983565, -2.4951519], [112.8955628, -2.4966101], [112.8927532, -2.4981176], [112.8900264, -2.4996878], [112.8873633, -2.5011153], [112.8847414, -2.5024526], [112.8820208, -2.5040736], [112.8792872, -2.5057556], [112.8765235, -2.507292], [112.8738411, -2.5087164], [112.871627, -2.5097364], [112.869261, -2.5109056], [112.8691005, -2.5139836], [112.8693525, -2.5173356], [112.8694361, -2.5202001], [112.8696841, -2.5231989], [112.8697196, -2.5263787], [112.8696485, -2.5293627], [112.8697225, -2.5325376], [112.8697957, -2.535141], [112.86993, -2.53862], [112.86993, -2.541686], [112.869802, -2.544815], [112.872505, -2.54653], [112.874758, -2.548588], [112.877076, -2.550582], [112.879436, -2.552682], [112.881668, -2.554633], [112.883985, -2.556734], [112.886345, -2.55892], [112.8885612, -2.5608547], [112.8909305, -2.562923], [112.893147, -2.564858], [112.895422, -2.566788], [112.897782, -2.568867], [112.900057, -2.570968], [112.902353, -2.572918], [112.904756, -2.575126], [112.907009, -2.577077], [112.909391, -2.579199], [112.911687, -2.581321], [112.9139938, -2.5833638], [112.916214, -2.58533], [112.918553, -2.587366], [112.920957, -2.58951], [112.923317, -2.591525], [112.925677, -2.593582], [112.928145, -2.59579], [112.9304979, -2.5978883], [112.9328218, -2.5999607], [112.93514, -2.602028], [112.937458, -2.604107], [112.9396673, -2.6061864], [112.9405153, -2.6092089], [112.9414058, -2.6122527], [112.9422212, -2.6153073], [112.9431009, -2.6183725], [112.9439163, -2.6212984], [112.9445815, -2.6239564], [112.9454301, -2.6270559], [112.9462562, -2.630073], [112.9470823, -2.6330902], [112.9479083, -2.6361074], [112.9487344, -2.6391245], [112.9495605, -2.6421416], [112.950418, -2.6452735], [112.9512548, -2.6482315], [112.9521239, -2.6512109], [112.9529553, -2.6541689], [112.9538244, -2.6571483], [112.9545647, -2.6602939], [112.9548705, -2.6637984], [112.9536581, -2.6660115], [112.9519147, -2.668589], [112.9500586, -2.6712522], [112.9483366, -2.6737011], [112.9465234, -2.6762357], [112.9446566, -2.6787542], [112.9427898, -2.6813478], [112.9408157, -2.684102], [112.939047, -2.6865765], [112.9372135, -2.6891417], [112.9353676, -2.6917242], [112.9336113, -2.6941814], [112.9317874, -2.6967535], [112.929942, -2.6993363], [112.9280964, -2.7019081], [112.926262, -2.7044643], [112.9244274, -2.707031], [112.922582, -2.7095977], [112.9206777, -2.7122501], [112.9186875, -2.7149882], [112.9165256, -2.718064], [112.914691, -2.7206467], [112.9128992, -2.723133], [112.911515, -2.724912], [112.909391, -2.728084], [112.907503, -2.73087], [112.905958, -2.733057], [112.904069, -2.735586], [112.902246, -2.738115], [112.900486, -2.740623], [112.89892, -2.743002], [112.899778, -2.746002], [112.901537, -2.751789], [112.902589, -2.75494], [112.903469, -2.757876], [112.904413, -2.760941], [112.906258, -2.762634], [112.90761, -2.762731], [112.909884, -2.76183]]}, "properties": {"id": "TRM-KLM-0129", "system": "Kalselteng", "voltage_class": "150 kV", "voltage_kv_max": 150.0, "voltage_kv_all": "150", "length_km": 40.791, "osm_id": "way/945757581", "osm_voltage": "150000", "source_id": "OSM-overpass", "color": "#1f77b4", "weight": 1.8, "from_id": "GI-KLM-0062", "from_name": "GI SAMPIT", "from_distance_km": 0.118, "to_id": "GI-KLM-0064", "to_name": "GI BAGENDANG", "to_distance_km": 0.076, "endpoint_confidence": "both", "circuit_id": "CIRC-KALIMANTAN-0115", "circuit_from_id": "GI-KLM-0062", "circuit_from_name": "GI SAMPIT", "circuit_to_id": "GI-KLM-0064", "circuit_to_name": "GI BAGENDANG", "circuit_length_km": 40.791, "circuit_segment_count": 1, "match_tier": "UNMATCHED_BASELINE"}}, {"type": "Feature", "geometry": {"type": "LineString", "coordinates": [[111.704016, -2.6155465], [111.7039221, -2.6151874], [111.7063683, -2.6143434], [111.7089754, -2.6134431], [111.710005, -2.610635], [111.711057, -2.607163], [111.7117932, -2.6048016], [111.7128079, -2.6018671], [111.7139283, -2.5990022], [111.7149758, -2.5961138], [111.7157519, -2.5936417], [111.7171366, -2.5901421], [111.7180284, -2.5866857], [111.718682, -2.583849], [111.719326, -2.580484], [111.719919, -2.577281], [111.720434, -2.57413], [111.721099, -2.571108], [111.721786, -2.568149], [111.722644, -2.565063], [111.723545, -2.562019], [111.724468, -2.558932], [111.725455, -2.555802], [111.726292, -2.552908], [111.727129, -2.549993], [111.727901, -2.547013], [111.728802, -2.543948], [111.729618, -2.541011], [111.73054, -2.53801], [111.731399, -2.535116], [111.7323773, -2.5316553], [111.733308, -2.528363], [111.734338, -2.524955], [111.735261, -2.522039], [111.736355, -2.518374], [111.737493, -2.514515], [111.738415, -2.511514], [111.7394066, -2.5083109], [111.7403733, -2.5051881], [111.741441, -2.501739], [111.742364, -2.49833], [111.7432, -2.495265], [111.74393, -2.492778], [111.744831, -2.489798], [111.745604, -2.48699], [111.746355, -2.484289], [111.7503756, -2.4820043], [111.754165, -2.479851], [111.759208, -2.477128], [111.764293, -2.474835], [111.773413, -2.471319], [111.776245, -2.469925], [111.779121, -2.468489], [111.781996, -2.467117], [111.784978, -2.465702], [111.787596, -2.464352], [111.790407, -2.463022], [111.793175, -2.46165], [111.796051, -2.460214], [111.7987435, -2.458901], [111.8008947, -2.4579416], [111.803668, -2.456763], [111.806758, -2.455326], [111.809505, -2.454061], [111.8122012, -2.4528142], [111.8152943, -2.4513838], [111.8180393, -2.4501144], [111.8207112, -2.4488789], [111.8231195, -2.4477693], [111.8257848, -2.4464763], [111.8285107, -2.4451538], [111.831413, -2.443857], [111.833644, -2.443235], [111.8368228, -2.4419682], [111.8392727, -2.4410006], [111.8420346, -2.4393162], [111.8447347, -2.4376897], [111.8474013, -2.4360388], [111.8500716, -2.4347435], [111.8526951, -2.4335609], [111.8555587, -2.4320995], [111.8583319, -2.4306914], [111.8611336, -2.4293109], [111.8638835, -2.4281656], [111.8663742, -2.4270993], [111.8699993, -2.4257507], [111.8730951, -2.4244978], [111.8760945, -2.4231875], [111.8789754, -2.4219353], [111.8817422, -2.4207263], [111.8845877, -2.42103], [111.887124, -2.4213473], [111.8903953, -2.4218017], [111.8935274, -2.4222146], [111.8964449, -2.4225841], [111.899466, -2.42298], [111.9025433, -2.4233861], [111.9053675, -2.4237368], [111.9079234, -2.424004], [111.9115752, -2.4243415], [111.9147257, -2.42475], [111.9177574, -2.4250042], [111.920924, -2.425318], [111.9240785, -2.425626], [111.9272501, -2.4260111], [111.9303934, -2.4262595], [111.9335245, -2.4265235], [111.9364762, -2.4268931], [111.9393756, -2.4272114], [111.9426082, -2.4278765], [111.9457492, -2.4285152], [111.9489226, -2.4291337], [111.9519347, -2.429722], [111.9550824, -2.430433], [111.9581317, -2.4310166], [111.961098, -2.4315973], [111.9634593, -2.4334248], [111.9658698, -2.4351601], [111.9682752, -2.4369439], [111.9708315, -2.4389033], [111.9733918, -2.4407825], [111.9759129, -2.44261], [111.9785106, -2.4445865], [111.9810518, -2.4463866], [111.9839185, -2.4475545], [111.9868247, -2.4487652], [111.9898452, -2.4499748], [111.9928521, -2.4511859], [111.9958625, -2.4523958], [111.9988818, -2.4536104], [112.0019956, -2.454832], [112.0048589, -2.4560723], [112.0076724, -2.4572288], [112.0106825, -2.4584632], [112.01348, -2.4596828], [112.0163556, -2.4607488], [112.019422, -2.4619697], [112.0220766, -2.4629986], [112.025357, -2.4643868], [112.0281099, -2.4655114], [112.031066, -2.4667395], [112.0338563, -2.467888], [112.0367768, -2.4691226], [112.0397266, -2.4703052], [112.0426014, -2.4715267], [112.0455649, -2.4727025], [112.048325, -2.4738681], [112.0512841, -2.4750586], [112.0541535, -2.4762338], [112.0573028, -2.4758249], [112.0607277, -2.475355], [112.0639267, -2.4749024], [112.067176, -2.4745157], [112.0700987, -2.4741643], [112.0729342, -2.4736722], [112.0755449, -2.4733368], [112.0782742, -2.4729713], [112.0813208, -2.4725577], [112.0839218, -2.4723402], [112.0866171, -2.4718861], [112.0896823, -2.4713985], [112.0927346, -2.4708405], [112.0958188, -2.4703289], [112.0985883, -2.469847], [112.1018285, -2.4694142], [112.1036517, -2.4664925], [112.1051131, -2.4642783], [112.1066808, -2.4619637], [112.1082458, -2.4596093], [112.110098, -2.4568457], [112.111815, -2.4542787], [112.1135392, -2.4517369], [112.1150483, -2.4491677], [112.116617, -2.4465307], [112.1180336, -2.4441039], [112.1196435, -2.4414166], [112.1211342, -2.4389277], [112.1226791, -2.4363235], [112.1240932, -2.4339439], [112.1252984, -2.4319253], [112.1274153, -2.4290703], [112.1291503, -2.4265819], [112.1309024, -2.4241954], [112.1326033, -2.4217351], [112.134352, -2.4192885], [112.1361532, -2.4167193], [112.1380533, -2.4140256], [112.139695, -2.4117115], [112.1418544, -2.4105312], [112.1449581, -2.4088224], [112.1473692, -2.4074736], [112.1498537, -2.4062218], [112.1523357, -2.4049998], [112.154701, -2.4037698], [112.1570859, -2.4025013], [112.1594178, -2.4011656], [112.1617776, -2.3998597], [112.1635618, -2.3971922], [112.1652869, -2.3945125], [112.1671339, -2.3918786], [112.1687611, -2.3894422], [112.1714635, -2.3888281], [112.1744064, -2.388141], [112.1771116, -2.3874599], [112.1800626, -2.3867981], [112.1829518, -2.3861576], [112.1858082, -2.3855458], [112.1887732, -2.3848974], [112.1920829, -2.3841221], [112.1949986, -2.3835341], [112.1979451, -2.3829558], [112.2008891, -2.3822506], [112.2038927, -2.381508], [112.2067867, -2.3808893], [112.2098858, -2.380247], [112.2130703, -2.3794894], [112.2161549, -2.3787895], [112.2192558, -2.3780754], [112.2224717, -2.3773288], [112.2254377, -2.3766693], [112.2286443, -2.3758903], [112.2318609, -2.3751763], [112.2347467, -2.3745168], [112.2377391, -2.3738363], [112.2406974, -2.3732639], [112.2439622, -2.3725643], [112.2471915, -2.3718544], [112.2502299, -2.371196], [112.2525852, -2.3707276], [112.2548825, -2.3702088], [112.2578438, -2.3696444], [112.2606956, -2.3690418], [112.2635806, -2.3684991], [112.2665556, -2.367905], [112.2693788, -2.3673925], [112.2718311, -2.3669158], [112.2751468, -2.3662557], [112.2781208, -2.3656989], [112.2812904, -2.3650714], [112.2843977, -2.3644614], [112.2872528, -2.3638919], [112.2903057, -2.3632753], [112.293314, -2.3627032], [112.2963885, -2.3620872], [112.299464, -2.3614832], [112.3027775, -2.3607644], [112.3058159, -2.3601354], [112.3090874, -2.359427], [112.3121525, -2.3587416], [112.3154959, -2.3580999], [112.3186954, -2.3574858], [112.321596, -2.3568293], [112.3247518, -2.3561611], [112.3277883, -2.3555247], [112.3303789, -2.3568402], [112.3331308, -2.3582282], [112.3359052, -2.3595396], [112.3386346, -2.3608465], [112.3413638, -2.3621489], [112.3441565, -2.3634341], [112.3468818, -2.3647697], [112.3496334, -2.3660444], [112.3524116, -2.3673758], [112.3551752, -2.3687067], [112.3579177, -2.3700052], [112.3607552, -2.3713245], [112.36356, -2.3723848], [112.3663308, -2.3734637], [112.3691066, -2.374624], [112.3719843, -2.3758447], [112.3747885, -2.3771245], [112.377715, -2.3785057], [112.380489, -2.3798296], [112.38324, -2.3811551], [112.386018, -2.3824937], [112.3888161, -2.3838419], [112.3915486, -2.3851871], [112.3943179, -2.3865438], [112.39709, -2.3879204], [112.3998716, -2.3893017], [112.4025995, -2.3906562], [112.4053614, -2.3920277], [112.4079015, -2.3932891], [112.4108802, -2.3948001], [112.4124264, -2.3972551], [112.4139713, -2.399753], [112.4154755, -2.4021851], [112.4170802, -2.4047798], [112.4186379, -2.4072033], [112.42023, -2.4095811], [112.4218998, -2.4122629], [112.4235195, -2.4147369], [112.4251236, -2.4172548], [112.4266527, -2.4197354], [112.4283825, -2.4223172], [112.4301284, -2.424923], [112.4316429, -2.4276724], [112.4333127, -2.4302991], [112.4350681, -2.4329343], [112.4367713, -2.4356674], [112.4381661, -2.4378809], [112.4401992, -2.440893], [112.4419426, -2.4435621], [112.4436324, -2.4461507], [112.4452525, -2.4486215], [112.4469798, -2.4512691], [112.4485033, -2.4535897], [112.4499142, -2.4567465], [112.4513947, -2.4599836], [112.4529343, -2.4628027], [112.4544471, -2.4655199], [112.4560457, -2.4684569], [112.4575048, -2.4710723], [112.4590176, -2.4738806], [112.4606215, -2.4767586], [112.4620807, -2.4794062], [112.4636632, -2.4822627], [112.4652778, -2.4851997], [112.4668335, -2.4879758], [112.468398, -2.4898497], [112.4704495, -2.4923068], [112.472511, -2.4947761], [112.4745476, -2.4972153], [112.4772435, -2.4973115], [112.4802553, -2.497419], [112.4831522, -2.497506], [112.486049, -2.4975931], [112.4894492, -2.4976952], [112.4923516, -2.4977824], [112.4950013, -2.497862], [112.4981613, -2.497957], [112.5007688, -2.4980353], [112.5034618, -2.49818], [112.507222, -2.498244], [112.510334, -2.498373], [112.513466, -2.498459], [112.516578, -2.498566], [112.519711, -2.498737], [112.522629, -2.498887], [112.526105, -2.499038], [112.5292269, -2.4991496], [112.532092, -2.499252], [112.5353586, -2.4994327], [112.538293, -2.499595], [112.541447, -2.499681], [112.544687, -2.499831], [112.54767, -2.499959], [112.5505024, -2.5003875], [112.553764, -2.500881], [112.5570507, -2.5012012], [112.559922, -2.501481], [112.563034, -2.501674], [112.56636, -2.501824], [112.569471, -2.50176], [112.572625, -2.501653], [112.575801, -2.50161], [112.578891, -2.501396], [112.582067, -2.501181], [112.585242, -2.501717], [112.588525, -2.501803], [112.591658, -2.501932], [112.594512, -2.501996], [112.597495, -2.502082], [112.6006295, -2.5021241], [112.603825, -2.502167], [112.607, -2.502296], [112.610155, -2.502339], [112.613309, -2.502467], [112.616485, -2.502553], [112.619596, -2.502596], [112.622536, -2.502725], [112.6259087, -2.5027912], [112.629059, -2.502853], [112.63217, -2.502939], [112.635282, -2.503003], [112.638372, -2.503111], [112.641569, -2.503132], [112.645624, -2.503046], [112.647942, -2.503003], [112.650474, -2.503025], [112.653499, -2.503089], [112.656589, -2.503239], [112.659486, -2.503411], [112.6628533, -2.503519], [112.666159, -2.503625], [112.6695136, -2.503738], [112.672511, -2.503839], [112.675815, -2.504011], [112.679055, -2.504161], [112.682102, -2.504182], [112.6853554, -2.504316], [112.688368, -2.50444], [112.6916624, -2.5045523], [112.6949187, -2.5046632], [112.697788, -2.504761], [112.700685, -2.504847], [112.704118, -2.504868], [112.707315, -2.50504], [112.710426, -2.505147], [112.713559, -2.505276], [112.716671, -2.505383], [112.72019, -2.505469], [112.723408, -2.50564], [112.726348, -2.505683], [112.729331, -2.505812], [112.732399, -2.505855], [112.735553, -2.505962], [112.738686, -2.505983], [112.74184, -2.506069], [112.744995, -2.506219], [112.748085, -2.506305], [112.751604, -2.506412], [112.754651, -2.506476], [112.7576327, -2.5066159], [112.761149, -2.5067809], [112.7641923, -2.5069238], [112.766989, -2.507055], [112.770122, -2.507205], [112.773533, -2.507312], [112.77628, -2.507377], [112.779542, -2.507398], [112.78291, -2.507527], [112.785914, -2.507634], [112.789026, -2.507827], [112.792202, -2.507977], [112.795227, -2.508127], [112.7982115, -2.5081891], [112.801428, -2.508256], [112.804733, -2.508341], [112.808295, -2.508448], [112.810934, -2.508513], [112.8137959, -2.5086182], [112.8170499, -2.5087378], [112.819667, -2.508834], [112.8227613, -2.5088981], [112.82589, -2.508963], [112.828594, -2.508963], [112.8320735, -2.508995], [112.835546, -2.509027], [112.8397517, -2.5091149], [112.8429269, -2.5091813], [112.8461022, -2.5092477], [112.8492774, -2.5093141], [112.8524526, -2.5093804], [112.8556278, -2.5094468], [112.859128, -2.50952], [112.863784, -2.509735], [112.866831, -2.509885], [112.869261, -2.5109056]]}, "properties": {"id": "TRM-KLM-0130", "system": "Kalselteng", "voltage_class": "150 kV", "voltage_kv_max": 150.0, "voltage_kv_all": "150", "length_km": 155.519, "osm_id": "way/945757583", "osm_voltage": "150000", "source_id": "OSM-overpass", "color": "#1f77b4", "weight": 1.8, "from_id": "GI-KLM-0063", "from_name": "GI PANGKALAN BUN", "from_distance_km": 0.068, "to_id": "GI-KLM-0063", "to_name": "GI PANGKALAN BUN", "to_distance_km": "", "endpoint_confidence": "both", "circuit_id": "CIRC-KALIMANTAN-0116", "circuit_from_id": "GI-KLM-0063", "circuit_from_name": "GI PANGKALAN BUN", "circuit_to_id": "GI-KLM-0063", "circuit_to_name": "GI PANGKALAN BUN", "circuit_length_km": 155.519, "circuit_segment_count": 1, "match_tier": "UNMATCHED_BASELINE"}}, {"type": "Feature", "geometry": {"type": "LineString", "coordinates": [[116.042726, -3.502498], [116.0429933, -3.502495], [116.045237, -3.500142], [116.047039, -3.498514], [116.049292, -3.496523], [116.051803, -3.494274], [116.0539485, -3.4924438], [116.056094, -3.490461], [116.058455, -3.488362], [116.061244, -3.487249], [116.062875, -3.486885], [116.06575, -3.486135], [116.068175, -3.484443], [116.070903, -3.4826252], [116.072981, -3.481145], [116.075428, -3.479517], [116.07826, -3.477332], [116.080749, -3.47549], [116.082766, -3.473798], [116.084526, -3.472899], [116.0871905, -3.4711372], [116.089547, -3.469579], [116.092165, -3.467694], [116.09431, -3.466387], [116.096778, -3.464246], [116.099095, -3.462211], [116.1011081, -3.4604548], [116.101477, -3.460133], [116.103795, -3.45812], [116.106348, -3.455914], [116.108494, -3.4539], [116.110489, -3.45133], [116.112313, -3.44876], [116.114116, -3.446125], [116.116605, -3.443534], [116.118772, -3.441328], [116.120939, -3.439143], [116.1233, -3.436722], [116.123686, -3.434238], [116.124115, -3.431389], [116.124737, -3.428283], [116.125853, -3.425349], [116.127012, -3.422671], [116.128407, -3.419566], [116.1295579, -3.4164836], [116.1307169, -3.4138056], [116.1321119, -3.4107006], [116.1330365, -3.4088107], [116.1357835, -3.4075536], [116.1382515, -3.4062686], [116.141002, -3.404872], [116.14347, -3.403587], [116.145873, -3.40228], [116.147032, -3.398917], [116.147418, -3.397482], [116.148555, -3.394012], [116.149607, -3.390949], [116.150658, -3.387757], [116.151774, -3.38418], [116.15289, -3.380967], [116.154048, -3.37739], [116.1551, -3.374219], [116.156173, -3.371135], [116.158662, -3.370535], [116.16173, -3.369785], [116.164992, -3.368993], [116.1682659, -3.3681734], [116.171579, -3.367344], [116.174498, -3.366594], [116.175914, -3.364238], [116.178038, -3.360982], [116.179519, -3.35869], [116.181386, -3.355883], [116.183016, -3.353334], [116.183188, -3.351214], [116.18351, -3.348043], [116.183875, -3.344573], [116.184325, -3.34091], [116.182973, -3.339004], [116.180999, -3.335748], [116.180978, -3.333113], [116.181943, -3.329471], [116.182609, -3.326279], [116.184669, -3.325315], [116.1869, -3.32433], [116.18926, -3.323195], [116.191599, -3.321888], [116.192758, -3.319146], [116.194775, -3.314176], [116.193037, -3.31032], [116.191728, -3.30715], [116.190376, -3.304322], [116.186664, -3.302137], [116.184175, -3.300637], [116.181149, -3.298195], [116.17748, -3.294768], [116.176043, -3.2930568]]}, "properties": {"id": "TRM-KLM-0131", "system": "Kalselteng", "voltage_class": "150 kV", "voltage_kv_max": 150.0, "voltage_kv_all": "150", "length_km": 32.519, "osm_id": "way/945757585", "osm_voltage": "150000", "source_id": "OSM-overpass", "color": "#1f77b4", "weight": 1.8, "from_id": "", "from_name": "", "from_distance_km": "", "to_id": "", "to_name": "", "to_distance_km": "", "endpoint_confidence": "none", "circuit_id": "", "circuit_from_id": "", "circuit_from_name": "", "circuit_to_id": "", "circuit_to_name": "", "circuit_length_km": "", "circuit_segment_count": "", "match_tier": "BASELINE_UNRESOLVED"}}, {"type": "Feature", "geometry": {"type": "LineString", "coordinates": [[115.1055153, -3.9218707], [115.1082216, -3.9197232], [115.1109266, -3.9175999], [115.1136088, -3.9154698], [115.1154716, -3.9140221], [115.1180144, -3.9120392], [115.1199442, -3.9105019], [115.1226358, -3.9083571], [115.1249331, -3.9065896], [115.127669, -3.9044274], [115.1300454, -3.9025917], [115.1323467, -3.9007506], [115.134927, -3.8987222], [115.137223, -3.8969561], [115.1393312, -3.8952702], [115.1417903, -3.8934136], [115.1443148, -3.8915077], [115.1468516, -3.8896569], [115.1494646, -3.8877505], [115.1514472, -3.886302], [115.1543019, -3.8842115], [115.1570092, -3.8849807], [115.1601344, -3.8825523], [115.1634657, -3.8815207], [115.1667756, -3.880552], [115.1697046, -3.8796849], [115.1723492, -3.8788875], [115.1749563, -3.8781221], [115.1778048, -3.8772658], [115.1809001, -3.8763666], [115.1840329, -3.8754246], [115.1871389, -3.8745201], [115.1904863, -3.8736477], [115.1934528, -3.8728663], [115.1965856, -3.8720421], [115.199917, -3.8712071], [115.2093131, -3.8686108], [115.2119118, -3.8676372], [115.2150607, -3.8665614], [115.217877, -3.8655445], [115.2211118, -3.8644205], [115.2235901, -3.8635802], [115.2261865, -3.8626864], [115.2286059, -3.8620334], [115.231685, -3.8611931], [115.2346998, -3.8604064], [115.2380472, -3.8593841], [115.2406436, -3.8586348], [115.2440715, -3.8575964], [115.2470434, -3.8567079], [115.2501816, -3.855782], [115.2526492, -3.8550434], [115.2551919, -3.8543048], [115.2577347, -3.853518], [115.2603954, -3.8528436], [115.2631956, -3.8521639], [115.2664304, -3.8513985], [115.2698046, -3.8506063], [115.2731305, -3.8497928], [115.2758503, -3.8491452], [115.2792406, -3.848353], [115.2822513, -3.8479191], [115.2853351, -3.8475117], [115.2878825, -3.8465893], [115.2906239, -3.8455966], [115.2937835, -3.8448205], [115.2969003, -3.8440658], [115.2997917, -3.8433753], [115.3031713, -3.8425511], [115.3059125, -3.841866], [115.3091539, -3.8411081], [115.312162, -3.8404048], [115.314914, -3.8392995], [115.3188595, -3.8387696], [115.3221479, -3.838031], [115.3289741, -3.8364065], [115.3315383, -3.8357857], [115.3346589, -3.8349251], [115.338164, -3.8341847], [115.3411514, -3.8335537], [115.3436458, -3.8329328], [115.3459525, -3.8314556], [115.348801, -3.8296411], [115.3515449, -3.8279086], [115.3538704, -3.8264403], [115.3595835, -3.8228274], [115.3648996, -3.8195089], [115.3670776, -3.8181814], [115.3699154, -3.8163402], [115.3729355, -3.8144561], [115.3754568, -3.8128664], [115.3780103, -3.8112499], [115.3811055, -3.8092962], [115.3926283, -3.8020435], [115.3953052, -3.8002236], [115.397644, -3.7984626], [115.4001331, -3.7966855], [115.4025847, -3.7948174], [115.4050094, -3.7930617], [115.4076648, -3.7910866], [115.41017, -3.789181], [115.4127445, -3.787365], [115.4153681, -3.7855144], [115.4178679, -3.7836196], [115.4201156, -3.7820245], [115.4225832, -3.7804133], [115.4252118, -3.7786576], [115.427674, -3.7769447], [115.4302007, -3.7753656], [115.4334613, -3.7732682], [115.4357502, -3.7718141], [115.4380864, -3.770152], [115.4396313, -3.767133], [115.4410395, -3.7640257], [115.4426289, -3.7609957], [115.4442447, -3.7579154], [115.4473346, -3.7564808], [115.4508591, -3.7554584], [115.4545176, -3.7545163], [115.4578961, -3.7536176], [115.4612392, -3.752691], [115.4649031, -3.751706], [115.4672044, -3.7505819], [115.4693985, -3.749142], [115.4722524, -3.7474505], [115.4752296, -3.745791], [115.4780728, -3.7442226], [115.481329, -3.7424133], [115.4844189, -3.7408476], [115.4868328, -3.7396672], [115.4895043, -3.7384146], [115.4923475, -3.7369961], [115.4943645, -3.7350101], [115.4965103, -3.7327083], [115.498538, -3.7304279], [115.5007052, -3.7279869], [115.5027652, -3.7256958], [115.5048358, -3.7234529], [115.5070728, -3.720953], [115.5098998, -3.7190687], [115.5120778, -3.7175591], [115.5147332, -3.715723], [115.517689, -3.7137316], [115.5190086, -3.7127252], [115.5191481, -3.7125593]]}, "properties": {"id": "TRM-KLM-0132", "system": "Kalselteng", "voltage_class": "150 kV", "voltage_kv_max": 150.0, "voltage_kv_all": "150", "length_km": 52.747, "osm_id": "way/945982538", "osm_voltage": "150000", "source_id": "OSM-overpass", "color": "#1f77b4", "weight": 1.8, "from_id": "GI-KLM-0044", "from_name": "GI ASAM ASAM", "from_distance_km": 0.588, "to_id": "GI-KLM-0046", "to_name": "GI SATUI", "to_distance_km": 0.044, "endpoint_confidence": "both", "circuit_id": "CIRC-KALIMANTAN-0117", "circuit_from_id": "GI-KLM-0044", "circuit_from_name": "GI ASAM ASAM", "circuit_to_id": "GI-KLM-0046", "circuit_to_name": "GI SATUI", "circuit_length_km": 52.747, "circuit_segment_count": 1, "match_tier": "CONFIRMED_MATCH", "match_reason": "pair match (GI ASAM ASAM — GI SATUI), voltage=150 matches", "ruptl_id": "RUPTL-KALIMANTAN-T-0030", "voltage_kv_ruptl": "150", "length_km_ruptl": "128.0", "target_cod_year_ruptl": "2025", "action_type_ruptl": ""}}, {"type": "Feature", "geometry": {"type": "LineString", "coordinates": [[115.9860885, -3.4817282], [115.9865284, -3.4814658], [115.9875262, -3.4788849], [115.9887063, -3.475881], [115.98964, -3.473648], [115.990763, -3.4707549], [115.991893, -3.467844], [115.995111, -3.466794], [115.997472, -3.467009], [116.001356, -3.46658], [116.004145, -3.468229], [116.00702, -3.4699], [116.00848, -3.472706], [116.0098517, -3.4754266], [116.011655, -3.479003], [116.013036, -3.4816231], [116.0135096, -3.4816254]]}, "properties": {"id": "TRM-KLM-0133", "system": "Kalselteng", "voltage_class": "150 kV", "voltage_kv_max": 150.0, "voltage_kv_all": "150", "length_km": 5.003, "osm_id": "way/945982540", "osm_voltage": "150000", "source_id": "OSM-overpass", "color": "#1f77b4", "weight": 1.8, "from_id": "GI-KLM-0045", "from_name": "GI BATULICIN", "from_distance_km": 0.104, "to_id": "GI-KLM-0045", "to_name": "GI BATULICIN", "to_distance_km": "", "endpoint_confidence": "both", "circuit_id": "CIRC-KALIMANTAN-0118", "circuit_from_id": "GI-KLM-0045", "circuit_from_name": "GI BATULICIN", "circuit_to_id": "GI-KLM-0045", "circuit_to_name": "GI BATULICIN", "circuit_length_km": 5.003, "circuit_segment_count": 1, "match_tier": "UNMATCHED_BASELINE"}}, {"type": "Feature", "geometry": {"type": "LineString", "coordinates": [[110.093865, 0.002103], [110.093887, 0.003004], [110.0943637, 0.0039667], [110.095024, 0.0053], [110.096483, 0.008347], [110.097835, 0.011051], [110.099208, 0.014205], [110.098157, 0.016608], [110.097127, 0.019312], [110.095282, 0.021136], [110.094917, 0.022337], [110.09438, 0.025642], [110.093908, 0.029461], [110.093372, 0.032465], [110.092964, 0.035341], [110.092642, 0.037787], [110.092106, 0.041606], [110.091741, 0.044289], [110.091355, 0.047722], [110.091012, 0.050361], [110.090604, 0.053751], [110.090024, 0.057378], [110.088544, 0.059931], [110.086892, 0.063043], [110.085733, 0.06521], [110.083866, 0.068815], [110.082278, 0.07199], [110.081012, 0.074458], [110.079467, 0.077355], [110.079703, 0.079758], [110.079961, 0.08287], [110.080261, 0.085659], [110.080497, 0.088341], [110.080862, 0.091195], [110.081248, 0.09377], [110.081592, 0.096924], [110.081913, 0.099671], [110.082214, 0.102954], [110.082428, 0.104971], [110.082686, 0.107632], [110.083029, 0.109928], [110.083673, 0.112975], [110.08378, 0.116258], [110.083973, 0.119154], [110.086913, 0.120613], [110.089338, 0.122051], [110.092041, 0.123145], [110.09496, 0.124562], [110.097706, 0.126042], [110.100195, 0.127458], [110.102963, 0.129046], [110.105388, 0.130205], [110.107856, 0.131342], [110.11071, 0.132887], [110.113499, 0.134325], [110.116246, 0.135805], [110.119057, 0.137308], [110.121739, 0.138659], [110.124271, 0.140011], [110.126588, 0.141148], [110.129056, 0.14235], [110.131416, 0.143638], [110.13427, 0.145075], [110.137081, 0.14647], [110.139635, 0.147714], [110.141888, 0.149925], [110.14442, 0.152392], [110.145686, 0.153701], [110.14781, 0.155847], [110.149698, 0.157842], [110.150814, 0.158937], [110.151651, 0.159774], [110.153861, 0.162112], [110.156071, 0.164344], [110.158174, 0.166554], [110.160878, 0.169451], [110.162594, 0.171189], [110.164804, 0.173528], [110.166628, 0.175523], [110.168388, 0.177605], [110.170319, 0.179772], [110.172057, 0.181467], [110.17401, 0.183613], [110.177872, 0.187668], [110.17946, 0.189407], [110.181434, 0.191445], [110.183237, 0.193398], [110.185361, 0.195565], [110.187871, 0.197861], [110.189738, 0.200264], [110.191476, 0.202453], [110.193193, 0.204212], [110.196047, 0.206508], [110.198364, 0.208954], [110.200961, 0.211615], [110.202076, 0.213525], [110.204179, 0.217323], [110.205681, 0.220799], [110.206475, 0.222623], [110.207763, 0.225412], [110.209157, 0.228545], [110.210853, 0.232171], [110.21199, 0.235004], [110.213556, 0.237986], [110.214715, 0.240819], [110.216346, 0.244273], [110.218105, 0.248264], [110.219908, 0.251998], [110.221002, 0.254423], [110.222118, 0.256805], [110.223105, 0.258757], [110.224264, 0.261439], [110.227332, 0.26307], [110.230207, 0.264658], [110.232503, 0.265903], [110.234327, 0.266911], [110.237052, 0.268456], [110.239863, 0.269979], [110.24246, 0.271439], [110.245271, 0.273048], [110.250914, 0.276095], [110.253446, 0.277554], [110.256643, 0.279292], [110.259669, 0.278155], [110.262716, 0.277039], [110.265291, 0.276138], [110.268445, 0.274958], [110.273015, 0.273112], [110.276127, 0.272039], [110.278938, 0.270988], [110.281899, 0.269851], [110.28501, 0.268671], [110.289495, 0.266954], [110.292456, 0.265838], [110.29546, 0.264637], [110.297971, 0.263714], [110.300353, 0.26277], [110.303228, 0.261697], [110.305846, 0.260731], [110.308335, 0.259766], [110.310867, 0.258843], [110.313463, 0.257835], [110.315416, 0.257084], [110.31872, 0.255839], [110.321639, 0.25483], [110.32445, 0.253672], [110.327411, 0.252599], [110.330286, 0.251526], [110.332861, 0.250539], [110.3355, 0.249552], [110.338504, 0.248501], [110.344427, 0.246269], [110.347345, 0.245153], [110.350263, 0.24408], [110.356143, 0.241827], [110.35919, 0.240776], [110.362065, 0.239703], [110.364854, 0.23863], [110.368116, 0.237407], [110.370755, 0.236399], [110.373266, 0.235411], [110.379789, 0.232879], [110.382771, 0.231764], [110.385668, 0.230626], [110.3882, 0.229618], [110.390582, 0.227816], [110.395324, 0.224082], [110.397491, 0.221314], [110.400345, 0.220155], [110.402877, 0.218374], [110.405431, 0.216443], [110.40807, 0.214469], [110.412984, 0.210735], [110.415194, 0.209019], [110.417254, 0.207474], [110.419829, 0.205521], [110.422297, 0.203676], [110.424421, 0.202024], [110.426631, 0.200328], [110.429807, 0.197904], [110.432382, 0.196015], [110.435021, 0.19402], [110.437467, 0.192239], [110.43987, 0.190372], [110.442295, 0.188591], [110.444098, 0.187196], [110.445857, 0.185866], [110.448496, 0.183806], [110.451758, 0.18136], [110.454311, 0.179515], [110.456457, 0.17797], [110.459118, 0.175953], [110.461521, 0.174086], [110.46401, 0.172198], [110.466499, 0.170223], [110.471327, 0.16634], [110.473795, 0.165245], [110.476649, 0.163958], [110.479202, 0.162735], [110.481842, 0.16149], [110.484481, 0.160353], [110.487463, 0.159409], [110.490446, 0.158422], [110.493429, 0.157499], [110.496454, 0.156491], [110.499587, 0.155461], [110.503042, 0.154366], [110.505788, 0.153444], [110.508749, 0.152457], [110.511689, 0.151534], [110.514972, 0.150461], [110.517998, 0.149517], [110.519629, 0.147607], [110.522032, 0.14456], [110.524542, 0.14235], [110.527074, 0.13999], [110.530035, 0.137308], [110.532417, 0.135076], [110.536666, 0.131342], [110.538747, 0.129454], [110.540764, 0.127716], [110.543168, 0.125441], [110.5456006, 0.1242425], [110.546, 0.123746]]}, "properties": {"id": "TRM-KLM-0134", "system": "Khatulistiwa", "voltage_class": "150 kV", "voltage_kv_max": 150.0, "voltage_kv_all": "150", "length_km": 77.754, "osm_id": "way/949915564", "osm_voltage": "150000", "source_id": "OSM-overpass", "color": "#1f77b4", "weight": 1.8, "from_id": "GI-KLM-0005", "from_name": "GI TAYAN", "from_distance_km": 0.073, "to_id": "GI-KLM-0006", "to_name": "GI SANGGAU", "to_distance_km": 0.024, "endpoint_confidence": "both", "circuit_id": "CIRC-KALIMANTAN-0119", "circuit_from_id": "GI-KLM-0005", "circuit_from_name": "GI TAYAN", "circuit_to_id": "GI-KLM-0006", "circuit_to_name": "GI SANGGAU", "circuit_length_km": 77.754, "circuit_segment_count": 1, "match_tier": "UNMATCHED_BASELINE"}}, {"type": "Feature", "geometry": {"type": "LineString", "coordinates": [[114.6207731, -3.2310863], [114.6235424, -3.2317631], [114.6263266, -3.2333779], [114.629049, -3.2349525], [114.6317339, -3.2366048], [114.6343893, -3.2382865], [114.636927, -3.2398937], [114.6397564, -3.2416473], [114.6424668, -3.2433438], [114.6450898, -3.2449856], [114.6477614, -3.2466578], [114.650331, -3.2482661], [114.6531326, -3.2499756], [114.6555707, -3.2515047], [114.6585077, -3.2533243], [114.6612114, -3.2550488], [114.6638198, -3.256685], [114.6664873, -3.2583681], [114.6691574, -3.2600257], [114.6716532, -3.2615922], [114.6743529, -3.2632927], [114.6769182, -3.2649019], [114.6795814, -3.2665726], [114.6823598, -3.2682803], [114.6851196, -3.2700788], [114.686659, -3.2728067], [114.6881387, -3.2753414], [114.6898222, -3.2783632], [114.6913273, -3.2810369], [114.6928755, -3.2837215], [114.694412, -3.2865037], [114.6959726, -3.2892146], [114.6975118, -3.2919997], [114.6993547, -3.2951718], [114.7012327, -3.2978671], [114.7029883, -3.3004889], [114.7049318, -3.3032689], [114.7066596, -3.3058455], [114.7084845, -3.3084804], [114.7103729, -3.311192], [114.7122102, -3.3139155], [114.7140249, -3.3165737], [114.7158765, -3.3192562], [114.7177798, -3.321963], [114.7196974, -3.3247792], [114.7214386, -3.3273416], [114.7233761, -3.3301845], [114.7233093, -3.3334702], [114.7229931, -3.3366824], [114.722748, -3.3398279], [114.7224773, -3.3429792], [114.7222973, -3.3460306], [114.7220697, -3.34926], [114.7218632, -3.3524809], [114.7216405, -3.3555086], [114.7214265, -3.3589289], [114.7211926, -3.3621353], [114.7209467, -3.3656484], [114.7192664, -3.3682887], [114.7176102, -3.3709823], [114.7159231, -3.3736519], [114.7141984, -3.3764204], [114.7124724, -3.379106], [114.7108187, -3.3817619], [114.7091612, -3.3844236], [114.7074822, -3.3871105], [114.7055268, -3.3900545], [114.7043654, -3.3912941]]}, "properties": {"id": "TRM-KLM-0135", "system": "Kalselteng", "voltage_class": "150 kV", "voltage_kv_max": 150.0, "voltage_kv_all": "150", "length_km": 23.649, "osm_id": "way/1017190060", "osm_voltage": "150000", "source_id": "OSM-overpass", "color": "#1f77b4", "weight": 1.8, "from_id": "GI-KLM-0026", "from_name": "GI KAYUTANGI", "from_distance_km": 0.114, "to_id": "GI-KLM-0031", "to_name": "GI SEI TABUK", "to_distance_km": 0.071, "endpoint_confidence": "both", "circuit_id": "CIRC-KALIMANTAN-0120", "circuit_from_id": "GI-KLM-0026", "circuit_from_name": "GI KAYUTANGI", "circuit_to_id": "GI-KLM-0031", "circuit_to_name": "GI SEI TABUK", "circuit_length_km": 23.649, "circuit_segment_count": 1, "match_tier": "UNMATCHED_BASELINE"}}, {"type": "Feature", "geometry": {"type": "LineString", "coordinates": [[115.1486349, -2.786116], [115.1921025, -2.7686934], [115.1944846, -2.7667082], [115.1969283, -2.7647576], [115.1996004, -2.7625293], [115.2018142, -2.7606873], [115.2041909, -2.758713], [115.2067502, -2.7565956], [115.2093154, -2.7545318], [115.2117332, -2.7525], [115.2141778, -2.7505407], [115.2166224, -2.7484779], [115.2190173, -2.7465326], [115.2212956, -2.7446432], [115.223864, -2.7425846], [115.2263692, -2.7405352], [115.2287791, -2.7385372], [115.2311515, -2.7365856], [115.233684, -2.7345176], [115.2361339, -2.7324533], [115.2385204, -2.7304257], [115.2409599, -2.728434], [115.2433939, -2.7264855], [115.246315, -2.7240908], [115.2483409, -2.7224962], [115.2508296, -2.7205056], [115.2532989, -2.7185205], [115.2557608, -2.7165455], [115.258321, -2.714522], [115.2607536, -2.712613], [115.2632682, -2.7105957], [115.2656405, -2.7087374], [115.2681393, -2.70671], [115.2706439, -2.7046562], [115.2732795, -2.7026528], [115.2752429, -2.7010975], [115.2783678, -2.6987219], [115.280939, -2.6968348], [115.2834907, -2.6949825], [115.2860498, -2.69305], [115.2885071, -2.6912293], [115.2912016, -2.6892904], [115.2938275, -2.6873425], [115.2964591, -2.6854555], [115.2989827, -2.6835597], [115.3016831, -2.6816205], [115.3041055, -2.6797839], [115.3073271, -2.6803445], [115.3104007, -2.6809568], [115.3136235, -2.6814973], [115.3165749, -2.6819988], [115.3195453, -2.6824992], [115.3226055, -2.6830205], [115.3255419, -2.6835645], [115.3267826, -2.6843999]]}, "properties": {"id": "TRM-KLM-0136", "system": "Kalselteng", "voltage_class": "150 kV", "voltage_kv_max": 150.0, "voltage_kv_all": "150", "length_km": 23.68, "osm_id": "way/1027452497", "osm_voltage": "150000", "source_id": "OSM-overpass", "color": "#1f77b4", "weight": 1.8, "from_id": "GI-KLM-0039", "from_name": "GI BARIKIN", "from_distance_km": "", "to_id": "GI-KLM-0039", "to_name": "GI BARIKIN", "to_distance_km": 0.133, "endpoint_confidence": "both", "circuit_id": "CIRC-KALIMANTAN-0121", "circuit_from_id": "GI-KLM-0039", "circuit_from_name": "GI BARIKIN", "circuit_to_id": "GI-KLM-0039", "circuit_to_name": "GI BARIKIN", "circuit_length_km": 23.68, "circuit_segment_count": 1, "match_tier": "UNMATCHED_BASELINE"}}, {"type": "Feature", "geometry": {"type": "LineString", "coordinates": [[114.6194882, -3.2303303], [114.6202824, -3.2304473]]}, "properties": {"id": "TRM-KLM-0137", "system": "Kalselteng", "voltage_class": "150 kV", "voltage_kv_max": 150.0, "voltage_kv_all": "150", "length_km": 0.089, "osm_id": "way/1028155963", "osm_voltage": "150000", "source_id": "OSM-overpass", "color": "#1f77b4", "weight": 1.8, "from_id": "GI-KLM-0026", "from_name": "GI KAYUTANGI", "from_distance_km": 0.086, "to_id": "GI-KLM-0026", "to_name": "GI KAYUTANGI", "to_distance_km": "", "endpoint_confidence": "both", "circuit_id": "CIRC-KALIMANTAN-0122", "circuit_from_id": "GI-KLM-0026", "circuit_from_name": "GI KAYUTANGI", "circuit_to_id": "GI-KLM-0026", "circuit_to_name": "GI KAYUTANGI", "circuit_length_km": 0.089, "circuit_segment_count": 1, "match_tier": "UNMATCHED_BASELINE"}}, {"type": "Feature", "geometry": {"type": "LineString", "coordinates": [[114.6205131, -3.2307713], [114.6207731, -3.2310863]]}, "properties": {"id": "TRM-KLM-0138", "system": "Kalselteng", "voltage_class": "150 kV", "voltage_kv_max": 150.0, "voltage_kv_all": "150", "length_km": 0.045, "osm_id": "way/1028155964", "osm_voltage": "150000", "source_id": "OSM-overpass", "color": "#1f77b4", "weight": 1.8, "from_id": "GI-KLM-0026", "from_name": "GI KAYUTANGI", "from_distance_km": 0.069, "to_id": "GI-KLM-0026", "to_name": "GI KAYUTANGI", "to_distance_km": "", "endpoint_confidence": "both", "circuit_id": "CIRC-KALIMANTAN-0123", "circuit_from_id": "GI-KLM-0026", "circuit_from_name": "GI KAYUTANGI", "circuit_to_id": "GI-KLM-0026", "circuit_to_name": "GI KAYUTANGI", "circuit_length_km": 0.045, "circuit_segment_count": 1, "match_tier": "UNMATCHED_BASELINE"}}, {"type": "Feature", "geometry": {"type": "LineString", "coordinates": [[114.7490036, -3.56263], [114.7492093, -3.5627024], [114.7525728, -3.5623316], [114.7557914, -3.5623075], [114.7589403, -3.5624173], [114.7620572, -3.5625259], [114.7652093, -3.5626358], [114.7684451, -3.5627486], [114.7716942, -3.5628618], [114.7747788, -3.5630022], [114.7779465, -3.5631695], [114.7811061, -3.5632953], [114.7842591, -3.5634392], [114.7874455, -3.5635604], [114.7904737, -3.5636487], [114.7937661, -3.5637933], [114.7969674, -3.5639351], [114.8001471, -3.5640476]]}, "properties": {"id": "TRM-KLM-0139", "system": "Kalselteng", "voltage_class": "150 kV", "voltage_kv_max": 150.0, "voltage_kv_all": "150", "length_km": 5.683, "osm_id": "way/1028155966", "osm_voltage": "150000", "source_id": "OSM-overpass", "color": "#1f77b4", "weight": 1.8, "from_id": "GI-KLM-0037", "from_name": "GI BATI BATI", "from_distance_km": 0.031, "to_id": "GI-KLM-0037", "to_name": "GI BATI BATI", "to_distance_km": "", "endpoint_confidence": "both", "circuit_id": "CIRC-KALIMANTAN-0124", "circuit_from_id": "GI-KLM-0037", "circuit_from_name": "GI BATI BATI", "circuit_to_id": "GI-KLM-0037", "circuit_to_name": "GI BATI BATI", "circuit_length_km": 5.683, "circuit_segment_count": 1, "match_tier": "UNMATCHED_BASELINE"}}, {"type": "Feature", "geometry": {"type": "LineString", "coordinates": [[114.6325385, -3.4313569], [114.632678, -3.4351802], [114.6336865, -3.4381682], [114.6347272, -3.4411669], [114.6356928, -3.4440905], [114.6367657, -3.4470678], [114.6367979, -3.4498094], [114.6368945, -3.4529901], [114.6369696, -3.4561065], [114.6371198, -3.4592122], [114.6371949, -3.4622108], [114.6373773, -3.4651451], [114.6373451, -3.4684864], [114.6374524, -3.4716242], [114.6375596, -3.4747941], [114.6376669, -3.477814], [114.6377849, -3.4809839], [114.6375275, -3.4839717], [114.6372056, -3.4871844], [114.6370339, -3.4899152], [114.6368301, -3.4930101], [114.6365511, -3.4957623], [114.6363795, -3.4984609], [114.636122, -3.5009775], [114.6359181, -3.504083], [114.6357143, -3.5072957], [114.6353495, -3.5108188], [114.6350706, -3.5141814], [114.6348667, -3.5170191], [114.6345985, -3.5199854], [114.6343732, -3.5229945], [114.6342015, -3.5260143], [114.6338904, -3.5289806], [114.6336543, -3.5320004], [114.6333647, -3.5349666], [114.6335685, -3.5375795], [114.6337402, -3.5405564], [114.6339333, -3.5434584], [114.6341371, -3.5465531], [114.634341, -3.5496049], [114.6345234, -3.5526675], [114.6344376, -3.5558371], [114.6343624, -3.5589532], [114.6342766, -3.562187], [114.6341908, -3.5652817], [114.6340942, -3.5684406], [114.6340084, -3.5715887], [114.6339118, -3.574769], [114.6338582, -3.5779064], [114.6337938, -3.5810652], [114.6337402, -3.5842562], [114.63359, -3.5873507], [114.6335685, -3.5905738], [114.6335363, -3.5936898], [114.633429, -3.5968592], [114.633311, -3.6002322], [114.6332681, -3.6032303], [114.6343946, -3.6056395], [114.635843, -3.6087233], [114.6369374, -3.611186], [114.6382034, -3.6139593], [114.6394908, -3.6168182], [114.6407354, -3.6195593], [114.6419692, -3.6223646], [114.6432996, -3.6253627], [114.6444797, -3.6280074], [114.645735, -3.6308984], [114.6469259, -3.6336073], [114.6481812, -3.6364555], [114.6493399, -3.6389717], [114.6504664, -3.6416592], [114.6520007, -3.6444216], [114.6534705, -3.6471198], [114.6548974, -3.6498501], [114.6563244, -3.6524412], [114.6578693, -3.6552893], [114.659307, -3.6579767], [114.660809, -3.6606749], [114.6622145, -3.6634373], [114.6638346, -3.6664459], [114.6653044, -3.6691869], [114.6667206, -3.6718636], [114.6682441, -3.6746688], [114.6696925, -3.6773776], [114.6710658, -3.6802149], [114.6725893, -3.6827523], [114.674027, -3.6851292], [114.675926, -3.6879237], [114.6778464, -3.6909536], [114.6791017, -3.6935446], [114.6804213, -3.695975], [114.6818161, -3.698748], [114.6833289, -3.7014353], [114.6848416, -3.7041333], [114.6863973, -3.7068099], [114.6878779, -3.7093473], [114.6894336, -3.7121631], [114.6909463, -3.7148183], [114.6923947, -3.7175484], [114.6939182, -3.7202678], [114.6954417, -3.7229657], [114.6964931, -3.7248714], [114.6973729, -3.7264345], [114.7001839, -3.7274516], [114.7033703, -3.7285972], [114.7065461, -3.7297427], [114.709475, -3.7308347], [114.7125864, -3.7320124], [114.7159231, -3.7332115], [114.7192275, -3.734357], [114.7222102, -3.7354812], [114.7254395, -3.7366267], [114.7285831, -3.7378258], [114.7316515, -3.7388964], [114.7346771, -3.7400419], [114.7354281, -3.7432644], [114.7362006, -3.7466582], [114.7369301, -3.7500627], [114.7376704, -3.7534564], [114.7384429, -3.756711], [114.7392797, -3.7602011], [114.7399878, -3.7636376], [114.7407818, -3.7669885], [114.7415328, -3.7703394], [114.7422945, -3.773808], [114.743067, -3.7770089], [114.743818, -3.780531], [114.7445261, -3.7839461], [114.7452772, -3.7872862], [114.7460067, -3.7906691], [114.7467148, -3.7939449], [114.7473907, -3.7973064], [114.748131, -3.8005822], [114.7488069, -3.8037188], [114.7495472, -3.807091], [114.7512531, -3.8090072], [114.7530292, -3.8111295], [114.7547829, -3.813225], [114.7560167, -3.8161475], [114.7571111, -3.8190057], [114.7582269, -3.8221209], [114.7593641, -3.8250861], [114.7606087, -3.8279979], [114.7616815, -3.8307062], [114.7627609, -3.8335686], [114.7639286, -3.8363916], [114.7651362, -3.8393236], [114.7662735, -3.8422567], [114.7675609, -3.8452968], [114.7687518, -3.84808], [114.7697604, -3.8504136], [114.7709942, -3.8534752], [114.772346, -3.8568578], [114.7734755, -3.8596403], [114.7746098, -3.8624348], [114.7759094, -3.8656839], [114.7770116, -3.8684396], [114.7783005, -3.871662], [114.7795021, -3.8743167], [114.7807574, -3.8773139], [114.7818947, -3.8800114], [114.7832036, -3.8830193], [114.7844267, -3.8860486], [114.7866583, -3.8912508], [114.7880101, -3.8944085], [114.7891581, -3.8973307], [114.7904563, -3.9003385], [114.7916365, -3.9033035], [114.7926021, -3.9054764], [114.7938466, -3.908602], [114.7948336, -3.911021], [114.796164, -3.9141465], [114.7982991, -3.916769], [114.800359, -3.9191452], [114.8023867, -3.9214358], [114.8086631, -3.9282219], [114.8108303, -3.9305018], [114.8129439, -3.9328673], [114.8146927, -3.934901], [114.8165381, -3.9371487], [114.81848, -3.9395249], [114.8203683, -3.9416549], [114.8223853, -3.9441595], [114.8242199, -3.9462788], [114.8262691, -3.9486656], [114.8283183, -3.950999], [114.830153, -3.9530861], [114.8323417, -3.9554943], [114.8343158, -3.9577955], [114.8362362, -3.9599362], [114.8382747, -3.9622802], [114.8400342, -3.9643352], [114.8418689, -3.9663902], [114.8436069, -3.9683703], [114.845404, -3.9704146], [114.8469865, -3.972095], [114.8496687, -3.9731225], [114.8525333, -3.9741607], [114.8553121, -3.9752417], [114.8585093, -3.9763976], [114.8610949, -3.9773073], [114.8639059, -3.9783134], [114.8666954, -3.9792767], [114.8698711, -3.9804647], [114.8727357, -3.9814708], [114.8755252, -3.9824234], [114.8784274, -3.9832956], [114.8807349, -3.9834881], [114.883368, -3.9837077], [114.8862433, -3.9839325], [114.8887324, -3.9841679], [114.8912537, -3.984382], [114.8937829, -3.9846091], [114.8963497, -3.9848269], [114.8995578, -3.9850991], [114.9026692, -3.985372], [114.9057859, -3.9856182], [114.9089456, -3.9858697], [114.9119925, -3.986148], [114.9151897, -3.9864102], [114.918285, -3.9866242], [114.9214125, -3.9869132], [114.9245506, -3.9871433], [114.9276727, -3.9874056], [114.9308217, -3.9876678], [114.9339652, -3.9878872], [114.937039, -3.9881494], [114.9402255, -3.9883956], [114.9433637, -3.988631], [114.9464643, -3.9888826], [114.9496293, -3.9890752], [114.9529123, -3.9892679], [114.9559486, -3.989514], [114.9590814, -3.9897495], [114.9621713, -3.9899903], [114.9653149, -3.9902151], [114.9682492, -3.9895408], [114.9712586, -3.9887969], [114.9742842, -3.9880852], [114.9773204, -3.9873467], [114.9801367, -3.9866671], [114.983173, -3.9858804], [114.9862254, -3.985083], [114.989267, -3.9843124], [114.9923569, -3.9835258], [114.9953824, -3.9827873], [114.9984294, -3.9819792], [115.0014979, -3.9812139], [115.0045341, -3.9804059], [115.007565, -3.9796299], [115.0104403, -3.9788967], [115.0135088, -3.9781261], [115.0162822, -3.9774465], [115.0195974, -3.9766438], [115.0226337, -3.9759427], [115.0253963, -3.9753005], [115.0284648, -3.9745941], [115.031544, -3.9738931], [115.0340974, -3.9732509], [115.0364202, -3.9715759], [115.0385177, -3.970056], [115.0410336, -3.9682258], [115.0433886, -3.9665775], [115.045824, -3.9648008], [115.0480825, -3.9631953], [115.0506306, -3.9613383], [115.0530875, -3.9595804], [115.0554746, -3.9578678], [115.0578769, -3.9561283], [115.0602785, -3.9543901], [115.0626764, -3.9526545], [115.0650887, -3.9509184], [115.0674854, -3.9491781], [115.0693631, -3.9478147], [115.0721365, -3.9458239], [115.0747544, -3.9439187], [115.0770235, -3.9422864], [115.0795877, -3.9404561], [115.0820017, -3.9387061], [115.0844157, -3.9369828], [115.0868136, -3.9352221], [115.0893778, -3.9333811], [115.0919527, -3.9315454], [115.0944793, -3.9296937], [115.0968236, -3.9280132], [115.0993288, -3.926199], [115.1021987, -3.9252035], [115.1033467, -3.9247727]]}, "properties": {"id": "TRM-KLM-0140", "system": "Kalselteng", "voltage_class": "150 kV", "voltage_kv_max": 150.0, "voltage_kv_all": "150", "length_km": 98.936, "osm_id": "way/1029254748", "osm_voltage": "150000", "source_id": "OSM-overpass", "color": "#1f77b4", "weight": 1.8, "from_id": "GI-KLM-0029", "from_name": "GI MANTUIL", "from_distance_km": 1.039, "to_id": "GI-KLM-0044", "to_name": "GI ASAM ASAM", "to_distance_km": 0.336, "endpoint_confidence": "both", "circuit_id": "CIRC-KALIMANTAN-0125", "circuit_from_id": "GI-KLM-0029", "circuit_from_name": "GI MANTUIL", "circuit_to_id": "GI-KLM-0044", "circuit_to_name": "GI ASAM ASAM", "circuit_length_km": 98.936, "circuit_segment_count": 1, "match_tier": "UNMATCHED_BASELINE"}}, {"type": "Feature", "geometry": {"type": "LineString", "coordinates": [[114.6278286, -3.4243862], [114.6298349, -3.4265269], [114.6318626, -3.4293542], [114.6325385, -3.4313569]]}, "properties": {"id": "TRM-KLM-0141", "system": "Kalselteng", "voltage_class": "150 kV", "voltage_kv_max": 150.0, "voltage_kv_all": "150", "length_km": 0.948, "osm_id": "way/1029254749", "osm_voltage": "150000", "source_id": "OSM-overpass", "color": "#1f77b4", "weight": 1.8, "from_id": "GI-KLM-0029", "from_name": "GI MANTUIL", "from_distance_km": 0.116, "to_id": "GI-KLM-0029", "to_name": "GI MANTUIL", "to_distance_km": "", "endpoint_confidence": "both", "circuit_id": "CIRC-KALIMANTAN-0126", "circuit_from_id": "GI-KLM-0029", "circuit_from_name": "GI MANTUIL", "circuit_to_id": "GI-KLM-0029", "circuit_to_name": "GI MANTUIL", "circuit_length_km": 0.948, "circuit_segment_count": 1, "match_tier": "UNMATCHED_BASELINE"}}, {"type": "Feature", "geometry": {"type": "LineString", "coordinates": [[117.193855, -0.5836869], [117.1941608, -0.5837244], [117.1953464, -0.5863475], [117.1968269, -0.5896089], [117.1980071, -0.5923499], [117.1998739, -0.5960512], [117.2006249, -0.5989907], [117.2016013, -0.6024774], [117.2024381, -0.6059963], [117.2031757, -0.6085576], [117.2025615, -0.6101535], [117.2037792, -0.6116071], [117.2030926, -0.6145574], [117.2014993, -0.616408], [117.1997666, -0.6201575], [117.2015047, -0.6270987], [117.2035754, -0.6308428], [117.2046375, -0.6338038], [117.2058606, -0.6370973], [117.2068584, -0.6396935], [117.2061503, -0.6435879], [117.2054315, -0.6475036], [117.2079045, -0.653903], [117.2091436, -0.6569766], [117.210592, -0.6605169], [117.2118688, -0.6638748], [117.2131562, -0.6670932], [117.2143578, -0.6703116], [117.2155058, -0.6731975], [117.2166753, -0.6757293], [117.2178876, -0.6783899], [117.219218, -0.6813187], [117.2205377, -0.684226], [117.2216856, -0.6867149], [117.2236705, -0.689236], [117.2265352, -0.6932921], [117.229397, -0.6952186], [117.2306504, -0.6970852], [117.2306478, -0.6988861], [117.2305868, -0.7003936], [117.2306805, -0.7029801], [117.2313067, -0.7042637], [117.2317196, -0.706114], [117.2326356, -0.7084894], [117.2330709, -0.7105213], [117.2360067, -0.7122088], [117.2394096, -0.7141829], [117.2403781, -0.7170048], [117.2394432, -0.7201565], [117.2374288, -0.7226009], [117.2354474, -0.7250288], [117.2337763, -0.7270761], [117.233203, -0.7277914], [117.2320225, -0.7292641], [117.2302366, -0.7314719], [117.2282708, -0.7338941], [117.2266094, -0.7359231], [117.2272816, -0.7381297], [117.2278903, -0.7415917], [117.228423, -0.7442041], [117.22657, -0.7471075], [117.2246423, -0.7502525], [117.2240081, -0.7537906], [117.2232599, -0.7577218], [117.2227906, -0.7603996], [117.2223087, -0.7630881], [117.21922, -0.7795138], [117.2186689, -0.7822226], [117.218093, -0.785694], [117.2177242, -0.7874402]]}, "properties": {"id": "TRM-KLM-0142", "system": "Mahakam", "voltage_class": "150 kV", "voltage_kv_max": 150.0, "voltage_kv_all": "150", "length_km": 25.175, "osm_id": "way/1098775369", "osm_voltage": "150000", "source_id": "OSM-overpass", "color": "#1f77b4", "weight": 1.8, "from_id": "GI-KLM-0076", "from_name": "GI Bukuan", "from_distance_km": 0.06, "to_id": "GI-KLM-0076", "to_name": "GI Bukuan", "to_distance_km": "", "endpoint_confidence": "both", "circuit_id": "CIRC-KALIMANTAN-0127", "circuit_from_id": "GI-KLM-0076", "circuit_from_name": "GI Bukuan", "circuit_to_id": "GI-KLM-0076", "circuit_to_name": "GI Bukuan", "circuit_length_km": 25.175, "circuit_segment_count": 1, "match_tier": "UNMATCHED_BASELINE"}}, {"type": "Feature", "geometry": {"type": "LineString", "coordinates": [[116.372541, -3.453879], [116.371887, -3.456256], [116.371211, -3.458623], [116.370288, -3.461847], [116.368786, -3.464181], [116.366919, -3.466741], [116.365417, -3.468947], [116.36355, -3.471624], [116.361995, -3.473927], [116.3586656, -3.478875], [116.3569658, -3.4812397], [116.3549195, -3.4841551], [116.353973, -3.4871896], [116.3514594, -3.4891806], [116.3499955, -3.4913658], [116.3493485, -3.4932324], [116.341185, -3.4978559], [116.3384254, -3.4991328], [116.3355853, -3.4980212], [116.3311689, -3.496287], [116.3264979, -3.4943802], [116.3237573, -3.4932491], [116.3207022, -3.4919729], [116.3177309, -3.4907875], [116.3146427, -3.4895032], [116.311706, -3.4883172], [116.3086956, -3.4871533], [116.3054638, -3.4858756], [116.3040836, -3.482821], [116.3027809, -3.4798778], [116.3014452, -3.4769743], [116.3000385, -3.4738152], [116.2986089, -3.4707964], [116.2972148, -3.467783], [116.2959514, -3.4647609], [116.2944718, -3.4616102], [116.2920954, -3.4600485], [116.2888839, -3.4592743], [116.2857129, -3.4584497], [116.2825107, -3.4576445], [116.2792443, -3.4568993], [116.2758158, -3.4560869], [116.2725322, -3.4553833], [116.2693663, -3.4545611], [116.2661522, -3.4537579], [116.2628196, -3.4529307], [116.2602895, -3.4546589], [116.2579486, -3.4562672], [116.2550609, -3.4581628], [116.2522653, -3.4600444], [116.2487487, -3.4600864], [116.2453405, -3.4601725], [116.2419888, -3.4601723], [116.238526, -3.4601684], [116.2350314, -3.4602459], [116.2316091, -3.4602204], [116.2280595, -3.4602464], [116.2255773, -3.4583914], [116.2230074, -3.4562618], [116.2199616, -3.4562412], [116.2165441, -3.4561372], [116.2132959, -3.455927], [116.2100632, -3.4557858], [116.2067319, -3.4556439], [116.20439, -3.4555965], [116.2025696, -3.4573254], [116.200547, -3.459062], [116.198584, -3.460969], [116.196438, -3.46295], [116.194389, -3.46476], [116.191964, -3.464813], [116.189164, -3.464824], [116.186256, -3.464813], [116.183188, -3.464845], [116.18027, -3.464856], [116.176879, -3.464845], [116.174862, -3.464835], [116.1716615, -3.4647976], [116.1691522, -3.4648338], [116.1669855, -3.4627298], [116.1647365, -3.4605089], [116.1624581, -3.4582893], [116.1602293, -3.4561699], [116.157993, -3.4539769], [116.1562699, -3.4522714], [116.1530521, -3.4513463], [116.1498167, -3.4504989], [116.1466857, -3.4497536], [116.1436163, -3.4489654], [116.1415658, -3.4504563], [116.1390451, -3.4524337], [116.1365692, -3.4542446], [116.134005, -3.4562599], [116.1311847, -3.4583468], [116.1286122, -3.4603133], [116.1264694, -3.4619222], [116.124085, -3.4637342], [116.121687, -3.4655633], [116.1185146, -3.4662196], [116.1154229, -3.4658167], [116.1121921, -3.4652923], [116.1086821, -3.4648523], [116.1067159, -3.4645772], [116.1039675, -3.4631682], [116.1017557, -3.4619878], [116.101477, -3.460133]]}, "properties": {"id": "TRM-KLM-0143", "system": "Kalselteng", "voltage_class": "150 kV", "voltage_kv_max": 150.0, "voltage_kv_all": "150", "length_km": 37.308, "osm_id": "way/1121025815", "osm_voltage": "150000", "source_id": "OSM-overpass", "color": "#1f77b4", "weight": 1.8, "from_id": "", "from_name": "", "from_distance_km": "", "to_id": "", "to_name": "", "to_distance_km": "", "endpoint_confidence": "none", "circuit_id": "", "circuit_from_id": "", "circuit_from_name": "", "circuit_to_id": "", "circuit_to_name": "", "circuit_length_km": "", "circuit_segment_count": "", "match_tier": "BASELINE_UNRESOLVED"}}, {"type": "Feature", "geometry": {"type": "LineString", "coordinates": [[111.289895, -2.60938], [111.288875, -2.612403], [111.2542782, -2.7159148], [111.2289801, -2.749102]]}, "properties": {"id": "TRM-KLM-0144", "system": "Khatulistiwa", "voltage_class": "150 kV", "voltage_kv_max": 150.0, "voltage_kv_all": "150", "length_km": 17.127, "osm_id": "way/1121246706", "osm_voltage": "150000", "source_id": "OSM-overpass", "color": "#1f77b4", "weight": 1.8, "from_id": "", "from_name": "", "from_distance_km": "", "to_id": "", "to_name": "", "to_distance_km": "", "endpoint_confidence": "none", "circuit_id": "", "circuit_from_id": "", "circuit_from_name": "", "circuit_to_id": "", "circuit_to_name": "", "circuit_length_km": "", "circuit_segment_count": "", "match_tier": "BASELINE_UNRESOLVED"}}, {"type": "Feature", "geometry": {"type": "LineString", "coordinates": [[109.4972992, 0.9063745], [109.4976345, 0.9062216], [109.4976613, 0.9059105]]}, "properties": {"id": "TRM-KLM-0145", "system": "Khatulistiwa", "voltage_class": "150 kV", "voltage_kv_max": 150.0, "voltage_kv_all": "150", "length_km": 0.076, "osm_id": "way/1157250101", "osm_voltage": "150000", "source_id": "OSM-overpass", "color": "#1f77b4", "weight": 1.8, "from_id": "GI-KLM-0011", "from_name": "GI BENGKAYANG", "from_distance_km": 0.09, "to_id": "GI-KLM-0011", "to_name": "GI BENGKAYANG", "to_distance_km": "", "endpoint_confidence": "both", "circuit_id": "CIRC-KALIMANTAN-0128", "circuit_from_id": "GI-KLM-0011", "circuit_from_name": "GI BENGKAYANG", "circuit_to_id": "GI-KLM-0011", "circuit_to_name": "GI BENGKAYANG", "circuit_length_km": 0.076, "circuit_segment_count": 1, "match_tier": "UNMATCHED_BASELINE"}}, {"type": "Feature", "geometry": {"type": "LineString", "coordinates": [[110.9195942, -0.0027056], [110.9193296, -0.0025284], [110.9157854, -0.0026661], [110.9127522, -0.0029616], [110.9095875, -0.0031826], [110.9070043, -0.0033319], [110.8953544, -0.0038395], [110.892638, -0.0039076], [110.8865102, -0.0046766], [110.8831782, -0.005196], [110.8802474, -0.0044287], [110.8768826, -0.004656], [110.8740011, -0.0047992], [110.8719289, -0.0048606], [110.8692511, -0.0050127], [110.8665675, -0.0067737], [110.8639107, -0.0086152], [110.861543, -0.0102232], [110.856352, -0.0137509], [110.8537054, -0.0155021], [110.8511003, -0.0172916], [110.8486068, -0.0189364], [110.8458817, -0.0207871], [110.8436233, -0.0223535], [110.8406192, -0.0215918], [110.8375883, -0.0208837], [110.834536, -0.0201166], [110.8314353, -0.0193012], [110.8283722, -0.0186896], [110.8255023, -0.0180191], [110.8223073, -0.0172254], [110.8192146, -0.0164581], [110.8160591, -0.0157036], [110.8126639, -0.0147792], [110.8099977, -0.0141722], [110.807034, -0.0134323], [110.8039631, -0.012741], [110.800929, -0.0119499], [110.7978118, -0.0112102], [110.7947964, -0.0104784], [110.7919271, -0.0097515], [110.7898402, -0.0072955], [110.7876884, -0.0047779], [110.7856232, -0.0024239], [110.7832001, 0.0004346], [110.7808826, 0.0031001], [110.7787054, 0.0056351], [110.7764485, 0.008276], [110.7742227, 0.0108797], [110.7721396, 0.0134423], [110.7697427, 0.0160807], [110.767781, 0.0184085], [110.7654729, 0.0210719], [110.7628575, 0.0241539], [110.7612669, 0.0260471], [110.759083, 0.0286303], [110.7571575, 0.0307834], [110.7550289, 0.0334121], [110.7526999, 0.0340895], [110.749854, 0.0350626], [110.7466318, 0.0361771], [110.7442506, 0.036966], [110.7408545, 0.0380834], [110.7374521, 0.0392345], [110.7344297, 0.0402295], [110.731363, 0.0412586], [110.7272006, 0.0426855], [110.723096, 0.0440385], [110.7192552, 0.0452685], [110.7119071, 0.0478285], [110.7078021, 0.0491233], [110.7043561, 0.0502577], [110.7012826, 0.0513277], [110.6982509, 0.0522592], [110.6956649, 0.0535816], [110.6931266, 0.0548426], [110.690551, 0.0561463], [110.6876118, 0.0576892], [110.6848765, 0.0589763], [110.6804383, 0.0612018], [110.6743055, 0.0642975], [110.6707867, 0.0660305], [110.6673911, 0.0677403], [110.6650688, 0.0689146], [110.6610711, 0.0709116], [110.6580067, 0.0724135], [110.6552152, 0.0739474], [110.6518331, 0.0755515], [110.6492774, 0.076804], [110.6464607, 0.0782341], [110.643703, 0.0796106], [110.6404603, 0.0812156], [110.6313904, 0.0858719], [110.6267724, 0.0881835], [110.6235164, 0.0898402], [110.6215854, 0.0906894], [110.6176203, 0.0926842], [110.6151456, 0.0939113], [110.612353, 0.0953569], [110.6092763, 0.0969131], [110.6055518, 0.0987855], [110.6034465, 0.0998336], [110.600801, 0.1011676], [110.5978869, 0.1025836], [110.5949919, 0.1040283], [110.5908411, 0.1057505], [110.5838742, 0.1085605], [110.5801747, 0.1100008], [110.5769815, 0.1112717], [110.5735783, 0.1126281], [110.5630333, 0.1168308], [110.560264, 0.1179474], [110.5503398, 0.1218902], [110.5466523, 0.1228922]]}, "properties": {"id": "TRM-KLM-0146", "system": "Khatulistiwa", "voltage_class": "150 kV", "voltage_kv_max": 150.0, "voltage_kv_all": "150", "length_km": 46.575, "osm_id": "way/1175895906", "osm_voltage": "150000", "source_id": "OSM-overpass", "color": "#1f77b4", "weight": 1.8, "from_id": "GI-KLM-0020", "from_name": "GI SEKADAU", "from_distance_km": 0.007, "to_id": "GI-KLM-0006", "to_name": "GI SANGGAU", "to_distance_km": 0.107, "endpoint_confidence": "both", "circuit_id": "CIRC-KALIMANTAN-0129", "circuit_from_id": "GI-KLM-0020", "circuit_from_name": "GI SEKADAU", "circuit_to_id": "GI-KLM-0006", "circuit_to_name": "GI SANGGAU", "circuit_length_km": 46.575, "circuit_segment_count": 1, "match_tier": "UNMATCHED_BASELINE"}}, {"type": "Feature", "geometry": {"type": "LineString", "coordinates": [[110.5503398, 0.1218902], [110.5466523, 0.1228922], [110.5464846, 0.1234828]]}, "properties": {"id": "TRM-KLM-0147", "system": "Khatulistiwa", "voltage_class": "150 kV", "voltage_kv_max": 150.0, "voltage_kv_all": "150", "length_km": 0.493, "osm_id": "way/1175895907", "osm_voltage": "150000", "source_id": "OSM-overpass", "color": "#1f77b4", "weight": 1.8, "from_id": "GI-KLM-0006", "from_name": "GI SANGGAU", "from_distance_km": 0.503, "to_id": "GI-KLM-0006", "to_name": "GI SANGGAU", "to_distance_km": "", "endpoint_confidence": "both", "circuit_id": "CIRC-KALIMANTAN-0130", "circuit_from_id": "GI-KLM-0006", "circuit_from_name": "GI SANGGAU", "circuit_to_id": "GI-KLM-0006", "circuit_to_name": "GI SANGGAU", "circuit_length_km": 0.493, "circuit_segment_count": 1, "match_tier": "UNMATCHED_BASELINE"}}, {"type": "Feature", "geometry": {"type": "LineString", "coordinates": [[110.5393754, -1.1992438], [110.5391851, -1.1998565]]}, "properties": {"id": "TRM-KLM-0148", "system": "Khatulistiwa", "voltage_class": "150 kV", "voltage_kv_max": 150.0, "voltage_kv_all": "150", "length_km": 0.071, "osm_id": "way/1175895910", "osm_voltage": "150000", "source_id": "OSM-overpass", "color": "#1f77b4", "weight": 1.8, "from_id": "GI-KLM-0021", "from_name": "GI SANDAI", "from_distance_km": 0.003, "to_id": "GI-KLM-0021", "to_name": "GI SANDAI", "to_distance_km": "", "endpoint_confidence": "both", "circuit_id": "CIRC-KALIMANTAN-0131", "circuit_from_id": "GI-KLM-0021", "circuit_from_name": "GI SANDAI", "circuit_to_id": "GI-KLM-0021", "circuit_to_name": "GI SANDAI", "circuit_length_km": 0.071, "circuit_segment_count": 1, "match_tier": "UNMATCHED_BASELINE"}}, {"type": "Feature", "geometry": {"type": "LineString", "coordinates": [[111.4416037, 0.0432023], [111.4417455, 0.0428289], [111.441118, 0.0403896], [111.441205, 0.0389362], [111.4412729, 0.0358928], [111.4413916, 0.0327076], [111.4414522, 0.0294386], [111.441578, 0.0262969], [111.4417127, 0.0231746], [111.4417933, 0.01994], [111.4418799, 0.0168397], [111.4420197, 0.0133961], [111.4403319, 0.0107099], [111.4386715, 0.0082156], [111.4368776, 0.0055034], [111.4348636, 0.0026045], [111.4333331, 0.0003245], [111.4315007, -0.0022763], [111.4296663, -0.0045966], [111.4269894, -0.0065123], [111.4240388, -0.0125019], [111.4208485, -0.0178761], [111.4153966, -0.0255476], [111.4119272, -0.0308272], [111.4080431, -0.0336958], [111.4053602, -0.0339975], [111.3999406, -0.034547], [111.3970961, -0.0346655], [111.3938206, -0.0352797], [111.3908037, -0.0355275], [111.3878838, -0.0358938], [111.3778159, -0.0369932], [111.3745827, -0.0373384], [111.3713381, -0.0371888], [111.368197, -0.0370623], [111.3650558, -0.0369587], [111.3619147, -0.0368091], [111.3587709, -0.0366711], [111.3461807, -0.0361685], [111.3431201, -0.0360764], [111.3399099, -0.0359154], [111.3292579, -0.0353376], [111.3233093, -0.0329328], [111.3204098, -0.0319433], [111.31682, -0.031391], [111.3114579, -0.0277637], [111.3085239, -0.0264866], [111.3056474, -0.025382], [111.3027134, -0.0242314], [111.2998139, -0.0230578], [111.2968684, -0.0219302], [111.2938539, -0.0207221], [111.2910119, -0.0196406], [111.288216, -0.0185015], [111.2852014, -0.0172473], [111.2822761, -0.0160956], [111.2793537, -0.014853], [111.2764568, -0.0136865], [111.2735803, -0.0124783], [111.2707154, -0.0113278], [111.2677699, -0.0100966], [111.2648704, -0.0089], [111.2618502, -0.007672], [111.2561433, -0.0053248], [111.2532208, -0.0041282], [111.2503098, -0.0029086], [111.2472854, -0.0029664], [111.2441426, -0.0030595], [111.2409674, -0.0032037], [111.2377351, -0.0033377], [111.2346148, -0.0034748], [111.2314861, -0.0035751], [111.2283095, -0.0036816], [111.2251602, -0.0038209], [111.2220315, -0.0038746], [111.2188853, -0.0039866], [111.2157605, -0.0040873], [111.2125512, -0.0041608], [111.2094245, -0.0042692], [111.2062544, -0.0043463], [111.2031708, -0.004482], [111.1999788, -0.0045327], [111.1969034, -0.0046329], [111.19339, -0.0047184], [111.1907034, -0.0048268], [111.1877024, -0.0048766], [111.1844072, -0.0049828], [111.1812225, -0.0050606], [111.1780019, -0.0051634], [111.1748348, -0.005189], [111.1718741, -0.0052901], [111.1685592, -0.0053996], [111.1655154, -0.0055302], [111.1621293, -0.0055997], [111.1590022, -0.0057105], [111.1558472, -0.0057614], [111.1529653, -0.0058618], [111.1501038, -0.0059612], [111.1470423, -0.0060195], [111.1441639, -0.0060519], [111.1409429, -0.0061343], [111.1378952, -0.0064359], [111.1347635, -0.0063653], [111.1315854, -0.0064532], [111.1284305, -0.0066009], [111.1253111, -0.0066612], [111.1220974, -0.0066008], [111.1189983, -0.0067895], [111.1158066, -0.0068746], [111.1126898, -0.0069671], [111.1095554, -0.0070427], [111.1063701, -0.0071672], [111.1032992, -0.0072329], [111.1001661, -0.0073149], [111.0970059, -0.0075328], [111.0939362, -0.007469], [111.0908878, -0.0075573], [111.0877735, -0.0076289], [111.0846397, -0.0076962], [111.0814523, -0.0078038], [111.0783532, -0.007967], [111.0752551, -0.0081127], [111.0720729, -0.0081608], [111.068917, -0.0082797], [111.0654053, -0.0083502], [111.0621148, -0.0084424], [111.059005, -0.008492], [111.0558534, -0.0085418], [111.0526799, -0.0085259], [111.0495419, -0.0087224], [111.0464166, -0.0088433], [111.0432419, -0.008916], [111.0401291, -0.0090352], [111.0369673, -0.0091167], [111.0338282, -0.009214], [111.030695, -0.0093178], [111.0276604, -0.0093907], [111.0243971, -0.0094821], [111.0212781, -0.0095318], [111.0181345, -0.0096218], [111.0149803, -0.0097035], [111.011847, -0.0098004], [111.008676, -0.0098651], [111.0055561, -0.0099527], [111.0023937, -0.0100168], [110.9992579, -0.0100562], [110.9961804, -0.0102112], [110.9930017, -0.0103079], [110.9898026, -0.0103338], [110.9863215, -0.010465], [110.9830949, -0.010679], [110.9808267, -0.0106512], [110.9778883, -0.0107775], [110.9749183, -0.0108524], [110.9716385, -0.010986], [110.9677665, -0.011062], [110.9651481, -0.011191], [110.9620183, -0.0112566], [110.9588609, -0.011321], [110.955406, -0.0114097], [110.9527042, -0.0115049], [110.9495203, -0.0116227], [110.9463892, -0.0116851], [110.943283, -0.0116868], [110.9404689, -0.0116239], [110.9367945, -0.0116332], [110.9340659, -0.0117688], [110.9302609, -0.0119663], [110.9274634, -0.0121987], [110.9246104, -0.0090408], [110.9220962, -0.0062652], [110.9199421, -0.0037052], [110.919778, -0.0030976]]}, "properties": {"id": "TRM-KLM-0149", "system": "Khatulistiwa", "voltage_class": "150 kV", "voltage_kv_max": 150.0, "voltage_kv_all": "150", "length_km": 65.404, "osm_id": "way/1175895911", "osm_voltage": "150000", "source_id": "OSM-overpass", "color": "#1f77b4", "weight": 1.8, "from_id": "GI-KLM-0019", "from_name": "GI SINTANG", "from_distance_km": 0.008, "to_id": "GI-KLM-0020", "to_name": "GI SEKADAU", "to_distance_km": 0.055, "endpoint_confidence": "both", "circuit_id": "CIRC-KALIMANTAN-0132", "circuit_from_id": "GI-KLM-0019", "circuit_from_name": "GI SINTANG", "circuit_to_id": "GI-KLM-0020", "circuit_to_name": "GI SEKADAU", "circuit_length_km": 65.404, "circuit_segment_count": 1, "match_tier": "UNMATCHED_BASELINE"}}, {"type": "Feature", "geometry": {"type": "LineString", "coordinates": [[111.2006491, -2.77008], [111.2011459, -2.7703926], [111.2043371, -2.7700062], [111.2074925, -2.7696067], [111.2106271, -2.7692597], [111.2137311, -2.7688704], [111.2154327, -2.7667622], [111.2289801, -2.749102]]}, "properties": {"id": "TRM-KLM-0150", "system": "Khatulistiwa", "voltage_class": "150 kV", "voltage_kv_max": 150.0, "voltage_kv_all": "150", "length_km": 4.248, "osm_id": "way/1175962826", "osm_voltage": "150000", "source_id": "OSM-overpass", "color": "#1f77b4", "weight": 1.8, "from_id": "GI-KLM-0068", "from_name": "GI SUKAMARA", "from_distance_km": 0.04, "to_id": "GI-KLM-0068", "to_name": "GI SUKAMARA", "to_distance_km": "", "endpoint_confidence": "both", "circuit_id": "CIRC-KALIMANTAN-0133", "circuit_from_id": "GI-KLM-0068", "circuit_from_name": "GI SUKAMARA", "circuit_to_id": "GI-KLM-0068", "circuit_to_name": "GI SUKAMARA", "circuit_length_km": 4.248, "circuit_segment_count": 1, "match_tier": "UNMATCHED_BASELINE"}}, {"type": "Feature", "geometry": {"type": "LineString", "coordinates": [[114.209758, -2.8236194], [114.2103696, -2.8241766], [114.2131376, -2.8250982], [114.2159378, -2.8264591], [114.2179119, -2.8283558], [114.2199538, -2.8303087]]}, "properties": {"id": "TRM-KLM-0151", "system": "Kalselteng", "voltage_class": "150 kV", "voltage_kv_max": 150.0, "voltage_kv_all": "150", "length_km": 1.38, "osm_id": "way/1178166874", "osm_voltage": "150000", "source_id": "OSM-overpass", "color": "#1f77b4", "weight": 1.8, "from_id": "", "from_name": "", "from_distance_km": "", "to_id": "", "to_name": "", "to_distance_km": "", "endpoint_confidence": "none", "circuit_id": "", "circuit_from_id": "", "circuit_from_name": "", "circuit_to_id": "", "circuit_to_name": "", "circuit_length_km": "", "circuit_segment_count": "", "match_tier": "BASELINE_UNRESOLVED"}}, {"type": "Feature", "geometry": {"type": "LineString", "coordinates": [[113.9302799, -2.2755643], [113.9305803, -2.2757412], [113.9305639, -2.2762239]]}, "properties": {"id": "TRM-KLM-0152", "system": "Kalselteng", "voltage_class": "150 kV", "voltage_kv_max": 150.0, "voltage_kv_all": "150", "length_km": 0.092, "osm_id": "way/1178166876", "osm_voltage": "150000", "source_id": "OSM-overpass", "color": "#1f77b4", "weight": 1.8, "from_id": "", "from_name": "", "from_distance_km": "", "to_id": "", "to_name": "", "to_distance_km": "", "endpoint_confidence": "none", "circuit_id": "", "circuit_from_id": "", "circuit_from_name": "", "circuit_to_id": "", "circuit_to_name": "", "circuit_length_km": "", "circuit_segment_count": "", "match_tier": "BASELINE_UNRESOLVED"}}, {"type": "Feature", "geometry": {"type": "LineString", "coordinates": [[116.890893, -1.2257363], [116.890852, -1.2259772], [116.8913094, -1.2267032], [116.8900788, -1.2295053]]}, "properties": {"id": "TRM-KLM-0153", "system": "Mahakam", "voltage_class": "150 kV", "voltage_kv_max": 150.0, "voltage_kv_all": "150", "length_km": 0.463, "osm_id": "way/1184644803", "osm_voltage": "150000", "source_id": "OSM-overpass", "color": "#1f77b4", "weight": 1.8, "from_id": "GI-KLM-0074", "from_name": "GI New Balikpapan", "from_distance_km": 0.038, "to_id": "GI-KLM-0074", "to_name": "GI New Balikpapan", "to_distance_km": "", "endpoint_confidence": "both", "circuit_id": "CIRC-KALIMANTAN-0134", "circuit_from_id": "GI-KLM-0074", "circuit_from_name": "GI New Balikpapan", "circuit_to_id": "GI-KLM-0074", "circuit_to_name": "GI New Balikpapan", "circuit_length_km": 0.463, "circuit_segment_count": 1, "match_tier": "CONFIRMED_MATCH", "match_reason": "pair match (GI New Balikpapan — GI New Balikpapan), voltage=150 matches", "ruptl_id": "RUPTL-KALIMANTAN-T-0089", "voltage_kv_ruptl": "150", "length_km_ruptl": "20.0", "target_cod_year_ruptl": "2030", "action_type_ruptl": "New"}}, {"type": "Feature", "geometry": {"type": "LineString", "coordinates": [[116.7930469, -1.1659643], [116.7933324, -1.1658767], [116.7922205, -1.1661834]]}, "properties": {"id": "TRM-KLM-0154", "system": "Mahakam", "voltage_class": "150 kV", "voltage_kv_max": 150.0, "voltage_kv_all": "150", "length_km": 0.161, "osm_id": "way/1184644805", "osm_voltage": "150000", "source_id": "OSM-overpass", "color": "#1f77b4", "weight": 1.8, "from_id": "GI-KLM-0073", "from_name": "GI Kariangau", "from_distance_km": 0.092, "to_id": "GI-KLM-0073", "to_name": "GI Kariangau", "to_distance_km": "", "endpoint_confidence": "both", "circuit_id": "CIRC-KALIMANTAN-0135", "circuit_from_id": "GI-KLM-0073", "circuit_from_name": "GI Kariangau", "circuit_to_id": "GI-KLM-0073", "circuit_to_name": "GI Kariangau", "circuit_length_km": 0.161, "circuit_segment_count": 1, "match_tier": "UNMATCHED_BASELINE"}}, {"type": "Feature", "geometry": {"type": "LineString", "coordinates": [[116.7922205, -1.1661834], [116.7928162, -1.1692804], [116.7956134, -1.1705429], [116.7973464, -1.171669], [116.7997129, -1.173518], [116.8019566, -1.1753089], [116.8043969, -1.1763347], [116.8063404, -1.174327], [116.8084047, -1.1740912], [116.8112675, -1.1749123], [116.8142949, -1.1740845], [116.8162672, -1.1734514], [116.8188471, -1.1726117], [116.8210864, -1.171929], [116.8234868, -1.1712712], [116.8261233, -1.170366], [116.8291336, -1.1703557], [116.8323478, -1.1703447], [116.835854, -1.1713087], [116.8390166, -1.1721559], [116.8419932, -1.1719717], [116.8446299, -1.1724218], [116.8473392, -1.1727958], [116.851179, -1.1734158], [116.853381, -1.1734646], [116.8544509, -1.1762199], [116.8551601, -1.1794134], [116.8576727, -1.1814219], [116.8598473, -1.1824496], [116.8623977, -1.1852327], [116.865566, -1.1863063], [116.8682489, -1.1863287], [116.8713167, -1.186581], [116.8739823, -1.1892917], [116.8725715, -1.192232], [116.8734107, -1.1949042], [116.8737932, -1.1969837], [116.8743084, -1.1998176], [116.8769269, -1.2008223], [116.8794265, -1.2010959], [116.8823928, -1.2012034], [116.8844087, -1.2040055], [116.8864827, -1.2043447], [116.8894398, -1.2065767], [116.891495, -1.2082125], [116.8920906, -1.211008], [116.8924028, -1.2139781], [116.8919081, -1.2164565], [116.8928764, -1.2191425], [116.8914114, -1.2221196], [116.8913107, -1.2248814], [116.8912894, -1.225259]]}, "properties": {"id": "TRM-KLM-0155", "system": "Mahakam", "voltage_class": "150 kV", "voltage_kv_max": 150.0, "voltage_kv_all": "150", "length_km": 16.151, "osm_id": "way/1184644806", "osm_voltage": "150000", "source_id": "OSM-overpass", "color": "#1f77b4", "weight": 1.8, "from_id": "GI-KLM-0073", "from_name": "GI Kariangau", "from_distance_km": 0.102, "to_id": "GI-KLM-0074", "to_name": "GI New Balikpapan", "to_distance_km": 0.087, "endpoint_confidence": "both", "circuit_id": "CIRC-KALIMANTAN-0136", "circuit_from_id": "GI-KLM-0073", "circuit_from_name": "GI Kariangau", "circuit_to_id": "GI-KLM-0074", "circuit_to_name": "GI New Balikpapan", "circuit_length_km": 16.151, "circuit_segment_count": 1, "match_tier": "UNMATCHED_BASELINE"}}, {"type": "Feature", "geometry": {"type": "LineString", "coordinates": [[113.8079001, -1.1151018], [113.8078083, -1.114708], [113.8093919, -1.1123468], [113.8105521, -1.1091201], [113.8115828, -1.1063753], [113.8134661, -1.1055794], [113.8160758, -1.1044741], [113.8191929, -1.1031514], [113.8224187, -1.1017924], [113.8248746, -1.1007113], [113.8265238, -1.1000047], [113.8291153, -1.098845], [113.8321418, -1.0975223], [113.8348979, -1.0962914], [113.8371187, -1.0953582], [113.8403588, -1.0940388], [113.8431423, -1.0929562], [113.8451539, -1.0920865], [113.8495749, -1.0903648], [113.8534534, -1.0888148], [113.8552988, -1.0880961], [113.8584423, -1.0868249], [113.8618165, -1.085527], [113.8646677, -1.084306], [113.8682197, -1.0829652], [113.8712099, -1.0818599], [113.8731672, -1.0810808], [113.8764836, -1.0797218], [113.8796188, -1.0784172], [113.8824816, -1.0771807], [113.8853088, -1.0758761], [113.8897126, -1.0739554], [113.8942795, -1.0719079], [113.8966535, -1.0708751], [113.898937, -1.0698242], [113.9009305, -1.0689363], [113.9046456, -1.0674143], [113.9068566, -1.0663634], [113.9099737, -1.0650406], [113.9125109, -1.0640078], [113.9149574, -1.0629388], [113.9175127, -1.0618335], [113.9202674, -1.0607101], [113.9235657, -1.0593511], [113.9267553, -1.0580102], [113.9293287, -1.056905], [113.9301442, -1.0538246], [113.9307241, -1.051614], [113.931739, -1.048425]]}, "properties": {"id": "TRM-KLM-0156", "system": "Kalselteng", "voltage_class": "150 kV", "voltage_kv_max": 150.0, "voltage_kv_all": "150", "length_km": 16.251, "osm_id": "way/1186199863", "osm_voltage": "150000", "source_id": "OSM-overpass", "color": "#1f77b4", "weight": 1.8, "from_id": "GI-KLM-0061", "from_name": "GI KUALA KURUN", "from_distance_km": 0.031, "to_id": "GI-KLM-0061", "to_name": "GI KUALA KURUN", "to_distance_km": "", "endpoint_confidence": "both", "circuit_id": "CIRC-KALIMANTAN-0137", "circuit_from_id": "GI-KLM-0061", "circuit_from_name": "GI KUALA KURUN", "circuit_to_id": "GI-KLM-0061", "circuit_to_name": "GI KUALA KURUN", "circuit_length_km": 16.251, "circuit_segment_count": 1, "match_tier": "UNMATCHED_BASELINE"}}, {"type": "Feature", "geometry": {"type": "LineString", "coordinates": [[117.368223, 2.8106054], [117.367845, 2.811114]]}, "properties": {"id": "TRM-KLM-0157", "system": "Mahakam", "voltage_class": "150 kV", "voltage_kv_max": 150.0, "voltage_kv_all": "150", "length_km": 0.07, "osm_id": "way/1190179467", "osm_voltage": "150000", "source_id": "OSM-overpass", "color": "#1f77b4", "weight": 1.8, "from_id": "GI-KLM-0098", "from_name": "Bulungan/Tj. Selor", "from_distance_km": 0.032, "to_id": "GI-KLM-0098", "to_name": "Bulungan/Tj. Selor", "to_distance_km": "", "endpoint_confidence": "both", "circuit_id": "CIRC-KALIMANTAN-0138", "circuit_from_id": "GI-KLM-0098", "circuit_from_name": "Bulungan/Tj. Selor", "circuit_to_id": "GI-KLM-0098", "circuit_to_name": "Bulungan/Tj. Selor", "circuit_length_km": 0.07, "circuit_segment_count": 1, "match_tier": "UNMATCHED_BASELINE"}}, {"type": "Feature", "geometry": {"type": "LineString", "coordinates": [[115.8695007, -1.8291027], [115.8692993, -1.8297451]]}, "properties": {"id": "TRM-KLM-0158", "system": "Kalselteng", "voltage_class": "150 kV", "voltage_kv_max": 150.0, "voltage_kv_all": "150", "length_km": 0.075, "osm_id": "way/1193130882", "osm_voltage": "150000", "source_id": "OSM-overpass", "color": "#1f77b4", "weight": 1.8, "from_id": "GI-KLM-0092", "from_name": "GI Muara Komam", "from_distance_km": 0.033, "to_id": "GI-KLM-0092", "to_name": "GI Muara Komam", "to_distance_km": "", "endpoint_confidence": "both", "circuit_id": "CIRC-KALIMANTAN-0139", "circuit_from_id": "GI-KLM-0092", "circuit_from_name": "GI Muara Komam", "circuit_to_id": "GI-KLM-0092", "circuit_to_name": "GI Muara Komam", "circuit_length_km": 0.075, "circuit_segment_count": 1, "match_tier": "UNMATCHED_BASELINE"}}, {"type": "Feature", "geometry": {"type": "LineString", "coordinates": [[115.869256, -1.8290094], [115.8695007, -1.8291027]]}, "properties": {"id": "TRM-KLM-0159", "system": "Kalselteng", "voltage_class": "150 kV", "voltage_kv_max": 150.0, "voltage_kv_all": "150", "length_km": 0.029, "osm_id": "way/1193130883", "osm_voltage": "150000", "source_id": "OSM-overpass", "color": "#1f77b4", "weight": 1.8, "from_id": "GI-KLM-0092", "from_name": "GI Muara Komam", "from_distance_km": 0.014, "to_id": "GI-KLM-0092", "to_name": "GI Muara Komam", "to_distance_km": "", "endpoint_confidence": "both", "circuit_id": "CIRC-KALIMANTAN-0140", "circuit_from_id": "GI-KLM-0092", "circuit_from_name": "GI Muara Komam", "circuit_to_id": "GI-KLM-0092", "circuit_to_name": "GI Muara Komam", "circuit_length_km": 0.029, "circuit_segment_count": 1, "match_tier": "UNMATCHED_BASELINE"}}, {"type": "Feature", "geometry": {"type": "LineString", "coordinates": [[115.8692257, -1.8291472], [115.8695007, -1.8291027]]}, "properties": {"id": "TRM-KLM-0160", "system": "Kalselteng", "voltage_class": "150 kV", "voltage_kv_max": 150.0, "voltage_kv_all": "150", "length_km": 0.031, "osm_id": "way/1193130884", "osm_voltage": "150000", "source_id": "OSM-overpass", "color": "#1f77b4", "weight": 1.8, "from_id": "GI-KLM-0092", "from_name": "GI Muara Komam", "from_distance_km": 0.03, "to_id": "GI-KLM-0092", "to_name": "GI Muara Komam", "to_distance_km": "", "endpoint_confidence": "both", "circuit_id": "CIRC-KALIMANTAN-0141", "circuit_from_id": "GI-KLM-0092", "circuit_from_name": "GI Muara Komam", "circuit_to_id": "GI-KLM-0092", "circuit_to_name": "GI Muara Komam", "circuit_length_km": 0.031, "circuit_segment_count": 1, "match_tier": "UNMATCHED_BASELINE"}}, {"type": "Feature", "geometry": {"type": "LineString", "coordinates": [[115.453292, -2.3566094], [115.4529549, -2.3564298]]}, "properties": {"id": "TRM-KLM-0161", "system": "Kalselteng", "voltage_class": "150 kV", "voltage_kv_max": 150.0, "voltage_kv_all": "150", "length_km": 0.042, "osm_id": "way/1193130886", "osm_voltage": "150000", "source_id": "OSM-overpass", "color": "#1f77b4", "weight": 1.8, "from_id": "GI-KLM-0043", "from_name": "GI PARINGIN", "from_distance_km": 0.059, "to_id": "GI-KLM-0043", "to_name": "GI PARINGIN", "to_distance_km": "", "endpoint_confidence": "both", "circuit_id": "CIRC-KALIMANTAN-0142", "circuit_from_id": "GI-KLM-0043", "circuit_from_name": "GI PARINGIN", "circuit_to_id": "GI-KLM-0043", "circuit_to_name": "GI PARINGIN", "circuit_length_km": 0.042, "circuit_segment_count": 1, "match_tier": "UNMATCHED_BASELINE"}}, {"type": "Feature", "geometry": {"type": "LineString", "coordinates": [[115.4529549, -2.3564298], [115.4511496, -2.3550666], [115.4488403, -2.3545137]]}, "properties": {"id": "TRM-KLM-0162", "system": "Kalselteng", "voltage_class": "150 kV", "voltage_kv_max": 150.0, "voltage_kv_all": "150", "length_km": 0.515, "osm_id": "way/1193130887", "osm_voltage": "150000", "source_id": "OSM-overpass", "color": "#1f77b4", "weight": 1.8, "from_id": "GI-KLM-0043", "from_name": "GI PARINGIN", "from_distance_km": 0.07, "to_id": "GI-KLM-0043", "to_name": "GI PARINGIN", "to_distance_km": "", "endpoint_confidence": "both", "circuit_id": "CIRC-KALIMANTAN-0143", "circuit_from_id": "GI-KLM-0043", "circuit_from_name": "GI PARINGIN", "circuit_to_id": "GI-KLM-0043", "circuit_to_name": "GI PARINGIN", "circuit_length_km": 0.515, "circuit_segment_count": 1, "match_tier": "UNMATCHED_BASELINE"}}, {"type": "Feature", "geometry": {"type": "LineString", "coordinates": [[115.4529549, -2.3564298], [115.4533209, -2.3564951]]}, "properties": {"id": "TRM-KLM-0163", "system": "Kalselteng", "voltage_class": "150 kV", "voltage_kv_max": 150.0, "voltage_kv_all": "150", "length_km": 0.041, "osm_id": "way/1193130888", "osm_voltage": "150000", "source_id": "OSM-overpass", "color": "#1f77b4", "weight": 1.8, "from_id": "GI-KLM-0043", "from_name": "GI PARINGIN", "from_distance_km": 0.07, "to_id": "GI-KLM-0043", "to_name": "GI PARINGIN", "to_distance_km": "", "endpoint_confidence": "both", "circuit_id": "CIRC-KALIMANTAN-0144", "circuit_from_id": "GI-KLM-0043", "circuit_from_name": "GI PARINGIN", "circuit_to_id": "GI-KLM-0043", "circuit_to_name": "GI PARINGIN", "circuit_length_km": 0.041, "circuit_segment_count": 1, "match_tier": "UNMATCHED_BASELINE"}}, {"type": "Feature", "geometry": {"type": "LineString", "coordinates": [[115.3277805, -2.6846647], [115.3266232, -2.6854979]]}, "properties": {"id": "TRM-KLM-0164", "system": "Kalselteng", "voltage_class": "150 kV", "voltage_kv_max": 150.0, "voltage_kv_all": "150", "length_km": 0.158, "osm_id": "way/1193130890", "osm_voltage": "150000", "source_id": "OSM-overpass", "color": "#1f77b4", "weight": 1.8, "from_id": "GI-KLM-0039", "from_name": "GI BARIKIN", "from_distance_km": 0.087, "to_id": "GI-KLM-0039", "to_name": "GI BARIKIN", "to_distance_km": "", "endpoint_confidence": "both", "circuit_id": "CIRC-KALIMANTAN-0145", "circuit_from_id": "GI-KLM-0039", "circuit_from_name": "GI BARIKIN", "circuit_to_id": "GI-KLM-0039", "circuit_to_name": "GI BARIKIN", "circuit_length_km": 0.158, "circuit_segment_count": 1, "match_tier": "UNMATCHED_BASELINE"}}, {"type": "Feature", "geometry": {"type": "LineString", "coordinates": [[115.3282052, -2.6844247], [115.3284726, -2.6840954]]}, "properties": {"id": "TRM-KLM-0165", "system": "Kalselteng", "voltage_class": "150 kV", "voltage_kv_max": 150.0, "voltage_kv_all": "150", "length_km": 0.047, "osm_id": "way/1193130891", "osm_voltage": "150000", "source_id": "OSM-overpass", "color": "#1f77b4", "weight": 1.8, "from_id": "GI-KLM-0039", "from_name": "GI BARIKIN", "from_distance_km": 0.07, "to_id": "GI-KLM-0039", "to_name": "GI BARIKIN", "to_distance_km": "", "endpoint_confidence": "both", "circuit_id": "CIRC-KALIMANTAN-0146", "circuit_from_id": "GI-KLM-0039", "circuit_from_name": "GI BARIKIN", "circuit_to_id": "GI-KLM-0039", "circuit_to_name": "GI BARIKIN", "circuit_length_km": 0.047, "circuit_segment_count": 1, "match_tier": "UNMATCHED_BASELINE"}}, {"type": "Feature", "geometry": {"type": "LineString", "coordinates": [[115.3274004, -2.6833894], [115.3274432, -2.6839715]]}, "properties": {"id": "TRM-KLM-0166", "system": "Kalselteng", "voltage_class": "150 kV", "voltage_kv_max": 150.0, "voltage_kv_all": "150", "length_km": 0.065, "osm_id": "way/1193130892", "osm_voltage": "150000", "source_id": "OSM-overpass", "color": "#1f77b4", "weight": 1.8, "from_id": "GI-KLM-0039", "from_name": "GI BARIKIN", "from_distance_km": 0.076, "to_id": "GI-KLM-0039", "to_name": "GI BARIKIN", "to_distance_km": "", "endpoint_confidence": "both", "circuit_id": "CIRC-KALIMANTAN-0147", "circuit_from_id": "GI-KLM-0039", "circuit_from_name": "GI BARIKIN", "circuit_to_id": "GI-KLM-0039", "circuit_to_name": "GI BARIKIN", "circuit_length_km": 0.065, "circuit_segment_count": 1, "match_tier": "UNMATCHED_BASELINE"}}, {"type": "Feature", "geometry": {"type": "LineString", "coordinates": [[115.3267826, -2.6843999], [115.3272443, -2.6841942]]}, "properties": {"id": "TRM-KLM-0167", "system": "Kalselteng", "voltage_class": "150 kV", "voltage_kv_max": 150.0, "voltage_kv_all": "150", "length_km": 0.056, "osm_id": "way/1193130893", "osm_voltage": "150000", "source_id": "OSM-overpass", "color": "#1f77b4", "weight": 1.8, "from_id": "GI-KLM-0039", "from_name": "GI BARIKIN", "from_distance_km": 0.133, "to_id": "GI-KLM-0039", "to_name": "GI BARIKIN", "to_distance_km": "", "endpoint_confidence": "both", "circuit_id": "CIRC-KALIMANTAN-0148", "circuit_from_id": "GI-KLM-0039", "circuit_from_name": "GI BARIKIN", "circuit_to_id": "GI-KLM-0039", "circuit_to_name": "GI BARIKIN", "circuit_length_km": 0.056, "circuit_segment_count": 1, "match_tier": "UNMATCHED_BASELINE"}}, {"type": "Feature", "geometry": {"type": "LineString", "coordinates": [[115.3273713, -2.6842517], [115.3267826, -2.6843999]]}, "properties": {"id": "TRM-KLM-0168", "system": "Kalselteng", "voltage_class": "150 kV", "voltage_kv_max": 150.0, "voltage_kv_all": "150", "length_km": 0.067, "osm_id": "way/1193130894", "osm_voltage": "150000", "source_id": "OSM-overpass", "color": "#1f77b4", "weight": 1.8, "from_id": "GI-KLM-0039", "from_name": "GI BARIKIN", "from_distance_km": 0.068, "to_id": "GI-KLM-0039", "to_name": "GI BARIKIN", "to_distance_km": "", "endpoint_confidence": "both", "circuit_id": "CIRC-KALIMANTAN-0149", "circuit_from_id": "GI-KLM-0039", "circuit_from_name": "GI BARIKIN", "circuit_to_id": "GI-KLM-0039", "circuit_to_name": "GI BARIKIN", "circuit_length_km": 0.067, "circuit_segment_count": 1, "match_tier": "UNMATCHED_BASELINE"}}, {"type": "Feature", "geometry": {"type": "LineString", "coordinates": [[117.8478268, 0.9174604], [117.8478578, 0.9177709]]}, "properties": {"id": "TRM-KLM-0169", "system": "Mahakam", "voltage_class": "150 kV", "voltage_kv_max": 150.0, "voltage_kv_all": "150", "length_km": 0.035, "osm_id": "way/1193140423", "osm_voltage": "150000", "source_id": "OSM-overpass", "color": "#1f77b4", "weight": 1.8, "from_id": "GI-KLM-0096", "from_name": "GI Maloy", "from_distance_km": 0.067, "to_id": "GI-KLM-0096", "to_name": "GI Maloy", "to_distance_km": "", "endpoint_confidence": "both", "circuit_id": "CIRC-KALIMANTAN-0150", "circuit_from_id": "GI-KLM-0096", "circuit_from_name": "GI Maloy", "circuit_to_id": "GI-KLM-0096", "circuit_to_name": "GI Maloy", "circuit_length_km": 0.035, "circuit_segment_count": 1, "match_tier": "UNMATCHED_BASELINE"}}, {"type": "Feature", "geometry": {"type": "LineString", "coordinates": [[117.8480359, 0.9177429], [117.8478268, 0.9174604]]}, "properties": {"id": "TRM-KLM-0170", "system": "Mahakam", "voltage_class": "150 kV", "voltage_kv_max": 150.0, "voltage_kv_all": "150", "length_km": 0.039, "osm_id": "way/1193140424", "osm_voltage": "150000", "source_id": "OSM-overpass", "color": "#1f77b4", "weight": 1.8, "from_id": "GI-KLM-0096", "from_name": "GI Maloy", "from_distance_km": 0.035, "to_id": "GI-KLM-0096", "to_name": "GI Maloy", "to_distance_km": "", "endpoint_confidence": "both", "circuit_id": "CIRC-KALIMANTAN-0151", "circuit_from_id": "GI-KLM-0096", "circuit_from_name": "GI Maloy", "circuit_to_id": "GI-KLM-0096", "circuit_to_name": "GI Maloy", "circuit_length_km": 0.039, "circuit_segment_count": 1, "match_tier": "UNMATCHED_BASELINE"}}, {"type": "Feature", "geometry": {"type": "LineString", "coordinates": [[117.8478268, 0.9174604], [117.8465381, 0.9148403], [117.8453165, 0.9123216], [117.8440306, 0.9096452], [117.842616, 0.9067177], [117.8412431, 0.9039254], [117.840645, 0.9027206], [117.8399787, 0.9013783], [117.8385916, 0.8986366], [117.8381902, 0.8978438], [117.8381593, 0.8977844], [117.8369008, 0.8950563], [117.8351819, 0.8912291], [117.8352307, 0.8887358], [117.8365252, 0.8765901], [117.8366585, 0.874167], [117.8375161, 0.8714478], [117.8385518, 0.8679872], [117.8394109, 0.8651764], [117.8401879, 0.8625349], [117.841081, 0.8597167], [117.8407675, 0.8569447], [117.8404927, 0.8531965], [117.8401299, 0.8502124], [117.8396573, 0.8462548], [117.8399899, 0.8438898], [117.8402381, 0.8410998], [117.8405426, 0.8381709], [117.8411882, 0.8318248], [117.8416028, 0.8285531], [117.8418792, 0.825223], [117.8422521, 0.8218761], [117.8426244, 0.8187795], [117.8420428, 0.8155385], [117.8416861, 0.812219], [117.8395947, 0.8090652], [117.8364338, 0.8082405], [117.8332049, 0.8073545], [117.8299494, 0.8064621], [117.8270121, 0.8057142], [117.8242893, 0.8049674], [117.8210153, 0.8030707], [117.8181014, 0.8015757], [117.8158279, 0.8003435], [117.8124081, 0.7983797], [117.8099013, 0.7967328]]}, "properties": {"id": "TRM-KLM-0171", "system": "Mahakam", "voltage_class": "150 kV", "voltage_kv_max": 150.0, "voltage_kv_all": "150", "length_km": 16.167, "osm_id": "way/1193140425", "osm_voltage": "150000", "source_id": "OSM-overpass", "color": "#1f77b4", "weight": 1.8, "from_id": "GI-KLM-0096", "from_name": "GI Maloy", "from_distance_km": 0.067, "to_id": "GI-KLM-0096", "to_name": "GI Maloy", "to_distance_km": "", "endpoint_confidence": "both", "circuit_id": "CIRC-KALIMANTAN-0152", "circuit_from_id": "GI-KLM-0096", "circuit_from_name": "GI Maloy", "circuit_to_id": "GI-KLM-0096", "circuit_to_name": "GI Maloy", "circuit_length_km": 16.167, "circuit_segment_count": 1, "match_tier": "UNMATCHED_BASELINE"}}, {"type": "Feature", "geometry": {"type": "LineString", "coordinates": [[113.8077968, -1.1152189], [113.8068918, -1.1148767], [113.8045814, -1.1160498], [113.8008718, -1.1177218], [113.7982854, -1.1189588], [113.795505, -1.1201416], [113.7927124, -1.1214686], [113.7897101, -1.1228857], [113.7845967, -1.1274137], [113.7820591, -1.1297143], [113.7790721, -1.1323817], [113.7764315, -1.1347895], [113.7569956, -1.1522374], [113.7551011, -1.1526363], [113.7527, -1.1529676], [113.751223, -1.1532714], [113.746726, -1.153988], [113.7435884, -1.1545834], [113.7407292, -1.1551188], [113.7375736, -1.155623], [113.7343453, -1.1561979], [113.7310769, -1.1568262], [113.728437, -1.1572885], [113.7264898, -1.1576684], [113.7240388, -1.158112], [113.71542, -1.1596534], [113.712214, -1.1601528], [113.7096192, -1.1606864], [113.7067839, -1.1611127], [113.7044114, -1.1628183], [113.701866, -1.1648989], [113.6984423, -1.1678323], [113.6960638, -1.1697031], [113.6936827, -1.1717108], [113.6912878, -1.1737474], [113.6885365, -1.1760218], [113.6865662, -1.1776706], [113.6841308, -1.1797189], [113.6811242, -1.1808219], [113.6783526, -1.1818632], [113.6754659, -1.1829895], [113.6733911, -1.1837636], [113.670855, -1.1846773], [113.6673705, -1.1860252], [113.6645365, -1.1870205], [113.6618037, -1.1881214], [113.6593683, -1.1890221], [113.6568499, -1.1899566], [113.6546167, -1.1908244], [113.6518714, -1.1918958], [113.6481881, -1.1932067], [113.6454588, -1.1942626], [113.6429085, -1.1965829], [113.6405173, -1.1987774], [113.63794, -1.2012669], [113.6355176, -1.2035209], [113.6337564, -1.2050936], [113.6314461, -1.2072726], [113.6291704, -1.2094376], [113.6248777, -1.2133725], [113.6226488, -1.2154416], [113.6201416, -1.2177254], [113.6172913, -1.2204907], [113.6148095, -1.222741], [113.6128609, -1.2246845], [113.610409, -1.2269322], [113.6076946, -1.2295392], [113.6054186, -1.2316022], [113.6029382, -1.2339715], [113.6008066, -1.2358422], [113.5986664, -1.2379263], [113.5961594, -1.2403527], [113.5942555, -1.2420128], [113.5923768, -1.2437392], [113.5856171, -1.2501346], [113.5831064, -1.252561], [113.5809359, -1.2544701], [113.5784721, -1.2567499], [113.5763827, -1.2587832], [113.5736328, -1.2613346], [113.5669234, -1.2675196], [113.5604306, -1.2737203], [113.5582979, -1.275682], [113.5565222, -1.2774251], [113.554677, -1.2791423], [113.5529151, -1.2808534], [113.5509141, -1.2826415], [113.5508359, -1.2862281], [113.5507594, -1.2893979], [113.5506264, -1.2935419], [113.5504853, -1.2954363], [113.5504646, -1.2985672], [113.5503396, -1.30026], [113.5498981, -1.3152229], [113.5497156, -1.3213337], [113.5496121, -1.3251026], [113.549609, -1.3275907], [113.5494848, -1.3308433], [113.5493081, -1.3342167], [113.5489736, -1.3466876], [113.5495085, -1.350086], [113.5512559, -1.3629172], [113.5521088, -1.3662854], [113.5528001, -1.3695857], [113.5527049, -1.3726884], [113.5540116, -1.3821584], [113.5544622, -1.3852689], [113.5549128, -1.3886475], [113.5553205, -1.3913182], [113.555503, -1.393088], [113.555868, -1.395394], [113.556211, -1.397732], [113.560588, -1.39874], [113.563185, -1.399373], [113.5662, -1.400017], [113.568399, -1.400467], [113.5746668, -1.4018944], [113.5777912, -1.4026073], [113.5812064, -1.4033764], [113.5846347, -1.4041365], [113.5876928, -1.4048146], [113.588081, -1.407453], [113.5885971, -1.4112987], [113.5890637, -1.4144496], [113.5894765, -1.417573]]}, "properties": {"id": "TRM-KLM-0172", "system": "Kalselteng", "voltage_class": "150 kV", "voltage_kv_max": 150.0, "voltage_kv_all": "150", "length_km": 52.903, "osm_id": "way/1193145912", "osm_voltage": "150000", "source_id": "OSM-overpass", "color": "#1f77b4", "weight": 1.8, "from_id": "GI-KLM-0061", "from_name": "GI KUALA KURUN", "from_distance_km": 0.047, "to_id": "GI-KLM-0061", "to_name": "GI KUALA KURUN", "to_distance_km": "", "endpoint_confidence": "both", "circuit_id": "CIRC-KALIMANTAN-0153", "circuit_from_id": "GI-KLM-0061", "circuit_from_name": "GI KUALA KURUN", "circuit_to_id": "GI-KLM-0061", "circuit_to_name": "GI KUALA KURUN", "circuit_length_km": 52.903, "circuit_segment_count": 1, "match_tier": "UNMATCHED_BASELINE"}}, {"type": "Feature", "geometry": {"type": "LineString", "coordinates": [[113.5660842, -1.3712477], [113.5616291, -1.3720387], [113.5528001, -1.3695857]]}, "properties": {"id": "TRM-KLM-0173", "system": "Kalselteng", "voltage_class": "150 kV", "voltage_kv_max": 150.0, "voltage_kv_all": "150", "length_km": 1.522, "osm_id": "way/1193145913", "osm_voltage": "150000", "source_id": "OSM-overpass", "color": "#1f77b4", "weight": 1.8, "from_id": "", "from_name": "", "from_distance_km": "", "to_id": "", "to_name": "", "to_distance_km": "", "endpoint_confidence": "none", "circuit_id": "", "circuit_from_id": "", "circuit_from_name": "", "circuit_to_id": "", "circuit_to_name": "", "circuit_length_km": "", "circuit_segment_count": "", "match_tier": "BASELINE_UNRESOLVED"}}, {"type": "Feature", "geometry": {"type": "LineString", "coordinates": [[113.5673046, -1.3712396], [113.5660842, -1.3712477]]}, "properties": {"id": "TRM-KLM-0174", "system": "Kalselteng", "voltage_class": "150 kV", "voltage_kv_max": 150.0, "voltage_kv_all": "150", "length_km": 0.136, "osm_id": "way/1193145914", "osm_voltage": "150000", "source_id": "OSM-overpass", "color": "#1f77b4", "weight": 1.8, "from_id": "", "from_name": "", "from_distance_km": "", "to_id": "", "to_name": "", "to_distance_km": "", "endpoint_confidence": "none", "circuit_id": "", "circuit_from_id": "", "circuit_from_name": "", "circuit_to_id": "", "circuit_to_name": "", "circuit_length_km": "", "circuit_segment_count": "", "match_tier": "BASELINE_UNRESOLVED"}}, {"type": "Feature", "geometry": {"type": "LineString", "coordinates": [[113.5668272, -1.3715346], [113.5660842, -1.3712477]]}, "properties": {"id": "TRM-KLM-0175", "system": "Kalselteng", "voltage_class": "150 kV", "voltage_kv_max": 150.0, "voltage_kv_all": "150", "length_km": 0.089, "osm_id": "way/1193145915", "osm_voltage": "150000", "source_id": "OSM-overpass", "color": "#1f77b4", "weight": 1.8, "from_id": "", "from_name": "", "from_distance_km": "", "to_id": "", "to_name": "", "to_distance_km": "", "endpoint_confidence": "none", "circuit_id": "", "circuit_from_id": "", "circuit_from_name": "", "circuit_to_id": "", "circuit_to_name": "", "circuit_length_km": "", "circuit_segment_count": "", "match_tier": "BASELINE_UNRESOLVED"}}, {"type": "Feature", "geometry": {"type": "LineString", "coordinates": [[113.5673046, -1.3712396], [113.5674596, -1.3720233]]}, "properties": {"id": "TRM-KLM-0176", "system": "Kalselteng", "voltage_class": "150 kV", "voltage_kv_max": 150.0, "voltage_kv_all": "150", "length_km": 0.089, "osm_id": "way/1193145916", "osm_voltage": "150000", "source_id": "OSM-overpass", "color": "#1f77b4", "weight": 1.8, "from_id": "", "from_name": "", "from_distance_km": "", "to_id": "", "to_name": "", "to_distance_km": "", "endpoint_confidence": "none", "circuit_id": "", "circuit_from_id": "", "circuit_from_name": "", "circuit_to_id": "", "circuit_to_name": "", "circuit_length_km": "", "circuit_segment_count": "", "match_tier": "BASELINE_UNRESOLVED"}}, {"type": "Feature", "geometry": {"type": "LineString", "coordinates": [[113.5668272, -1.3715346], [113.5669561, -1.372038]]}, "properties": {"id": "TRM-KLM-0177", "system": "Kalselteng", "voltage_class": "150 kV", "voltage_kv_max": 150.0, "voltage_kv_all": "150", "length_km": 0.058, "osm_id": "way/1193145917", "osm_voltage": "150000", "source_id": "OSM-overpass", "color": "#1f77b4", "weight": 1.8, "from_id": "", "from_name": "", "from_distance_km": "", "to_id": "", "to_name": "", "to_distance_km": "", "endpoint_confidence": "none", "circuit_id": "", "circuit_from_id": "", "circuit_from_name": "", "circuit_to_id": "", "circuit_to_name": "", "circuit_length_km": "", "circuit_segment_count": "", "match_tier": "BASELINE_UNRESOLVED"}}, {"type": "Feature", "geometry": {"type": "LineString", "coordinates": [[113.5666877, -1.3720458], [113.5668272, -1.3715346]]}, "properties": {"id": "TRM-KLM-0178", "system": "Kalselteng", "voltage_class": "150 kV", "voltage_kv_max": 150.0, "voltage_kv_all": "150", "length_km": 0.059, "osm_id": "way/1193145918", "osm_voltage": "150000", "source_id": "OSM-overpass", "color": "#1f77b4", "weight": 1.8, "from_id": "", "from_name": "", "from_distance_km": "", "to_id": "", "to_name": "", "to_distance_km": "", "endpoint_confidence": "none", "circuit_id": "", "circuit_from_id": "", "circuit_from_name": "", "circuit_to_id": "", "circuit_to_name": "", "circuit_length_km": "", "circuit_segment_count": "", "match_tier": "BASELINE_UNRESOLVED"}}, {"type": "Feature", "geometry": {"type": "LineString", "coordinates": [[113.5671709, -1.3720317], [113.5673046, -1.3712396]]}, "properties": {"id": "TRM-KLM-0179", "system": "Kalselteng", "voltage_class": "150 kV", "voltage_kv_max": 150.0, "voltage_kv_all": "150", "length_km": 0.089, "osm_id": "way/1193145919", "osm_voltage": "150000", "source_id": "OSM-overpass", "color": "#1f77b4", "weight": 1.8, "from_id": "", "from_name": "", "from_distance_km": "", "to_id": "", "to_name": "", "to_distance_km": "", "endpoint_confidence": "none", "circuit_id": "", "circuit_from_id": "", "circuit_from_name": "", "circuit_to_id": "", "circuit_to_name": "", "circuit_length_km": "", "circuit_segment_count": "", "match_tier": "BASELINE_UNRESOLVED"}}, {"type": "Feature", "geometry": {"type": "LineString", "coordinates": [[114.6204445, -3.230898], [114.6207731, -3.2310863]]}, "properties": {"id": "TRM-KLM-0180", "system": "Kalselteng", "voltage_class": "150 kV", "voltage_kv_max": 150.0, "voltage_kv_all": "150", "length_km": 0.042, "osm_id": "way/1193185552", "osm_voltage": "150000", "source_id": "OSM-overpass", "color": "#1f77b4", "weight": 1.8, "from_id": "GI-KLM-0026", "from_name": "GI KAYUTANGI", "from_distance_km": 0.08, "to_id": "GI-KLM-0026", "to_name": "GI KAYUTANGI", "to_distance_km": "", "endpoint_confidence": "both", "circuit_id": "CIRC-KALIMANTAN-0154", "circuit_from_id": "GI-KLM-0026", "circuit_from_name": "GI KAYUTANGI", "circuit_to_id": "GI-KLM-0026", "circuit_to_name": "GI KAYUTANGI", "circuit_length_km": 0.042, "circuit_segment_count": 1, "match_tier": "UNMATCHED_BASELINE"}}, {"type": "Feature", "geometry": {"type": "LineString", "coordinates": [[114.7043654, -3.3912941], [114.7045134, -3.3914942]]}, "properties": {"id": "TRM-KLM-0181", "system": "Kalselteng", "voltage_class": "150 kV", "voltage_kv_max": 150.0, "voltage_kv_all": "150", "length_km": 0.028, "osm_id": "way/1193185553", "osm_voltage": "150000", "source_id": "OSM-overpass", "color": "#1f77b4", "weight": 1.8, "from_id": "GI-KLM-0031", "from_name": "GI SEI TABUK", "from_distance_km": 0.071, "to_id": "GI-KLM-0031", "to_name": "GI SEI TABUK", "to_distance_km": "", "endpoint_confidence": "both", "circuit_id": "CIRC-KALIMANTAN-0155", "circuit_from_id": "GI-KLM-0031", "circuit_from_name": "GI SEI TABUK", "circuit_to_id": "GI-KLM-0031", "circuit_to_name": "GI SEI TABUK", "circuit_length_km": 0.028, "circuit_segment_count": 1, "match_tier": "UNMATCHED_BASELINE"}}, {"type": "Feature", "geometry": {"type": "LineString", "coordinates": [[114.7043654, -3.3912941], [114.704384, -3.3915325]]}, "properties": {"id": "TRM-KLM-0182", "system": "Kalselteng", "voltage_class": "150 kV", "voltage_kv_max": 150.0, "voltage_kv_all": "150", "length_km": 0.027, "osm_id": "way/1193185554", "osm_voltage": "150000", "source_id": "OSM-overpass", "color": "#1f77b4", "weight": 1.8, "from_id": "GI-KLM-0031", "from_name": "GI SEI TABUK", "from_distance_km": 0.071, "to_id": "GI-KLM-0031", "to_name": "GI SEI TABUK", "to_distance_km": "", "endpoint_confidence": "both", "circuit_id": "CIRC-KALIMANTAN-0156", "circuit_from_id": "GI-KLM-0031", "circuit_from_name": "GI SEI TABUK", "circuit_to_id": "GI-KLM-0031", "circuit_to_name": "GI SEI TABUK", "circuit_length_km": 0.027, "circuit_segment_count": 1, "match_tier": "UNMATCHED_BASELINE"}}, {"type": "Feature", "geometry": {"type": "LineString", "coordinates": [[117.0661914, -0.3658186], [117.0661322, -0.3662562]]}, "properties": {"id": "TRM-KLM-0183", "system": "Mahakam", "voltage_class": "150 kV", "voltage_kv_max": 150.0, "voltage_kv_all": "150", "length_km": 0.049, "osm_id": "way/1193554648", "osm_voltage": "150000", "source_id": "OSM-overpass", "color": "#1f77b4", "weight": 1.8, "from_id": "GI-KLM-0077", "from_name": "GI Embalut", "from_distance_km": 0.742, "to_id": "GI-KLM-0077", "to_name": "GI Embalut", "to_distance_km": "", "endpoint_confidence": "both", "circuit_id": "CIRC-KALIMANTAN-0157", "circuit_from_id": "GI-KLM-0077", "circuit_from_name": "GI Embalut", "circuit_to_id": "GI-KLM-0077", "circuit_to_name": "GI Embalut", "circuit_length_km": 0.049, "circuit_segment_count": 1, "match_tier": "UNMATCHED_BASELINE"}}, {"type": "Feature", "geometry": {"type": "LineString", "coordinates": [[117.0661322, -0.3662562], [117.0660579, -0.3658182]]}, "properties": {"id": "TRM-KLM-0184", "system": "Mahakam", "voltage_class": "150 kV", "voltage_kv_max": 150.0, "voltage_kv_all": "150", "length_km": 0.049, "osm_id": "way/1193554649", "osm_voltage": "150000", "source_id": "OSM-overpass", "color": "#1f77b4", "weight": 1.8, "from_id": "GI-KLM-0077", "from_name": "GI Embalut", "from_distance_km": 0.697, "to_id": "GI-KLM-0077", "to_name": "GI Embalut", "to_distance_km": "", "endpoint_confidence": "both", "circuit_id": "CIRC-KALIMANTAN-0158", "circuit_from_id": "GI-KLM-0077", "circuit_from_name": "GI Embalut", "circuit_to_id": "GI-KLM-0077", "circuit_to_name": "GI Embalut", "circuit_length_km": 0.049, "circuit_segment_count": 1, "match_tier": "UNMATCHED_BASELINE"}}, {"type": "Feature", "geometry": {"type": "LineString", "coordinates": [[117.57082, 0.4704418], [117.571027, 0.470068]]}, "properties": {"id": "TRM-KLM-0185", "system": "Mahakam", "voltage_class": "150 kV", "voltage_kv_max": 150.0, "voltage_kv_all": "150", "length_km": 0.048, "osm_id": "way/1227186835", "osm_voltage": "150000", "source_id": "OSM-overpass", "color": "#1f77b4", "weight": 1.8, "from_id": "GI-KLM-0085", "from_name": "GI Sangatta", "from_distance_km": 0.029, "to_id": "GI-KLM-0085", "to_name": "GI Sangatta", "to_distance_km": "", "endpoint_confidence": "both", "circuit_id": "CIRC-KALIMANTAN-0159", "circuit_from_id": "GI-KLM-0085", "circuit_from_name": "GI Sangatta", "circuit_to_id": "GI-KLM-0085", "circuit_to_name": "GI Sangatta", "circuit_length_km": 0.048, "circuit_segment_count": 1, "match_tier": "UNMATCHED_BASELINE"}}, {"type": "Feature", "geometry": {"type": "LineString", "coordinates": [[117.571027, 0.470068], [117.5706789, 0.4703296]]}, "properties": {"id": "TRM-KLM-0186", "system": "Mahakam", "voltage_class": "150 kV", "voltage_kv_max": 150.0, "voltage_kv_all": "150", "length_km": 0.048, "osm_id": "way/1227186836", "osm_voltage": "150000", "source_id": "OSM-overpass", "color": "#1f77b4", "weight": 1.8, "from_id": "GI-KLM-0085", "from_name": "GI Sangatta", "from_distance_km": 0.077, "to_id": "GI-KLM-0085", "to_name": "GI Sangatta", "to_distance_km": "", "endpoint_confidence": "both", "circuit_id": "CIRC-KALIMANTAN-0160", "circuit_from_id": "GI-KLM-0085", "circuit_from_name": "GI Sangatta", "circuit_to_id": "GI-KLM-0085", "circuit_to_name": "GI Sangatta", "circuit_length_km": 0.048, "circuit_segment_count": 1, "match_tier": "UNMATCHED_BASELINE"}}, {"type": "Feature", "geometry": {"type": "LineString", "coordinates": [[117.847695, 0.9177696], [117.8475758, 0.9174737]]}, "properties": {"id": "TRM-KLM-0187", "system": "Mahakam", "voltage_class": "150 kV", "voltage_kv_max": 150.0, "voltage_kv_all": "150", "length_km": 0.035, "osm_id": "way/1227186837", "osm_voltage": "150000", "source_id": "OSM-overpass", "color": "#1f77b4", "weight": 1.8, "from_id": "GI-KLM-0096", "from_name": "GI Maloy", "from_distance_km": 0.042, "to_id": "GI-KLM-0096", "to_name": "GI Maloy", "to_distance_km": "", "endpoint_confidence": "both", "circuit_id": "CIRC-KALIMANTAN-0161", "circuit_from_id": "GI-KLM-0096", "circuit_from_name": "GI Maloy", "circuit_to_id": "GI-KLM-0096", "circuit_to_name": "GI Maloy", "circuit_length_km": 0.035, "circuit_segment_count": 1, "match_tier": "UNMATCHED_BASELINE"}}, {"type": "Feature", "geometry": {"type": "LineString", "coordinates": [[117.8475758, 0.9174737], [117.8475169, 0.9177976]]}, "properties": {"id": "TRM-KLM-0188", "system": "Mahakam", "voltage_class": "150 kV", "voltage_kv_max": 150.0, "voltage_kv_all": "150", "length_km": 0.037, "osm_id": "way/1227186838", "osm_voltage": "150000", "source_id": "OSM-overpass", "color": "#1f77b4", "weight": 1.8, "from_id": "GI-KLM-0096", "from_name": "GI Maloy", "from_distance_km": 0.077, "to_id": "GI-KLM-0096", "to_name": "GI Maloy", "to_distance_km": "", "endpoint_confidence": "both", "circuit_id": "CIRC-KALIMANTAN-0162", "circuit_from_id": "GI-KLM-0096", "circuit_from_name": "GI Maloy", "circuit_to_id": "GI-KLM-0096", "circuit_to_name": "GI Maloy", "circuit_length_km": 0.037, "circuit_segment_count": 1, "match_tier": "UNMATCHED_BASELINE"}}, {"type": "Feature", "geometry": {"type": "LineString", "coordinates": [[117.571027, 0.470068], [117.573709, 0.472364], [117.576499, 0.474681], [117.579696, 0.476312], [117.582443, 0.477771], [117.583387, 0.481011], [117.5843088, 0.4839104], [117.5853405, 0.4873128], [117.5862823, 0.4904287], [117.5870416, 0.4927362], [117.5881287, 0.4964643], [117.5890365, 0.4994707], [117.5898073, 0.5024668], [117.590876, 0.505493], [117.5917876, 0.5085694], [117.5927795, 0.5115865], [117.593666, 0.5147259], [117.5933117, 0.5169977], [117.5928647, 0.5201165], [117.5923811, 0.5232112], [117.5917202, 0.5262484], [117.59124, 0.529525], [117.590597, 0.532636], [117.5903646, 0.5365679], [117.5904116, 0.5405879], [117.5902005, 0.544505], [117.591927, 0.54772], [117.593408, 0.550424], [117.5958345, 0.555047], [117.5978077, 0.5587673], [117.600768, 0.5642942], [117.6023405, 0.5671696], [117.603793, 0.570014], [117.605832, 0.573704], [117.6089, 0.575056], [117.6114506, 0.5763291], [117.6144726, 0.5776943], [117.6171462, 0.5789552], [117.619843, 0.581193], [117.6213632, 0.5825375], [117.6235133, 0.5844083], [117.6259816, 0.5864682], [117.6277405, 0.5879369], [117.63128, 0.590955], [117.632825, 0.592264], [117.636623, 0.595547], [117.638769, 0.597328], [117.641494, 0.59971], [117.644241, 0.602113], [117.644713, 0.606361], [117.645121, 0.609773], [117.645485, 0.613206], [117.646086, 0.61666], [117.646322, 0.619514], [117.64673, 0.622818], [117.647996, 0.63331], [117.648361, 0.635778], [117.648768, 0.63891], [117.649176, 0.64215], [117.649906, 0.647944], [117.650185, 0.657556], [117.650335, 0.664164], [117.650378, 0.667276], [117.650464, 0.66925], [117.648683, 0.671953], [117.64658, 0.672833], [117.644863, 0.673562], [117.641709, 0.674914], [117.638748, 0.676116], [117.635872, 0.677446], [117.633491, 0.678991], [117.630551, 0.680214], [117.627676, 0.681887], [117.624714, 0.683539], [117.621839, 0.685213], [117.619929, 0.688195], [117.614651, 0.696907], [117.612827, 0.699825], [117.611153, 0.702464], [117.609437, 0.705253], [117.6077136, 0.7080057], [117.605982, 0.710896], [117.604351, 0.713578], [117.602549, 0.71641], [117.600746, 0.719285], [117.5989876, 0.7222299], [117.5971956, 0.7250919], [117.597098, 0.728082], [117.596991, 0.730657], [117.5969023, 0.7338695], [117.5968877, 0.7369905], [117.5967086, 0.7402497], [117.5966127, 0.7430912], [117.5964995, 0.7463241], [117.5963861, 0.7492253], [117.5988361, 0.7510606], [117.6006517, 0.7524197], [117.603193, 0.7543772], [117.6050735, 0.7558832], [117.6085764, 0.7590991], [117.6114778, 0.7624689], [117.6125118, 0.7638401], [117.6142124, 0.7655924], [117.6168496, 0.7682244], [117.6174432, 0.7703549], [117.6176358, 0.7724175], [117.6174862, 0.7748003], [117.6184974, 0.7797758], [117.6188123, 0.7824907], [117.619264, 0.78582], [117.6223485, 0.7877449], [117.6251778, 0.7897764], [117.6264375, 0.7907191], [117.629821, 0.79305], [117.6329157, 0.7950788], [117.6346351, 0.7963039], [117.6373676, 0.7974524], [117.6404472, 0.7987041], [117.6456197, 0.800827], [117.6481389, 0.8018262], [117.6518085, 0.8034135], [117.6544215, 0.8043884], [117.6569596, 0.8055116], [117.658918, 0.806288], [117.6612616, 0.8064018], [117.664152, 0.8068925], [117.6666183, 0.8072949], [117.668638, 0.807661], [117.6711222, 0.8080464], [117.6731799, 0.8084049], [117.676814, 0.809099], [117.680097, 0.809592], [117.683616, 0.810193], [117.68868, 0.811094], [117.692091, 0.81442], [117.701426, 0.823496], [117.7034, 0.825341], [117.70576, 0.827551], [117.709837, 0.831563], [117.713528, 0.835146], [117.717819, 0.839222], [117.720931, 0.842312], [117.724149, 0.845423], [117.726295, 0.847461], [117.72784, 0.849113], [117.729599, 0.85083], [117.73093, 0.852096], [117.732131, 0.853297], [117.733247, 0.854327], [117.736187, 0.857138], [117.737839, 0.858747], [117.740994, 0.861966], [117.7429846, 0.8638088], [117.746186, 0.866106], [117.7490804, 0.8677065], [117.753546, 0.870612], [117.756164, 0.872221], [117.761056, 0.875353], [117.765627, 0.879279], [117.767365, 0.88076], [117.769039, 0.882154], [117.770476, 0.88327], [117.773502, 0.884643], [117.776484, 0.885952], [117.779725, 0.887368], [117.781935, 0.888333], [117.785861, 0.89005], [117.787213, 0.890608], [117.788565, 0.891166], [117.790046, 0.891809], [117.791655, 0.892517], [117.794681, 0.893526], [117.798564, 0.894641], [117.802041, 0.895607], [117.8071879, 0.8970909], [117.813563, 0.89904], [117.817941, 0.900305], [117.822597, 0.901657], [117.825515, 0.902515], [117.829399, 0.903588], [117.836652, 0.905776], [117.840021, 0.906763], [117.842145, 0.90996], [117.84457, 0.913414], [117.8475758, 0.9174737]]}, "properties": {"id": "TRM-KLM-0189", "system": "Mahakam", "voltage_class": "150 kV", "voltage_kv_max": 150.0, "voltage_kv_all": "150", "length_km": 72.56, "osm_id": "way/1227186839", "osm_voltage": "150000", "source_id": "OSM-overpass", "color": "#1f77b4", "weight": 1.8, "from_id": "GI-KLM-0085", "from_name": "GI Sangatta", "from_distance_km": 0.077, "to_id": "GI-KLM-0096", "to_name": "GI Maloy", "to_distance_km": 0.077, "endpoint_confidence": "both", "circuit_id": "CIRC-KALIMANTAN-0163", "circuit_from_id": "GI-KLM-0085", "circuit_from_name": "GI Sangatta", "circuit_to_id": "GI-KLM-0096", "circuit_to_name": "GI Maloy", "circuit_length_km": 72.56, "circuit_segment_count": 1, "match_tier": "UNMATCHED_BASELINE"}}, {"type": "Feature", "geometry": {"type": "LineString", "coordinates": [[111.7035512, -2.6159847], [111.7032386, -2.6158596]]}, "properties": {"id": "TRM-KLM-0190", "system": "Kalselteng", "voltage_class": "150 kV", "voltage_kv_max": 150.0, "voltage_kv_all": "150", "length_km": 0.037, "osm_id": "way/1272122234", "osm_voltage": "150000", "source_id": "OSM-overpass", "color": "#1f77b4", "weight": 1.8, "from_id": "GI-KLM-0063", "from_name": "GI PANGKALAN BUN", "from_distance_km": 0.004, "to_id": "GI-KLM-0063", "to_name": "GI PANGKALAN BUN", "to_distance_km": "", "endpoint_confidence": "both", "circuit_id": "CIRC-KALIMANTAN-0164", "circuit_from_id": "GI-KLM-0063", "circuit_from_name": "GI PANGKALAN BUN", "circuit_to_id": "GI-KLM-0063", "circuit_to_name": "GI PANGKALAN BUN", "circuit_length_km": 0.037, "circuit_segment_count": 1, "match_tier": "UNMATCHED_BASELINE"}}, {"type": "Feature", "geometry": {"type": "LineString", "coordinates": [[111.7032386, -2.6158596], [111.7034775, -2.6160563]]}, "properties": {"id": "TRM-KLM-0191", "system": "Kalselteng", "voltage_class": "150 kV", "voltage_kv_max": 150.0, "voltage_kv_all": "150", "length_km": 0.034, "osm_id": "way/1272122235", "osm_voltage": "150000", "source_id": "OSM-overpass", "color": "#1f77b4", "weight": 1.8, "from_id": "GI-KLM-0063", "from_name": "GI PANGKALAN BUN", "from_distance_km": 0.037, "to_id": "GI-KLM-0063", "to_name": "GI PANGKALAN BUN", "to_distance_km": "", "endpoint_confidence": "both", "circuit_id": "CIRC-KALIMANTAN-0165", "circuit_from_id": "GI-KLM-0063", "circuit_from_name": "GI PANGKALAN BUN", "circuit_to_id": "GI-KLM-0063", "circuit_to_name": "GI PANGKALAN BUN", "circuit_length_km": 0.034, "circuit_segment_count": 1, "match_tier": "UNMATCHED_BASELINE"}}, {"type": "Feature", "geometry": {"type": "LineString", "coordinates": [[111.289895, -2.60938], [111.290399, -2.606744], [111.291225, -2.602778], [111.291922, -2.599477], [111.292512, -2.596305], [111.293156, -2.593036], [111.293778, -2.589917], [111.294529, -2.586391], [111.295205, -2.583036], [111.295699, -2.580592], [111.296321, -2.577495], [111.297233, -2.573047], [111.297705, -2.570807], [111.298274, -2.567827], [111.298864, -2.564719], [111.299529, -2.561557], [111.300216, -2.558224], [111.30087, -2.555083], [111.301417, -2.552029], [111.302018, -2.549028], [111.302876, -2.545126], [111.303391, -2.542275], [111.304132, -2.538695], [111.304786, -2.535555], [111.305387, -2.532543], [111.30602, -2.529338], [111.306632, -2.526283], [111.307104, -2.523636], [111.308928, -2.521535], [111.310623, -2.519445], [111.312672, -2.516937], [111.314732, -2.514557], [111.316438, -2.512456], [111.318197, -2.510334], [111.31986, -2.508255], [111.322124, -2.505522], [111.324162, -2.503078], [111.326158, -2.500645], [111.32825, -2.498158], [111.330181, -2.495778], [111.332392, -2.493142], [111.334291, -2.49088], [111.336286, -2.4885], [111.338292, -2.486003], [111.340545, -2.483302], [111.342294, -2.481179], [111.344258, -2.478757], [111.346285, -2.47626], [111.348238, -2.473976], [111.35033, -2.471404], [111.352476, -2.468917], [111.354879, -2.467406], [111.357594, -2.465744], [111.360244, -2.464072], [111.362883, -2.462282], [111.365533, -2.460717], [111.368269, -2.45897], [111.370865, -2.457298], [111.373526, -2.455701], [111.376251, -2.454007], [111.378901, -2.452303], [111.381551, -2.450609], [111.384308, -2.448926], [111.387023, -2.449484], [111.390102, -2.450159], [111.393278, -2.450909], [111.39626, -2.451542], [111.39935, -2.452228], [111.402011, -2.452817], [111.405047, -2.45345], [111.40789, -2.454061], [111.411656, -2.454865], [111.414703, -2.455551], [111.417471, -2.456097], [111.420904, -2.45688], [111.423426, -2.458638], [111.426162, -2.460513], [111.428543, -2.462078], [111.431258, -2.463911], [111.433682, -2.465519], [111.436354, -2.467341], [111.438822, -2.469003], [111.44115, -2.470654], [111.443864, -2.472422], [111.446332, -2.47403], [111.448832, -2.475788], [111.451342, -2.477481], [111.453863, -2.479218], [111.456535, -2.481019], [111.459185, -2.482766], [111.461964, -2.484652], [111.464678, -2.486432], [111.46706, -2.488029], [111.469603, -2.489829], [111.472263, -2.491555], [111.474913, -2.493313], [111.477542, -2.495124], [111.480138, -2.496882], [111.482724, -2.498662], [111.485674, -2.499798], [111.48885, -2.499412], [111.491983, -2.498951], [111.495062, -2.498608], [111.498206, -2.498179], [111.501274, -2.497665], [111.504428, -2.497343], [111.507679, -2.496957], [111.510758, -2.496529], [111.513945, -2.4961], [111.517185, -2.495693], [111.520436, -2.495264], [111.523622, -2.494857], [111.527174, -2.494363], [111.530113, -2.495886], [111.530381, -2.498469], [111.53066, -2.501588], [111.53095, -2.5046], [111.531208, -2.507569], [111.531487, -2.510538], [111.531744, -2.513485], [111.532023, -2.516465], [111.532313, -2.519809], [111.533943, -2.522596], [111.535531, -2.525361], [111.537248, -2.528052], [111.538943, -2.530935], [111.540552, -2.533572], [111.542258, -2.53638], [111.543921, -2.539113], [111.545563, -2.5419], [111.547215, -2.544687], [111.548867, -2.547495], [111.550498, -2.550217], [111.552193, -2.55294], [111.553888, -2.555705], [111.555573, -2.558427], [111.557246, -2.561193], [111.558856, -2.564012], [111.5604822, -2.5667515], [111.5621147, -2.5695042], [111.5638119, -2.5723892], [111.5654977, -2.575111], [111.5671333, -2.5778087], [111.5688085, -2.5805951], [111.5704316, -2.5833924], [111.5720711, -2.5861326], [111.5736768, -2.5887652], [111.5754329, -2.5915413], [111.5770598, -2.5943895], [111.578803, -2.5973133], [111.5812049, -2.5996597], [111.583541, -2.6018482], [111.5857149, -2.6039449], [111.5878556, -2.6060379], [111.590031, -2.6081654], [111.5921555, -2.6102078], [111.5944019, -2.6123076], [111.5965559, -2.6143534], [111.5987381, -2.6164598], [111.6009022, -2.6184828], [111.6030396, -2.620581], [111.6052705, -2.6227001], [111.6074904, -2.6247608], [111.6095903, -2.6268716], [111.612763, -2.6272461], [111.6158042, -2.6276229], [111.6189338, -2.6280264], [111.6221285, -2.6284291], [111.6251733, -2.6288176], [111.6282729, -2.6292093], [111.6314678, -2.6296542], [111.6346317, -2.6300324], [111.6378382, -2.6304026], [111.6409138, -2.6308322], [111.6440156, -2.6311855], [111.6471792, -2.6315814], [111.6503067, -2.6319746], [111.6534505, -2.6323979], [111.65659, -2.6327968], [111.659544, -2.6332174], [111.6627228, -2.6323646], [111.6656536, -2.6315258], [111.6684833, -2.6306591], [111.6714622, -2.6298708], [111.6744161, -2.6290506], [111.6773209, -2.6282047], [111.6804029, -2.6272872], [111.6834526, -2.6264046], [111.6866392, -2.6255173], [111.6899364, -2.6245641], [111.693276, -2.6235642], [111.6963748, -2.622672], [111.6987933, -2.6206128], [111.7013361, -2.6183696], [111.7032386, -2.6158596]]}, "properties": {"id": "TRM-KLM-0192", "system": "Khatulistiwa", "voltage_class": "150 kV", "voltage_kv_max": 150.0, "voltage_kv_all": "150", "length_km": 68.018, "osm_id": "way/1272122236", "osm_voltage": "150000", "source_id": "OSM-overpass", "color": "#1f77b4", "weight": 1.8, "from_id": "GI-KLM-0063", "from_name": "GI PANGKALAN BUN", "from_distance_km": "", "to_id": "GI-KLM-0063", "to_name": "GI PANGKALAN BUN", "to_distance_km": 0.037, "endpoint_confidence": "both", "circuit_id": "CIRC-KALIMANTAN-0166", "circuit_from_id": "GI-KLM-0063", "circuit_from_name": "GI PANGKALAN BUN", "circuit_to_id": "GI-KLM-0063", "circuit_to_name": "GI PANGKALAN BUN", "circuit_length_km": 68.018, "circuit_segment_count": 1, "match_tier": "UNMATCHED_BASELINE"}}, {"type": "Feature", "geometry": {"type": "LineString", "coordinates": [[114.8495856, -3.4662843], [114.8495695, -3.4667421], [114.8474908, -3.4680955], [114.8456079, -3.4709495], [114.8439683, -3.4734977], [114.84218, -3.4761541], [114.8404098, -3.4788635], [114.8388058, -3.481348], [114.8372126, -3.483779], [114.8353779, -3.4865526], [114.8338115, -3.48893], [114.8324655, -3.4910256], [114.8321056, -3.4915858], [114.8303032, -3.4942952], [114.8287797, -3.4966404], [114.8269772, -3.4994033], [114.8250782, -3.5021983], [114.824574, -3.5053574], [114.8240268, -3.5084415], [114.8235226, -3.5115791], [114.8230934, -3.5141599], [114.8226106, -3.5170513], [114.8220527, -3.5201246], [114.8214841, -3.5235407], [114.8209262, -3.5266569], [114.8192203, -3.5292912], [114.8175412, -3.5319361], [114.8162572, -3.5339743], [114.8141456, -3.5373653], [114.8124954, -3.5399781], [114.810804, -3.5426561], [114.8091137, -3.5453323], [114.8073542, -3.5480844], [114.8056565, -3.5507415], [114.8044789, -3.5536687], [114.8031914, -3.5567901], [114.8020005, -3.5598741], [114.8007157, -3.5629768], [114.8001471, -3.5640476]]}, "properties": {"id": "TRM-KLM-0193", "system": "Kalselteng", "voltage_class": "150 kV", "voltage_kv_max": 150.0, "voltage_kv_all": "150", "length_km": 12.391, "osm_id": "way/1290827633", "osm_voltage": "150000", "source_id": "OSM-overpass", "color": "#1f77b4", "weight": 1.8, "from_id": "GI-KLM-0032", "from_name": "GI CEMPAKA 70", "from_distance_km": 0.1, "to_id": "GI-KLM-0032", "to_name": "GI CEMPAKA 70", "to_distance_km": "", "endpoint_confidence": "both", "circuit_id": "CIRC-KALIMANTAN-0167", "circuit_from_id": "GI-KLM-0032", "circuit_from_name": "GI CEMPAKA 70", "circuit_to_id": "GI-KLM-0032", "circuit_to_name": "GI CEMPAKA 70", "circuit_length_km": 12.391, "circuit_segment_count": 1, "match_tier": "UNMATCHED_BASELINE"}}, {"type": "Feature", "geometry": {"type": "LineString", "coordinates": [[115.4545391, -2.2125995], [115.4546463, -2.2130659], [115.4553652, -2.2163089], [115.4560357, -2.2195252], [115.4565722, -2.2219159], [115.4570442, -2.224119], [115.457527, -2.2262792], [115.4581332, -2.2297903], [115.4587501, -2.2325026], [115.4592919, -2.2355044], [115.4612231, -2.2372412], [115.4636478, -2.2394067], [115.4658043, -2.2413686], [115.4678535, -2.243234], [115.4683256, -2.2461393], [115.4688835, -2.2492482], [115.4693556, -2.2519177], [115.47001, -2.255509], [115.4705465, -2.2586394], [115.4710129, -2.261334], [115.4715272, -2.2643045], [115.4720163, -2.26713], [115.4725742, -2.2701425], [115.4731214, -2.2731335], [115.4736578, -2.2760601], [115.4741698, -2.278964], [115.4747053, -2.2820018], [115.4752189, -2.2849151], [115.4757723, -2.2879444], [115.4763079, -2.2908756], [115.4749238, -2.2936414], [115.4736847, -2.2961768], [115.4722649, -2.298932], [115.470804, -2.3017674], [115.4693878, -2.3045332], [115.4680467, -2.3072454], [115.4665553, -2.3102041], [115.4651821, -2.3131093], [115.4637015, -2.3158858], [115.462296, -2.318673], [115.4609012, -2.3214816], [115.4594636, -2.3243653], [115.4580474, -2.3271204], [115.4567063, -2.3296932], [115.4558587, -2.3324964], [115.4547483, -2.3354819], [115.4539382, -2.3386229], [115.4529941, -2.3414636], [115.4521143, -2.3441811], [115.4511166, -2.3472148], [115.4502207, -2.3501414], [115.4493356, -2.3530625], [115.4488403, -2.3545137]]}, "properties": {"id": "TRM-KLM-0194", "system": "Kalselteng", "voltage_class": "150 kV", "voltage_kv_max": 150.0, "voltage_kv_all": "150", "length_km": 16.995, "osm_id": "way/1290827634", "osm_voltage": "150000", "source_id": "OSM-overpass", "color": "#1f77b4", "weight": 1.8, "from_id": "GI-KLM-0042", "from_name": "GI TANJUNG", "from_distance_km": 2.022, "to_id": "GI-KLM-0043", "to_name": "GI PARINGIN", "to_distance_km": 0.543, "endpoint_confidence": "both", "circuit_id": "CIRC-KALIMANTAN-0168", "circuit_from_id": "GI-KLM-0042", "circuit_from_name": "GI TANJUNG", "circuit_to_id": "GI-KLM-0043", "circuit_to_name": "GI PARINGIN", "circuit_length_km": 16.995, "circuit_segment_count": 1, "match_tier": "UNMATCHED_BASELINE"}}, {"type": "Feature", "geometry": {"type": "LineString", "coordinates": [[115.4486288, -2.159383], [115.4466265, -2.1618301], [115.4446363, -2.1643121], [115.4458916, -2.1672497], [115.4480213, -2.1689865], [115.4482305, -2.1714577], [115.4483007, -2.1720229], [115.4483199, -2.1721674], [115.4486167, -2.1743685], [115.4483271, -2.1767164], [115.4481876, -2.1793056], [115.4494804, -2.1821467], [115.4495019, -2.184441], [115.449577, -2.1870676], [115.4504406, -2.1898926], [115.4512399, -2.1924174], [115.452514, -2.1951539], [115.4519534, -2.1951593]]}, "properties": {"id": "TRM-KLM-0195", "system": "Kalselteng", "voltage_class": "150 kV", "voltage_kv_max": 150.0, "voltage_kv_all": "150", "length_km": 4.435, "osm_id": "way/1290827635", "osm_voltage": "150000", "source_id": "OSM-overpass", "color": "#1f77b4", "weight": 1.8, "from_id": "GI-KLM-0042", "from_name": "GI TANJUNG", "from_distance_km": "", "to_id": "GI-KLM-0042", "to_name": "GI TANJUNG", "to_distance_km": 0.114, "endpoint_confidence": "both", "circuit_id": "CIRC-KALIMANTAN-0169", "circuit_from_id": "GI-KLM-0042", "circuit_from_name": "GI TANJUNG", "circuit_to_id": "GI-KLM-0042", "circuit_to_name": "GI TANJUNG", "circuit_length_km": 4.435, "circuit_segment_count": 1, "match_tier": "UNMATCHED_BASELINE"}}, {"type": "Feature", "geometry": {"type": "LineString", "coordinates": [[116.0936518, -1.8034622], [116.0926044, -1.8045064], [116.0901046, -1.8071069], [116.0876048, -1.8097556], [116.0856146, -1.8118788], [116.0842895, -1.8129136], [116.0811996, -1.8152942], [116.0786891, -1.817321], [116.0760927, -1.8200983], [116.0742795, -1.8220285], [116.0723913, -1.8240338], [116.0701918, -1.8263608], [116.0670805, -1.8283446], [116.0642588, -1.8301676], [116.0614049, -1.8319691], [116.0584897, -1.8338562], [116.0554933, -1.8357866], [116.0521191, -1.8379206], [116.0498714, -1.8376418], [116.0476482, -1.8373721], [116.0454512, -1.8371056], [116.0430372, -1.8368268], [116.0391687, -1.8344705], [116.036734, -1.8330415], [116.0331237, -1.8308539], [116.028918, -1.8284036], [116.024605, -1.8257174], [116.0216761, -1.8238622], [116.0182267, -1.8217551], [116.0147452, -1.8197123], [116.0097456, -1.8196265], [116.006484, -1.8194978], [116.0030401, -1.8193799], [115.9972143, -1.8193477], [115.9950578, -1.8191868], [115.989157, -1.8191225], [115.9844792, -1.8189187], [115.9818828, -1.8200018], [115.9797585, -1.8208382], [115.9773016, -1.8217712], [115.974158, -1.8230365], [115.9707516, -1.8244574], [115.9678978, -1.8255726], [115.9643412, -1.8269774], [115.9610259, -1.8283232], [115.9574532, -1.8293848], [115.9546423, -1.8302427], [115.9512091, -1.831315], [115.9482479, -1.832205], [115.9458125, -1.8329342], [115.9423041, -1.834028], [115.9388602, -1.8351111], [115.9361672, -1.8359368], [115.9329057, -1.8369608], [115.9285498, -1.8382905], [115.9260607, -1.8383173], [115.9224558, -1.8383817], [115.9182072, -1.8385103], [115.9152782, -1.8385747], [115.9123707, -1.8386069], [115.9087014, -1.8386605], [115.9061479, -1.8386926], [115.9034765, -1.8387355], [115.9004724, -1.838757], [115.8970016, -1.8382208], [115.8932573, -1.8376203], [115.8900976, -1.8371324], [115.8864981, -1.8358349], [115.8828556, -1.8345642], [115.8794637, -1.8332404], [115.8745301, -1.831315], [115.8720069, -1.8305546], [115.8692993, -1.8297451]]}, "properties": {"id": "TRM-KLM-0196", "system": "Kalselteng", "voltage_class": "150 kV", "voltage_kv_max": 150.0, "voltage_kv_all": "150", "length_km": 27.421, "osm_id": "way/1290827636", "osm_voltage": "150000", "source_id": "OSM-overpass", "color": "#1f77b4", "weight": 1.8, "from_id": "GI-KLM-0090", "from_name": "GI Kuaro", "from_distance_km": 0.059, "to_id": "GI-KLM-0092", "to_name": "GI Muara Komam", "to_distance_km": 0.095, "endpoint_confidence": "both", "circuit_id": "CIRC-KALIMANTAN-0170", "circuit_from_id": "GI-KLM-0090", "circuit_from_name": "GI Kuaro", "circuit_to_id": "GI-KLM-0092", "circuit_to_name": "GI Muara Komam", "circuit_length_km": 27.421, "circuit_segment_count": 1, "match_tier": "UNMATCHED_BASELINE"}}, {"type": "Feature", "geometry": {"type": "LineString", "coordinates": [[116.7926037, -1.1661722], [116.7922205, -1.1661834]]}, "properties": {"id": "TRM-KLM-0197", "system": "Mahakam", "voltage_class": "150 kV", "voltage_kv_max": 150.0, "voltage_kv_all": "150", "length_km": 0.043, "osm_id": "way/1290827638", "osm_voltage": "150000", "source_id": "OSM-overpass", "color": "#1f77b4", "weight": 1.8, "from_id": "GI-KLM-0073", "from_name": "GI Kariangau", "from_distance_km": 0.095, "to_id": "GI-KLM-0073", "to_name": "GI Kariangau", "to_distance_km": "", "endpoint_confidence": "both", "circuit_id": "CIRC-KALIMANTAN-0171", "circuit_from_id": "GI-KLM-0073", "circuit_from_name": "GI Kariangau", "circuit_to_id": "GI-KLM-0073", "circuit_to_name": "GI Kariangau", "circuit_length_km": 0.043, "circuit_segment_count": 1, "match_tier": "UNMATCHED_BASELINE"}}, {"type": "Feature", "geometry": {"type": "LineString", "coordinates": [[116.7928635, -1.1655191], [116.7933422, -1.1652268], [116.7942703, -1.1657739], [116.7953861, -1.168064], [116.7978805, -1.1709924], [116.8001229, -1.1704078], [116.8014103, -1.1682571], [116.8027031, -1.1641542], [116.8046504, -1.1614725]]}, "properties": {"id": "TRM-KLM-0198", "system": "Mahakam", "voltage_class": "150 kV", "voltage_kv_max": 150.0, "voltage_kv_all": "150", "length_km": 2.276, "osm_id": "way/1290827639", "osm_voltage": "150000", "source_id": "OSM-overpass", "color": "#1f77b4", "weight": 1.8, "from_id": "GI-KLM-0073", "from_name": "GI Kariangau", "from_distance_km": 0.043, "to_id": "GI-KLM-0073", "to_name": "GI Kariangau", "to_distance_km": "", "endpoint_confidence": "both", "circuit_id": "CIRC-KALIMANTAN-0172", "circuit_from_id": "GI-KLM-0073", "circuit_from_name": "GI Kariangau", "circuit_to_id": "GI-KLM-0073", "circuit_to_name": "GI Kariangau", "circuit_length_km": 2.276, "circuit_segment_count": 1, "match_tier": "UNMATCHED_BASELINE"}}, {"type": "Feature", "geometry": {"type": "LineString", "coordinates": [[116.8900788, -1.2295053], [116.8894404, -1.229441], [116.8853259, -1.2293659], [116.8807769, -1.2323854], [116.8781215, -1.2341391], [116.8751595, -1.2360141], [116.8723011, -1.2378236], [116.8697208, -1.2396203], [116.8671888, -1.2412882], [116.8645332, -1.2430008], [116.8618083, -1.2447582], [116.859287, -1.2464422], [116.8550599, -1.2491613], [116.8517876, -1.2513334], [116.8483704, -1.253779], [116.847024, -1.2550983], [116.8446878, -1.2573106], [116.8425885, -1.2604459], [116.8413699, -1.261518], [116.841335, -1.2617352]]}, "properties": {"id": "TRM-KLM-0199", "system": "Mahakam", "voltage_class": "150 kV", "voltage_kv_max": 150.0, "voltage_kv_all": "150", "length_km": 6.645, "osm_id": "way/1290827640", "osm_voltage": "150000", "source_id": "OSM-overpass", "color": "#1f77b4", "weight": 1.8, "from_id": "GI-KLM-0074", "from_name": "GI New Balikpapan", "from_distance_km": 0.438, "to_id": "GI-KLM-0071", "to_name": "GI Industri", "to_distance_km": 0.03, "endpoint_confidence": "both", "circuit_id": "CIRC-KALIMANTAN-0173", "circuit_from_id": "GI-KLM-0074", "circuit_from_name": "GI New Balikpapan", "circuit_to_id": "GI-KLM-0071", "circuit_to_name": "GI Industri", "circuit_length_km": 6.645, "circuit_segment_count": 1, "match_tier": "CONFIRMED_MATCH", "match_reason": "pair match (GI New Balikpapan — GI Industri), voltage=150 matches", "ruptl_id": "RUPTL-KALIMANTAN-T-0100", "voltage_kv_ruptl": "150", "length_km_ruptl": "22.0", "target_cod_year_ruptl": "2031", "action_type_ruptl": ""}}, {"type": "Feature", "geometry": {"type": "LineString", "coordinates": [[116.9330907, -1.2206024], [116.9349146, -1.2222382], [116.9375968, -1.2246892], [116.9403756, -1.2271884], [116.9419125, -1.2284434], [116.9434842, -1.2299424], [116.9459224, -1.2321896], [116.9483551, -1.234359], [116.9481137, -1.236145], [116.948382, -1.2374965], [116.9486314, -1.237711]]}, "properties": {"id": "TRM-KLM-0200", "system": "Mahakam", "voltage_class": "150 kV", "voltage_kv_max": 150.0, "voltage_kv_all": "150", "length_km": 2.675, "osm_id": "way/1290827641", "osm_voltage": "150000", "source_id": "OSM-overpass", "color": "#1f77b4", "weight": 1.8, "from_id": "GI-KLM-0069", "from_name": "GI Manggarsari", "from_distance_km": 2.6, "to_id": "GI-KLM-0069", "to_name": "GI Manggarsari", "to_distance_km": "", "endpoint_confidence": "both", "circuit_id": "CIRC-KALIMANTAN-0174", "circuit_from_id": "GI-KLM-0069", "circuit_from_name": "GI Manggarsari", "circuit_to_id": "GI-KLM-0069", "circuit_to_name": "GI Manggarsari", "circuit_length_km": 2.675, "circuit_segment_count": 1, "match_tier": "UNMATCHED_BASELINE"}}, {"type": "Feature", "geometry": {"type": "LineString", "coordinates": [[116.176043, -3.2930568], [116.176241, -3.2923818]]}, "properties": {"id": "TRM-KLM-0201", "system": "Kalselteng", "voltage_class": "150 kV", "voltage_kv_max": 150.0, "voltage_kv_all": "150", "length_km": 0.078, "osm_id": "way/1304187528", "osm_voltage": "150000", "source_id": "OSM-overpass", "color": "#1f77b4", "weight": 1.8, "from_id": "", "from_name": "", "from_distance_km": "", "to_id": "", "to_name": "", "to_distance_km": "", "endpoint_confidence": "none", "circuit_id": "", "circuit_from_id": "", "circuit_from_name": "", "circuit_to_id": "", "circuit_to_name": "", "circuit_length_km": "", "circuit_segment_count": "", "match_tier": "BASELINE_UNRESOLVED"}}, {"type": "Feature", "geometry": {"type": "LineString", "coordinates": [[116.176043, -3.2930568], [116.1761066, -3.2923044]]}, "properties": {"id": "TRM-KLM-0202", "system": "Kalselteng", "voltage_class": "150 kV", "voltage_kv_max": 150.0, "voltage_kv_all": "150", "length_km": 0.084, "osm_id": "way/1304187529", "osm_voltage": "150000", "source_id": "OSM-overpass", "color": "#1f77b4", "weight": 1.8, "from_id": "", "from_name": "", "from_distance_km": "", "to_id": "", "to_name": "", "to_distance_km": "", "endpoint_confidence": "none", "circuit_id": "", "circuit_from_id": "", "circuit_from_name": "", "circuit_to_id": "", "circuit_to_name": "", "circuit_length_km": "", "circuit_segment_count": "", "match_tier": "BASELINE_UNRESOLVED"}}, {"type": "Feature", "geometry": {"type": "LineString", "coordinates": [[108.8747773, 0.8360015], [108.8749824, 0.8355858]]}, "properties": {"id": "TRM-KLM-0203", "system": "Khatulistiwa", "voltage_class": "150 kV", "voltage_kv_max": 150.0, "voltage_kv_all": "150", "length_km": 0.052, "osm_id": "way/1311455889", "osm_voltage": "150000", "source_id": "OSM-overpass", "color": "#1f77b4", "weight": 1.8, "from_id": "", "from_name": "", "from_distance_km": "", "to_id": "", "to_name": "", "to_distance_km": "", "endpoint_confidence": "none", "circuit_id": "", "circuit_from_id": "", "circuit_from_name": "", "circuit_to_id": "", "circuit_to_name": "", "circuit_length_km": "", "circuit_segment_count": "", "match_tier": "BASELINE_UNRESOLVED"}}, {"type": "Feature", "geometry": {"type": "LineString", "coordinates": [[108.8746431, 0.8359022], [108.8749824, 0.8355858]]}, "properties": {"id": "TRM-KLM-0204", "system": "Khatulistiwa", "voltage_class": "150 kV", "voltage_kv_max": 150.0, "voltage_kv_all": "150", "length_km": 0.052, "osm_id": "way/1311455890", "osm_voltage": "150000", "source_id": "OSM-overpass", "color": "#1f77b4", "weight": 1.8, "from_id": "", "from_name": "", "from_distance_km": "", "to_id": "", "to_name": "", "to_distance_km": "", "endpoint_confidence": "none", "circuit_id": "", "circuit_from_id": "", "circuit_from_name": "", "circuit_to_id": "", "circuit_to_name": "", "circuit_length_km": "", "circuit_segment_count": "", "match_tier": "BASELINE_UNRESOLVED"}}, {"type": "Feature", "geometry": {"type": "LineString", "coordinates": [[108.9861922, 0.9269297], [108.9872476, 0.9264644]]}, "properties": {"id": "TRM-KLM-0205", "system": "Khatulistiwa", "voltage_class": "150 kV", "voltage_kv_max": 150.0, "voltage_kv_all": "150", "length_km": 0.128, "osm_id": "way/1311455891", "osm_voltage": "150000", "source_id": "OSM-overpass", "color": "#1f77b4", "weight": 1.8, "from_id": "GI-KLM-0009", "from_name": "GI SINGKAWANG", "from_distance_km": 0.198, "to_id": "GI-KLM-0009", "to_name": "GI SINGKAWANG", "to_distance_km": "", "endpoint_confidence": "both", "circuit_id": "CIRC-KALIMANTAN-0175", "circuit_from_id": "GI-KLM-0009", "circuit_from_name": "GI SINGKAWANG", "circuit_to_id": "GI-KLM-0009", "circuit_to_name": "GI SINGKAWANG", "circuit_length_km": 0.128, "circuit_segment_count": 1, "match_tier": "UNMATCHED_BASELINE"}}, {"type": "Feature", "geometry": {"type": "LineString", "coordinates": [[108.9861922, 0.9269297], [108.9873147, 0.9265877]]}, "properties": {"id": "TRM-KLM-0206", "system": "Khatulistiwa", "voltage_class": "150 kV", "voltage_kv_max": 150.0, "voltage_kv_all": "150", "length_km": 0.13, "osm_id": "way/1311455892", "osm_voltage": "150000", "source_id": "OSM-overpass", "color": "#1f77b4", "weight": 1.8, "from_id": "GI-KLM-0009", "from_name": "GI SINGKAWANG", "from_distance_km": 0.198, "to_id": "GI-KLM-0009", "to_name": "GI SINGKAWANG", "to_distance_km": "", "endpoint_confidence": "both", "circuit_id": "CIRC-KALIMANTAN-0176", "circuit_from_id": "GI-KLM-0009", "circuit_from_name": "GI SINGKAWANG", "circuit_to_id": "GI-KLM-0009", "circuit_to_name": "GI SINGKAWANG", "circuit_length_km": 0.13, "circuit_segment_count": 1, "match_tier": "UNMATCHED_BASELINE"}}, {"type": "Feature", "geometry": {"type": "LineString", "coordinates": [[108.8655186, 0.8304284], [108.8653129, 0.8303637]]}, "properties": {"id": "TRM-KLM-0207", "system": "Khatulistiwa", "voltage_class": "150 kV", "voltage_kv_max": 150.0, "voltage_kv_all": "150", "length_km": 0.024, "osm_id": "way/1311455893", "osm_voltage": "150000", "source_id": "OSM-overpass", "color": "#1f77b4", "weight": 1.8, "from_id": "GI-KLM-0015", "from_name": "GIS PLTU Kalbar1", "from_distance_km": 2.717, "to_id": "GI-KLM-0015", "to_name": "GIS PLTU Kalbar1", "to_distance_km": "", "endpoint_confidence": "both", "circuit_id": "CIRC-KALIMANTAN-0177", "circuit_from_id": "GI-KLM-0015", "circuit_from_name": "GIS PLTU Kalbar1", "circuit_to_id": "GI-KLM-0015", "circuit_to_name": "GIS PLTU Kalbar1", "circuit_length_km": 0.024, "circuit_segment_count": 1, "match_tier": "UNMATCHED_BASELINE"}}, {"type": "Feature", "geometry": {"type": "LineString", "coordinates": [[108.8657339, 0.830086], [108.8654862, 0.8300355]]}, "properties": {"id": "TRM-KLM-0208", "system": "Khatulistiwa", "voltage_class": "150 kV", "voltage_kv_max": 150.0, "voltage_kv_all": "150", "length_km": 0.028, "osm_id": "way/1311455894", "osm_voltage": "150000", "source_id": "OSM-overpass", "color": "#1f77b4", "weight": 1.8, "from_id": "GI-KLM-0015", "from_name": "GIS PLTU Kalbar1", "from_distance_km": 2.711, "to_id": "GI-KLM-0015", "to_name": "GIS PLTU Kalbar1", "to_distance_km": "", "endpoint_confidence": "both", "circuit_id": "CIRC-KALIMANTAN-0178", "circuit_from_id": "GI-KLM-0015", "circuit_from_name": "GIS PLTU Kalbar1", "circuit_to_id": "GI-KLM-0015", "circuit_to_name": "GIS PLTU Kalbar1", "circuit_length_km": 0.028, "circuit_segment_count": 1, "match_tier": "UNMATCHED_BASELINE"}}, {"type": "Feature", "geometry": {"type": "LineString", "coordinates": [[108.865454, 0.8306681], [108.8652544, 0.8304629]]}, "properties": {"id": "TRM-KLM-0209", "system": "Khatulistiwa", "voltage_class": "150 kV", "voltage_kv_max": 150.0, "voltage_kv_all": "150", "length_km": 0.032, "osm_id": "way/1311455895", "osm_voltage": "150000", "source_id": "OSM-overpass", "color": "#1f77b4", "weight": 1.8, "from_id": "GI-KLM-0015", "from_name": "GIS PLTU Kalbar1", "from_distance_km": 2.728, "to_id": "GI-KLM-0015", "to_name": "GIS PLTU Kalbar1", "to_distance_km": "", "endpoint_confidence": "both", "circuit_id": "CIRC-KALIMANTAN-0179", "circuit_from_id": "GI-KLM-0015", "circuit_from_name": "GIS PLTU Kalbar1", "circuit_to_id": "GI-KLM-0015", "circuit_to_name": "GIS PLTU Kalbar1", "circuit_length_km": 0.032, "circuit_segment_count": 1, "match_tier": "UNMATCHED_BASELINE"}}, {"type": "Feature", "geometry": {"type": "LineString", "coordinates": [[108.8657339, 0.830086], [108.865583, 0.829921]]}, "properties": {"id": "TRM-KLM-0210", "system": "Khatulistiwa", "voltage_class": "150 kV", "voltage_kv_max": 150.0, "voltage_kv_all": "150", "length_km": 0.025, "osm_id": "way/1311455896", "osm_voltage": "150000", "source_id": "OSM-overpass", "color": "#1f77b4", "weight": 1.8, "from_id": "GI-KLM-0015", "from_name": "GIS PLTU Kalbar1", "from_distance_km": 2.711, "to_id": "GI-KLM-0015", "to_name": "GIS PLTU Kalbar1", "to_distance_km": "", "endpoint_confidence": "both", "circuit_id": "CIRC-KALIMANTAN-0180", "circuit_from_id": "GI-KLM-0015", "circuit_from_name": "GIS PLTU Kalbar1", "circuit_to_id": "GI-KLM-0015", "circuit_to_name": "GIS PLTU Kalbar1", "circuit_length_km": 0.025, "circuit_segment_count": 1, "match_tier": "UNMATCHED_BASELINE"}}, {"type": "Feature", "geometry": {"type": "LineString", "coordinates": [[108.8655186, 0.8304284], [108.8653619, 0.8302573]]}, "properties": {"id": "TRM-KLM-0211", "system": "Khatulistiwa", "voltage_class": "150 kV", "voltage_kv_max": 150.0, "voltage_kv_all": "150", "length_km": 0.026, "osm_id": "way/1311455897", "osm_voltage": "150000", "source_id": "OSM-overpass", "color": "#1f77b4", "weight": 1.8, "from_id": "GI-KLM-0015", "from_name": "GIS PLTU Kalbar1", "from_distance_km": 2.717, "to_id": "GI-KLM-0015", "to_name": "GIS PLTU Kalbar1", "to_distance_km": "", "endpoint_confidence": "both", "circuit_id": "CIRC-KALIMANTAN-0181", "circuit_from_id": "GI-KLM-0015", "circuit_from_name": "GIS PLTU Kalbar1", "circuit_to_id": "GI-KLM-0015", "circuit_to_name": "GIS PLTU Kalbar1", "circuit_length_km": 0.026, "circuit_segment_count": 1, "match_tier": "UNMATCHED_BASELINE"}}, {"type": "Feature", "geometry": {"type": "LineString", "coordinates": [[108.865454, 0.8306681], [108.8651689, 0.8305715]]}, "properties": {"id": "TRM-KLM-0212", "system": "Khatulistiwa", "voltage_class": "150 kV", "voltage_kv_max": 150.0, "voltage_kv_all": "150", "length_km": 0.033, "osm_id": "way/1311455898", "osm_voltage": "150000", "source_id": "OSM-overpass", "color": "#1f77b4", "weight": 1.8, "from_id": "GI-KLM-0015", "from_name": "GIS PLTU Kalbar1", "from_distance_km": 2.728, "to_id": "GI-KLM-0015", "to_name": "GIS PLTU Kalbar1", "to_distance_km": "", "endpoint_confidence": "both", "circuit_id": "CIRC-KALIMANTAN-0182", "circuit_from_id": "GI-KLM-0015", "circuit_from_name": "GIS PLTU Kalbar1", "circuit_to_id": "GI-KLM-0015", "circuit_to_name": "GIS PLTU Kalbar1", "circuit_length_km": 0.033, "circuit_segment_count": 1, "match_tier": "UNMATCHED_BASELINE"}}, {"type": "Feature", "geometry": {"type": "LineString", "coordinates": [[108.9865839, 0.9273861], [108.9872327, 0.9268314], [108.9875359, 0.9266071]]}, "properties": {"id": "TRM-KLM-0213", "system": "Khatulistiwa", "voltage_class": "150 kV", "voltage_kv_max": 150.0, "voltage_kv_all": "150", "length_km": 0.137, "osm_id": "way/1311455899", "osm_voltage": "150000", "source_id": "OSM-overpass", "color": "#1f77b4", "weight": 1.8, "from_id": "GI-KLM-0009", "from_name": "GI SINGKAWANG", "from_distance_km": 0.203, "to_id": "GI-KLM-0009", "to_name": "GI SINGKAWANG", "to_distance_km": "", "endpoint_confidence": "both", "circuit_id": "CIRC-KALIMANTAN-0183", "circuit_from_id": "GI-KLM-0009", "circuit_from_name": "GI SINGKAWANG", "circuit_to_id": "GI-KLM-0009", "circuit_to_name": "GI SINGKAWANG", "circuit_length_km": 0.137, "circuit_segment_count": 1, "match_tier": "UNMATCHED_BASELINE"}}, {"type": "Feature", "geometry": {"type": "LineString", "coordinates": [[108.9865839, 0.9273861], [108.9873136, 0.9269602], [108.987607, 0.9267088]]}, "properties": {"id": "TRM-KLM-0214", "system": "Khatulistiwa", "voltage_class": "150 kV", "voltage_kv_max": 150.0, "voltage_kv_all": "150", "length_km": 0.137, "osm_id": "way/1311455900", "osm_voltage": "150000", "source_id": "OSM-overpass", "color": "#1f77b4", "weight": 1.8, "from_id": "GI-KLM-0009", "from_name": "GI SINGKAWANG", "from_distance_km": 0.203, "to_id": "GI-KLM-0009", "to_name": "GI SINGKAWANG", "to_distance_km": "", "endpoint_confidence": "both", "circuit_id": "CIRC-KALIMANTAN-0184", "circuit_from_id": "GI-KLM-0009", "circuit_from_name": "GI SINGKAWANG", "circuit_to_id": "GI-KLM-0009", "circuit_to_name": "GI SINGKAWANG", "circuit_length_km": 0.137, "circuit_segment_count": 1, "match_tier": "UNMATCHED_BASELINE"}}, {"type": "Feature", "geometry": {"type": "LineString", "coordinates": [[108.847369, 0.8143293], [108.8471123, 0.8146346]]}, "properties": {"id": "TRM-KLM-0215", "system": "Khatulistiwa", "voltage_class": "150 kV", "voltage_kv_max": 150.0, "voltage_kv_all": "150", "length_km": 0.044, "osm_id": "way/1311455903", "osm_voltage": "150000", "source_id": "OSM-overpass", "color": "#1f77b4", "weight": 1.8, "from_id": "GI-KLM-0015", "from_name": "GIS PLTU Kalbar1", "from_distance_km": 0.065, "to_id": "GI-KLM-0015", "to_name": "GIS PLTU Kalbar1", "to_distance_km": "", "endpoint_confidence": "both", "circuit_id": "CIRC-KALIMANTAN-0185", "circuit_from_id": "GI-KLM-0015", "circuit_from_name": "GIS PLTU Kalbar1", "circuit_to_id": "GI-KLM-0015", "circuit_to_name": "GIS PLTU Kalbar1", "circuit_length_km": 0.044, "circuit_segment_count": 1, "match_tier": "UNMATCHED_BASELINE"}}, {"type": "Feature", "geometry": {"type": "LineString", "coordinates": [[108.8470034, 0.8145563], [108.847369, 0.8143293]]}, "properties": {"id": "TRM-KLM-0216", "system": "Khatulistiwa", "voltage_class": "150 kV", "voltage_kv_max": 150.0, "voltage_kv_all": "150", "length_km": 0.048, "osm_id": "way/1311455904", "osm_voltage": "150000", "source_id": "OSM-overpass", "color": "#1f77b4", "weight": 1.8, "from_id": "GI-KLM-0015", "from_name": "GIS PLTU Kalbar1", "from_distance_km": 0.017, "to_id": "GI-KLM-0015", "to_name": "GIS PLTU Kalbar1", "to_distance_km": "", "endpoint_confidence": "both", "circuit_id": "CIRC-KALIMANTAN-0186", "circuit_from_id": "GI-KLM-0015", "circuit_from_name": "GIS PLTU Kalbar1", "circuit_to_id": "GI-KLM-0015", "circuit_to_name": "GIS PLTU Kalbar1", "circuit_length_km": 0.048, "circuit_segment_count": 1, "match_tier": "UNMATCHED_BASELINE"}}, {"type": "Feature", "geometry": {"type": "LineString", "coordinates": [[108.847369, 0.8143293], [108.8490077, 0.8162479], [108.85069, 0.8180502], [108.8503578, 0.820553], [108.8535434, 0.8223761], [108.8550103, 0.8232563], [108.8569144, 0.8243971], [108.859878, 0.8247331], [108.8629575, 0.8250846], [108.8665019, 0.8253849], [108.8692013, 0.8242667], [108.8708098, 0.8224055], [108.8722148, 0.8229125], [108.8749196, 0.8239532], [108.8783403, 0.8250466], [108.880491, 0.8263731], [108.8832497, 0.8281277], [108.8833895, 0.8286608], [108.8834523, 0.8288999], [108.8835174, 0.8291481], [108.8852301, 0.8301393], [108.8876797, 0.8315913], [108.8903379, 0.8332625], [108.8931664, 0.8350912], [108.8947617, 0.8361321], [108.8974806, 0.8378863], [108.9006349, 0.8396598], [108.9040184, 0.8385673], [108.90722, 0.8374888], [108.9085339, 0.8372449], [108.9094349, 0.8387776], [108.9112187, 0.8414094], [108.9131931, 0.8444481], [108.9150009, 0.8470323], [108.9160865, 0.8486255], [108.9177023, 0.851105], [108.9192432, 0.8533859], [108.9212295, 0.8563731], [108.9227718, 0.8579643], [108.9237217, 0.8599961], [108.9253889, 0.8624985], [108.927147, 0.8651974], [108.9292068, 0.8681524], [108.9317571, 0.8704674], [108.9347231, 0.8724442], [108.9369262, 0.8739163], [108.9398344, 0.8756759], [108.9421605, 0.8774321], [108.9445253, 0.8793023], [108.9469507, 0.881425], [108.9494748, 0.8835887], [108.9517868, 0.8855796], [108.9533126, 0.8877894], [108.9553799, 0.8904378], [108.9570742, 0.89272], [108.958067, 0.8955052], [108.9601595, 0.8978605], [108.9609915, 0.9009546], [108.961995, 0.9030144], [108.9638329, 0.905264], [108.9661325, 0.9076379], [108.9679632, 0.9101756], [108.9695095, 0.9128319], [108.9707615, 0.9149904], [108.9722445, 0.9168806], [108.9741366, 0.9193273], [108.9748573, 0.9231703], [108.9772347, 0.9246726], [108.9789563, 0.9275615], [108.9822578, 0.9285101], [108.9854134, 0.9290737], [108.9865839, 0.9273861]]}, "properties": {"id": "TRM-KLM-0217", "system": "Khatulistiwa", "voltage_class": "150 kV", "voltage_kv_max": 150.0, "voltage_kv_all": "150", "length_km": 22.109, "osm_id": "way/1311455905", "osm_voltage": "150000", "source_id": "OSM-overpass", "color": "#1f77b4", "weight": 1.8, "from_id": "GI-KLM-0015", "from_name": "GIS PLTU Kalbar1", "from_distance_km": 0.065, "to_id": "GI-KLM-0009", "to_name": "GI SINGKAWANG", "to_distance_km": 0.203, "endpoint_confidence": "both", "circuit_id": "CIRC-KALIMANTAN-0187", "circuit_from_id": "GI-KLM-0015", "circuit_from_name": "GIS PLTU Kalbar1", "circuit_to_id": "GI-KLM-0009", "circuit_to_name": "GI SINGKAWANG", "circuit_length_km": 22.109, "circuit_segment_count": 1, "match_tier": "UNMATCHED_BASELINE"}}, {"type": "Feature", "geometry": {"type": "LineString", "coordinates": [[110.0943635, -1.3874313], [110.0949423, -1.3905667], [110.0954176, -1.3934658], [110.0959548, -1.3968414], [110.0964736, -1.4000055], [110.0969566, -1.4030237], [110.0976633, -1.4069784], [110.0979992, -1.4092623], [110.0985168, -1.4124145], [110.0990778, -1.4155663], [110.0996085, -1.418668], [110.1001086, -1.4218013], [110.1006011, -1.4248561], [110.1011769, -1.4280468], [110.1002213, -1.4307195], [110.099288, -1.4337484], [110.0982194, -1.4368075], [110.0972602, -1.4397987], [110.0962158, -1.4427945], [110.0953624, -1.4458791], [110.0943039, -1.4484176], [110.0931074, -1.4512543], [110.091832, -1.4540858], [110.0907109, -1.4570787]]}, "properties": {"id": "TRM-KLM-0218", "system": "Khatulistiwa", "voltage_class": "150 kV", "voltage_kv_max": 150.0, "voltage_kv_all": "150", "length_km": 8.015, "osm_id": "way/1311508962", "osm_voltage": "150000", "source_id": "OSM-overpass", "color": "#1f77b4", "weight": 1.8, "from_id": "", "from_name": "", "from_distance_km": "", "to_id": "", "to_name": "", "to_distance_km": "", "endpoint_confidence": "none", "circuit_id": "", "circuit_from_id": "", "circuit_from_name": "", "circuit_to_id": "", "circuit_to_name": "", "circuit_length_km": "", "circuit_segment_count": "", "match_tier": "BASELINE_UNRESOLVED"}}, {"type": "Feature", "geometry": {"type": "LineString", "coordinates": [[110.0933933, -1.3813486], [110.0938855, -1.3843471], [110.0943635, -1.3874313]]}, "properties": {"id": "TRM-KLM-0219", "system": "Khatulistiwa", "voltage_class": "150 kV", "voltage_kv_max": 150.0, "voltage_kv_all": "150", "length_km": 0.685, "osm_id": "way/1311508963", "osm_voltage": "150000", "source_id": "OSM-overpass", "color": "#1f77b4", "weight": 1.8, "from_id": "", "from_name": "", "from_distance_km": "", "to_id": "", "to_name": "", "to_distance_km": "", "endpoint_confidence": "none", "circuit_id": "", "circuit_from_id": "", "circuit_from_name": "", "circuit_to_id": "", "circuit_to_name": "", "circuit_length_km": "", "circuit_segment_count": "", "match_tier": "BASELINE_UNRESOLVED"}}, {"type": "Feature", "geometry": {"type": "LineString", "coordinates": [[110.0943635, -1.3874313], [110.0940451, -1.3843304], [110.0933933, -1.3813486]]}, "properties": {"id": "TRM-KLM-0220", "system": "Khatulistiwa", "voltage_class": "150 kV", "voltage_kv_max": 150.0, "voltage_kv_all": "150", "length_km": 0.686, "osm_id": "way/1311508964", "osm_voltage": "150000", "source_id": "OSM-overpass", "color": "#1f77b4", "weight": 1.8, "from_id": "", "from_name": "", "from_distance_km": "", "to_id": "", "to_name": "", "to_distance_km": "", "endpoint_confidence": "none", "circuit_id": "", "circuit_from_id": "", "circuit_from_name": "", "circuit_to_id": "", "circuit_to_name": "", "circuit_length_km": "", "circuit_segment_count": "", "match_tier": "BASELINE_UNRESOLVED"}}, {"type": "Feature", "geometry": {"type": "LineString", "coordinates": [[110.5391851, -1.1998565], [110.5377227, -1.201799], [110.536961, -1.2045074], [110.536344, -1.2068887], [110.5357754, -1.2088409], [110.5350673, -1.2124986], [110.5341875, -1.2137054], [110.5344719, -1.2156683], [110.5334365, -1.2183928], [110.5319774, -1.2215464], [110.5304432, -1.2265127], [110.5291074, -1.2303313], [110.5281472, -1.2327447], [110.5267739, -1.2362147], [110.5254167, -1.237888], [110.5237752, -1.2397329], [110.5215597, -1.2421571], [110.5197573, -1.244238], [110.5172253, -1.2470322], [110.5149454, -1.2496279], [110.5129713, -1.2518], [110.5111366, -1.2538621], [110.5106914, -1.254377], [110.508669, -1.2565946], [110.5081701, -1.258032], [110.5073065, -1.2602469], [110.506078, -1.2634326], [110.5048013, -1.2670795], [110.5036265, -1.2699059], [110.5017489, -1.2748373], [110.5007189, -1.277559], [110.4990452, -1.2819138], [110.4979026, -1.284885], [110.4968458, -1.2877381], [110.4956227, -1.2909023], [110.4945713, -1.2936911], [110.4936272, -1.2962225], [110.4925489, -1.2990756], [110.4902744, -1.301076], [110.4875386, -1.3035216], [110.4844969, -1.3061924], [110.481922, -1.3084341], [110.4781884, -1.3117431], [110.477078, -1.3127299], [110.4760694, -1.3135558], [110.4741973, -1.3151915], [110.4713058, -1.3177711], [110.4685968, -1.3201362], [110.4658502, -1.3226729], [110.4636294, -1.3244909], [110.4615962, -1.3267488], [110.4609418, -1.329752], [110.4602122, -1.3330288], [110.4595309, -1.3360696], [110.4594237, -1.3394429], [110.4589462, -1.3420761], [110.4585439, -1.3452456], [110.4583722, -1.3467419], [110.4581898, -1.3482757], [110.457707, -1.3514344], [110.4572618, -1.3544859], [110.4553306, -1.3568885], [110.4532063, -1.3595539], [110.4517633, -1.3613129], [110.4500788, -1.3633991], [110.4476809, -1.3663916], [110.4456693, -1.3689336], [110.4439688, -1.3709983], [110.4420054, -1.3734491], [110.4377997, -1.3750902], [110.4348063, -1.3762378], [110.4321349, -1.3773318], [110.4292166, -1.3784795], [110.4260731, -1.3797076], [110.4240373, -1.3804852], [110.4209876, -1.3816758], [110.4178011, -1.3829146], [110.4143572, -1.3842392], [110.4121578, -1.3851134], [110.4088855, -1.3864058], [110.4049426, -1.3879449], [110.4030114, -1.3886797], [110.4004365, -1.3896879], [110.3974914, -1.3908087], [110.3944123, -1.3920314], [110.3908637, -1.393407], [110.3884309, -1.394375], [110.3857648, -1.3953939], [110.3826803, -1.3966488], [110.3801268, -1.3976249], [110.3771174, -1.3987671], [110.374226, -1.3999309], [110.3712648, -1.4010785], [110.3680998, -1.4023066], [110.3656322, -1.4032612], [110.3621989, -1.4046072], [110.3586209, -1.4060177], [110.3556544, -1.4071546], [110.3531438, -1.4081789], [110.3502202, -1.4092943], [110.3472483, -1.4104312], [110.3447807, -1.411359], [110.3412187, -1.4127212], [110.3374958, -1.4142817], [110.3349262, -1.4152363], [110.3313321, -1.4149735], [110.3283226, -1.4143622], [110.3260159, -1.4139063], [110.3233981, -1.4133272], [110.3214562, -1.412941], [110.3171968, -1.4120669], [110.3141177, -1.4114663], [110.3117251, -1.4109353], [110.3074819, -1.4101363], [110.3041989, -1.4094767], [110.3014952, -1.4089726], [110.2987862, -1.4083612], [110.296517, -1.4079], [110.2928585, -1.4071814], [110.2902836, -1.406629], [110.2879822, -1.4061088], [110.285874, -1.4040442], [110.2841091, -1.4022744], [110.2825803, -1.4007031], [110.2805954, -1.3986921], [110.2788413, -1.3968151], [110.2760088, -1.3939191], [110.2746248, -1.3924122], [110.2728707, -1.3907765], [110.2702099, -1.3879825], [110.2683109, -1.3861001], [110.2663743, -1.3840462], [110.2638531, -1.3813755], [110.2619648, -1.3794985], [110.259127, -1.3794019], [110.2557689, -1.3793912], [110.2528614, -1.3792893], [110.2494925, -1.3792947], [110.2459466, -1.379182], [110.2430713, -1.3791499], [110.2389139, -1.3775356], [110.23525, -1.376211], [110.2314895, -1.3747309], [110.2285767, -1.3737602], [110.2261573, -1.372827], [110.2234375, -1.3718242], [110.2213186, -1.3710037], [110.2184218, -1.3699043], [110.2152675, -1.3687352], [110.2130145, -1.3679307], [110.2099192, -1.3667509], [110.2069366, -1.3655389], [110.2041364, -1.3647988], [110.2001989, -1.3638174], [110.1968032, -1.363029], [110.1939762, -1.36223], [110.190618, -1.3614041], [110.1864284, -1.3603798], [110.1832151, -1.3596665], [110.1808709, -1.358905], [110.178709, -1.358374], [110.1758552, -1.35765], [110.1713651, -1.3565238], [110.1675028, -1.3555746], [110.1628572, -1.3544269], [110.1597512, -1.3536225], [110.156495, -1.3535206], [110.1542419, -1.353408], [110.1514685, -1.3533758], [110.1476061, -1.3531184], [110.1442212, -1.3530648], [110.1404071, -1.3528663], [110.1370758, -1.3527215], [110.1349676, -1.3527108], [110.1331061, -1.3549632], [110.1313573, -1.3570923], [110.129469, -1.3594895], [110.127672, -1.3616776], [110.1258963, -1.3638978], [110.1240617, -1.3660752], [110.1211381, -1.3696308], [110.1180053, -1.3735135], [110.1151729, -1.3769672], [110.113467, -1.379123], [110.1117611, -1.381118], [110.1087677, -1.3818796], [110.1058173, -1.3825982], [110.1024431, -1.3831184], [110.0990421, -1.3835903], [110.0963384, -1.3839925], [110.0940451, -1.3843304]]}, "properties": {"id": "TRM-KLM-0221", "system": "Khatulistiwa", "voltage_class": "150 kV", "voltage_kv_max": 150.0, "voltage_kv_all": "150", "length_km": 65.742, "osm_id": "way/1311508965", "osm_voltage": "150000", "source_id": "OSM-overpass", "color": "#1f77b4", "weight": 1.8, "from_id": "GI-KLM-0021", "from_name": "GI SANDAI", "from_distance_km": 0.068, "to_id": "GI-KLM-0021", "to_name": "GI SANDAI", "to_distance_km": "", "endpoint_confidence": "both", "circuit_id": "CIRC-KALIMANTAN-0188", "circuit_from_id": "GI-KLM-0021", "circuit_from_name": "GI SANDAI", "circuit_to_id": "GI-KLM-0021", "circuit_to_name": "GI SANDAI", "circuit_length_km": 65.742, "circuit_segment_count": 1, "match_tier": "UNMATCHED_BASELINE"}}, {"type": "Feature", "geometry": {"type": "LineString", "coordinates": [[110.5394988, -1.1992883], [110.5391851, -1.1998565]]}, "properties": {"id": "TRM-KLM-0222", "system": "Khatulistiwa", "voltage_class": "150 kV", "voltage_kv_max": 150.0, "voltage_kv_all": "150", "length_km": 0.072, "osm_id": "way/1311508966", "osm_voltage": "150000", "source_id": "OSM-overpass", "color": "#1f77b4", "weight": 1.8, "from_id": "GI-KLM-0021", "from_name": "GI SANDAI", "from_distance_km": 0.016, "to_id": "GI-KLM-0021", "to_name": "GI SANDAI", "to_distance_km": "", "endpoint_confidence": "both", "circuit_id": "CIRC-KALIMANTAN-0189", "circuit_from_id": "GI-KLM-0021", "circuit_from_name": "GI SANDAI", "circuit_to_id": "GI-KLM-0021", "circuit_to_name": "GI SANDAI", "circuit_length_km": 0.072, "circuit_segment_count": 1, "match_tier": "UNMATCHED_BASELINE"}}, {"type": "Feature", "geometry": {"type": "LineString", "coordinates": [[117.366678, 2.8116279], [117.3676863, 2.8129304]]}, "properties": {"id": "TRM-KLM-0223", "system": "Mahakam", "voltage_class": "150 kV", "voltage_kv_max": 150.0, "voltage_kv_all": "150", "length_km": 0.183, "osm_id": "way/1312416840", "osm_voltage": "150000", "source_id": "OSM-overpass", "color": "#1f77b4", "weight": 1.8, "from_id": "GI-KLM-0098", "from_name": "Bulungan/Tj. Selor", "from_distance_km": 0.198, "to_id": "GI-KLM-0098", "to_name": "Bulungan/Tj. Selor", "to_distance_km": "", "endpoint_confidence": "both", "circuit_id": "CIRC-KALIMANTAN-0190", "circuit_from_id": "GI-KLM-0098", "circuit_from_name": "Bulungan/Tj. Selor", "circuit_to_id": "GI-KLM-0098", "circuit_to_name": "Bulungan/Tj. Selor", "circuit_length_km": 0.183, "circuit_segment_count": 1, "match_tier": "UNMATCHED_BASELINE"}}, {"type": "Feature", "geometry": {"type": "LineString", "coordinates": [[117.366678, 2.8116279], [117.3674984, 2.8130268]]}, "properties": {"id": "TRM-KLM-0224", "system": "Mahakam", "voltage_class": "150 kV", "voltage_kv_max": 150.0, "voltage_kv_all": "150", "length_km": 0.18, "osm_id": "way/1312416841", "osm_voltage": "150000", "source_id": "OSM-overpass", "color": "#1f77b4", "weight": 1.8, "from_id": "GI-KLM-0098", "from_name": "Bulungan/Tj. Selor", "from_distance_km": 0.198, "to_id": "GI-KLM-0098", "to_name": "Bulungan/Tj. Selor", "to_distance_km": "", "endpoint_confidence": "both", "circuit_id": "CIRC-KALIMANTAN-0191", "circuit_from_id": "GI-KLM-0098", "circuit_from_name": "Bulungan/Tj. Selor", "circuit_to_id": "GI-KLM-0098", "circuit_to_name": "Bulungan/Tj. Selor", "circuit_length_km": 0.18, "circuit_segment_count": 1, "match_tier": "UNMATCHED_BASELINE"}}, {"type": "Feature", "geometry": {"type": "LineString", "coordinates": [[117.4780124, 2.123986], [117.4779037, 2.1243564]]}, "properties": {"id": "TRM-KLM-0225", "system": "Mahakam", "voltage_class": "150 kV", "voltage_kv_max": 150.0, "voltage_kv_all": "150", "length_km": 0.043, "osm_id": "way/1312416842", "osm_voltage": "150000", "source_id": "OSM-overpass", "color": "#1f77b4", "weight": 1.8, "from_id": "", "from_name": "", "from_distance_km": "", "to_id": "", "to_name": "", "to_distance_km": "", "endpoint_confidence": "none", "circuit_id": "", "circuit_from_id": "", "circuit_from_name": "", "circuit_to_id": "", "circuit_to_name": "", "circuit_length_km": "", "circuit_segment_count": "", "match_tier": "BASELINE_UNRESOLVED"}}, {"type": "Feature", "geometry": {"type": "LineString", "coordinates": [[117.4780446, 2.1243587], [117.4780124, 2.123986]]}, "properties": {"id": "TRM-KLM-0226", "system": "Mahakam", "voltage_class": "150 kV", "voltage_kv_max": 150.0, "voltage_kv_all": "150", "length_km": 0.042, "osm_id": "way/1312416843", "osm_voltage": "150000", "source_id": "OSM-overpass", "color": "#1f77b4", "weight": 1.8, "from_id": "", "from_name": "", "from_distance_km": "", "to_id": "", "to_name": "", "to_distance_km": "", "endpoint_confidence": "none", "circuit_id": "", "circuit_from_id": "", "circuit_from_name": "", "circuit_to_id": "", "circuit_to_name": "", "circuit_length_km": "", "circuit_segment_count": "", "match_tier": "BASELINE_UNRESOLVED"}}, {"type": "Feature", "geometry": {"type": "LineString", "coordinates": [[117.367845, 2.811114], [117.3681048, 2.810522]]}, "properties": {"id": "TRM-KLM-0227", "system": "Mahakam", "voltage_class": "150 kV", "voltage_kv_max": 150.0, "voltage_kv_all": "150", "length_km": 0.072, "osm_id": "way/1312416844", "osm_voltage": "150000", "source_id": "OSM-overpass", "color": "#1f77b4", "weight": 1.8, "from_id": "GI-KLM-0098", "from_name": "Bulungan/Tj. Selor", "from_distance_km": 0.078, "to_id": "GI-KLM-0098", "to_name": "Bulungan/Tj. Selor", "to_distance_km": "", "endpoint_confidence": "both", "circuit_id": "CIRC-KALIMANTAN-0192", "circuit_from_id": "GI-KLM-0098", "circuit_from_name": "Bulungan/Tj. Selor", "circuit_to_id": "GI-KLM-0098", "circuit_to_name": "Bulungan/Tj. Selor", "circuit_length_km": 0.072, "circuit_segment_count": 1, "match_tier": "UNMATCHED_BASELINE"}}, {"type": "Feature", "geometry": {"type": "LineString", "coordinates": [[116.1089582, -3.2702214], [116.1090229, -3.2709189]]}, "properties": {"id": "TRM-KLM-0228", "system": "Kalselteng", "voltage_class": "150 kV", "voltage_kv_max": 150.0, "voltage_kv_all": "150", "length_km": 0.078, "osm_id": "way/1313244317", "osm_voltage": "150000", "source_id": "OSM-overpass", "color": "#1f77b4", "weight": 1.8, "from_id": "GI-KLM-0048", "from_name": "GI TARJUN", "from_distance_km": 2.634, "to_id": "GI-KLM-0048", "to_name": "GI TARJUN", "to_distance_km": "", "endpoint_confidence": "both", "circuit_id": "CIRC-KALIMANTAN-0193", "circuit_from_id": "GI-KLM-0048", "circuit_from_name": "GI TARJUN", "circuit_to_id": "GI-KLM-0048", "circuit_to_name": "GI TARJUN", "circuit_length_km": 0.078, "circuit_segment_count": 1, "match_tier": "UNMATCHED_BASELINE"}}, {"type": "Feature", "geometry": {"type": "LineString", "coordinates": [[116.1089582, -3.2702214], [116.1089444, -3.2670321], [116.109996, -3.264305], [116.11109, -3.261627], [116.11064, -3.258521], [116.110082, -3.255404], [116.109492, -3.252019], [116.108869, -3.248795], [116.108859, -3.247049]]}, "properties": {"id": "TRM-KLM-0229", "system": "Kalselteng", "voltage_class": "150 kV", "voltage_kv_max": 150.0, "voltage_kv_all": "150", "length_km": 2.644, "osm_id": "way/1313244318", "osm_voltage": "150000", "source_id": "OSM-overpass", "color": "#1f77b4", "weight": 1.8, "from_id": "GI-KLM-0048", "from_name": "GI TARJUN", "from_distance_km": 2.634, "to_id": "GI-KLM-0048", "to_name": "GI TARJUN", "to_distance_km": "", "endpoint_confidence": "both", "circuit_id": "CIRC-KALIMANTAN-0194", "circuit_from_id": "GI-KLM-0048", "circuit_from_name": "GI TARJUN", "circuit_to_id": "GI-KLM-0048", "circuit_to_name": "GI TARJUN", "circuit_length_km": 2.644, "circuit_segment_count": 1, "match_tier": "UNMATCHED_BASELINE"}}, {"type": "Feature", "geometry": {"type": "LineString", "coordinates": [[116.1088635, -3.2709162], [116.1089582, -3.2702214]]}, "properties": {"id": "TRM-KLM-0230", "system": "Kalselteng", "voltage_class": "150 kV", "voltage_kv_max": 150.0, "voltage_kv_all": "150", "length_km": 0.078, "osm_id": "way/1313244319", "osm_voltage": "150000", "source_id": "OSM-overpass", "color": "#1f77b4", "weight": 1.8, "from_id": "GI-KLM-0048", "from_name": "GI TARJUN", "from_distance_km": 2.711, "to_id": "GI-KLM-0048", "to_name": "GI TARJUN", "to_distance_km": "", "endpoint_confidence": "both", "circuit_id": "CIRC-KALIMANTAN-0195", "circuit_from_id": "GI-KLM-0048", "circuit_from_name": "GI TARJUN", "circuit_to_id": "GI-KLM-0048", "circuit_to_name": "GI TARJUN", "circuit_length_km": 0.078, "circuit_segment_count": 1, "match_tier": "UNMATCHED_BASELINE"}}, {"type": "Feature", "geometry": {"type": "LineString", "coordinates": [[117.052448, -0.3813987], [117.0528633, -0.3814794]]}, "properties": {"id": "TRM-KLM-0231", "system": "Mahakam", "voltage_class": "150 kV", "voltage_kv_max": 150.0, "voltage_kv_all": "150", "length_km": 0.047, "osm_id": "way/1313299777", "osm_voltage": "150000", "source_id": "OSM-overpass", "color": "#1f77b4", "weight": 1.8, "from_id": "GI-KLM-0077", "from_name": "GI Embalut", "from_distance_km": 1.586, "to_id": "GI-KLM-0077", "to_name": "GI Embalut", "to_distance_km": "", "endpoint_confidence": "both", "circuit_id": "CIRC-KALIMANTAN-0196", "circuit_from_id": "GI-KLM-0077", "circuit_from_name": "GI Embalut", "circuit_to_id": "GI-KLM-0077", "circuit_to_name": "GI Embalut", "circuit_length_km": 0.047, "circuit_segment_count": 1, "match_tier": "UNMATCHED_BASELINE"}}, {"type": "Feature", "geometry": {"type": "LineString", "coordinates": [[117.0524436, -0.3815012], [117.0528633, -0.3814794]]}, "properties": {"id": "TRM-KLM-0232", "system": "Mahakam", "voltage_class": "150 kV", "voltage_kv_max": 150.0, "voltage_kv_all": "150", "length_km": 0.047, "osm_id": "way/1313299778", "osm_voltage": "150000", "source_id": "OSM-overpass", "color": "#1f77b4", "weight": 1.8, "from_id": "GI-KLM-0077", "from_name": "GI Embalut", "from_distance_km": 1.594, "to_id": "GI-KLM-0077", "to_name": "GI Embalut", "to_distance_km": "", "endpoint_confidence": "both", "circuit_id": "CIRC-KALIMANTAN-0197", "circuit_from_id": "GI-KLM-0077", "circuit_from_name": "GI Embalut", "circuit_to_id": "GI-KLM-0077", "circuit_to_name": "GI Embalut", "circuit_length_km": 0.047, "circuit_segment_count": 1, "match_tier": "UNMATCHED_BASELINE"}}, {"type": "Feature", "geometry": {"type": "LineString", "coordinates": [[112.755927, -1.9763182], [112.7582779, -1.9772511], [112.761113, -1.9784761], [112.7643049, -1.9798593], [112.7665311, -1.9808565], [112.7689934, -1.9819556], [112.7718848, -1.9832047], [112.7747709, -1.9844914], [112.7774922, -1.9856799], [112.7809453, -1.9871881], [112.7838582, -1.9884641], [112.7867062, -1.9897231], [112.7927851, -1.992398], [112.7957234, -1.9936753], [112.7990319, -1.9951196], [112.8039291, -1.9973041], [112.8068435, -1.9985336], [112.8100804, -1.9998825], [112.8129948, -2.0010523], [112.8158136, -2.0021505], [112.8186205, -2.0032845], [112.8215827, -2.0044782], [112.8248435, -2.0058629], [112.827734, -2.0070447], [112.8306603, -2.0082384], [112.8335867, -2.0094082], [112.8363816, -2.0105422], [112.8394513, -2.0117956], [112.8424493, -2.0130012], [112.8453104, -2.0141847], [112.848177, -2.0153425], [112.851069, -2.0165135], [112.8539711, -2.0176876], [112.856884, -2.0188671], [112.8597702, -2.0200339], [112.8628117, -2.0212635]]}, "properties": {"id": "TRM-KLM-0233", "system": "Kalselteng", "voltage_class": "150 kV", "voltage_kv_max": 150.0, "voltage_kv_all": "150", "length_km": 12.888, "osm_id": "way/1313922553", "osm_voltage": "150000", "source_id": "OSM-overpass", "color": "#1f77b4", "weight": 1.8, "from_id": "GI-KLM-0057", "from_name": "GI PARENGGEAN", "from_distance_km": 0.055, "to_id": "GI-KLM-0057", "to_name": "GI PARENGGEAN", "to_distance_km": "", "endpoint_confidence": "both", "circuit_id": "CIRC-KALIMANTAN-0198", "circuit_from_id": "GI-KLM-0057", "circuit_from_name": "GI PARENGGEAN", "circuit_to_id": "GI-KLM-0057", "circuit_to_name": "GI PARENGGEAN", "circuit_length_km": 12.888, "circuit_segment_count": 1, "match_tier": "UNMATCHED_BASELINE"}}, {"type": "Feature", "geometry": {"type": "LineString", "coordinates": [[113.0058441, -2.0184771], [113.0028498, -2.0176233], [112.9990625, -2.0186741], [112.9953289, -2.0196659], [112.9925126, -2.0204593], [112.9901522, -2.0210758], [112.9873131, -2.0218653], [112.9835969, -2.0227967], [112.9798096, -2.0238314], [112.9765266, -2.0247214], [112.973206, -2.0256113], [112.9701108, -2.0264423], [112.9675412, -2.0270749], [112.9645264, -2.027493], [112.9608947, -2.0279326], [112.9538888, -2.0288655], [112.9507184, -2.0292729], [112.947607, -2.0296267], [112.9445064, -2.030002], [112.941615, -2.0303826], [112.9380315, -2.030833], [112.9357517, -2.0310689], [112.9316425, -2.0316318], [112.9282737, -2.0320285], [112.9242504, -2.0325271], [112.9211122, -2.0329399], [112.9176253, -2.0334009], [112.914235, -2.0338137], [112.9106516, -2.0342855], [112.9072988, -2.0347465], [112.9038441, -2.0351861], [112.9009741, -2.0355346], [112.8986353, -2.035867], [112.8952342, -2.0344946], [112.8923535, -2.0333151], [112.8894567, -2.0321089], [112.8865331, -2.0309241], [112.8836524, -2.029809], [112.8807664, -2.0285974], [112.8777033, -2.0273429], [112.8748494, -2.0261849], [112.8719366, -2.0250109], [112.8690827, -2.0237993], [112.865746, -2.022459], [112.8628117, -2.0212635]]}, "properties": {"id": "TRM-KLM-0234", "system": "Kalselteng", "voltage_class": "150 kV", "voltage_kv_max": 150.0, "voltage_kv_all": "150", "length_km": 16.427, "osm_id": "way/1313922554", "osm_voltage": "150000", "source_id": "OSM-overpass", "color": "#1f77b4", "weight": 1.8, "from_id": "", "from_name": "", "from_distance_km": "", "to_id": "", "to_name": "", "to_distance_km": "", "endpoint_confidence": "none", "circuit_id": "", "circuit_from_id": "", "circuit_from_name": "", "circuit_to_id": "", "circuit_to_name": "", "circuit_length_km": "", "circuit_segment_count": "", "match_tier": "BASELINE_UNRESOLVED"}}, {"type": "Feature", "geometry": {"type": "LineString", "coordinates": [[115.9859719, -3.4812138], [115.9839815, -3.4780962], [115.9819908, -3.4749772], [115.9790222, -3.4734605], [115.9761203, -3.4719784], [115.9732139, -3.4705747], [115.9702948, -3.4690031], [115.9692323, -3.4661884], [115.9681523, -3.463329], [115.9670037, -3.4602861], [115.9658321, -3.4571831], [115.9646404, -3.4540271], [115.9634373, -3.4508401], [115.9622542, -3.4477069], [115.9610668, -3.4445614], [115.9596761, -3.4414391], [115.9583433, -3.438447], [115.9569634, -3.4353496], [115.9557341, -3.4325891], [115.9545368, -3.4299019], [115.9534449, -3.4274508], [115.9520974, -3.4244255], [115.951443, -3.421171], [115.9507803, -3.4178771], [115.950154, -3.4147615], [115.9495102, -3.4115597], [115.949748, -3.4082158], [115.9499838, -3.4049022], [115.9502247, -3.4015195], [115.9504341, -3.3985806], [115.9506738, -3.3952102], [115.9509106, -3.3918817], [115.9511332, -3.3887558], [115.9513409, -3.3858379], [115.9515582, -3.3827859], [115.9518012, -3.3793702], [115.9520418, -3.3759884], [115.9522802, -3.3726375], [115.9525046, -3.3694888], [115.9527457, -3.3660947], [115.9551114, -3.3639482], [115.9575583, -3.3617275], [115.9601174, -3.3594048], [115.9626389, -3.3571157], [115.9651078, -3.3548754], [115.9676179, -3.3525974], [115.9701249, -3.3503221], [115.9722647, -3.3483798], [115.9748387, -3.3460435], [115.9771904, -3.3439092], [115.9790181, -3.3422506], [115.9817181, -3.3397997], [115.9841911, -3.3375552], [115.9859953, -3.3359174], [115.9873982, -3.3346442], [115.989987, -3.3322941], [115.9907394, -3.32951], [115.9915822, -3.3263908], [115.9922773, -3.3238176], [115.9929903, -3.3211774], [115.9936665, -3.3186749], [115.9943379, -3.3161902], [115.9949436, -3.313948], [115.9974096, -3.3127066], [115.9998757, -3.3114652], [116.0023417, -3.3102238], [116.0044063, -3.3085597], [116.0064708, -3.3068956], [116.0085353, -3.3052314], [116.0105998, -3.3035673], [116.0126643, -3.3019031], [116.0155276, -3.3006577], [116.0183909, -3.2994122], [116.0212542, -3.2981667], [116.0241175, -3.2969213], [116.0269808, -3.2956758], [116.0299736, -3.2947535], [116.0329664, -3.2938311], [116.0359592, -3.2929088], [116.0389521, -3.2919864], [116.0419449, -3.2910641], [116.0449377, -3.2901417], [116.0479306, -3.2892193], [116.0504834, -3.2881535], [116.0530363, -3.2870875], [116.0555838, -3.2860245], [116.0568278, -3.283927], [116.0578107, -3.2822747], [116.0589354, -3.2803776], [116.0602449, -3.2774805], [116.061516, -3.2752565], [116.0634811, -3.2719566], [116.0628094, -3.2683377], [116.0635768, -3.2657875], [116.0643503, -3.2632681], [116.0671417, -3.2613111], [116.0677267, -3.2582787], [116.0682611, -3.2554972], [116.0688964, -3.2521974], [116.0712079, -3.251226], [116.0743733, -3.2505753], [116.0771695, -3.2499916], [116.079684, -3.2494702], [116.0829887, -3.2487768], [116.085803, -3.2481894], [116.0873066, -3.2461982], [116.0888588, -3.2441427], [116.0898279, -3.2428592], [116.0932134, -3.242892], [116.0963018, -3.2429221], [116.0997809, -3.2429557], [116.1023633, -3.243748], [116.1049457, -3.2445401], [116.1079551, -3.2468316]]}, "properties": {"id": "TRM-KLM-0235", "system": "Kalselteng", "voltage_class": "150 kV", "voltage_kv_max": 150.0, "voltage_kv_all": "150", "length_km": 38.348, "osm_id": "way/1315553686", "osm_voltage": "150000", "source_id": "OSM-overpass", "color": "#1f77b4", "weight": 1.8, "from_id": "GI-KLM-0045", "from_name": "GI BATULICIN", "from_distance_km": 0.16, "to_id": "GI-KLM-0048", "to_name": "GI TARJUN", "to_distance_km": 0.071, "endpoint_confidence": "both", "circuit_id": "CIRC-KALIMANTAN-0199", "circuit_from_id": "GI-KLM-0045", "circuit_from_name": "GI BATULICIN", "circuit_to_id": "GI-KLM-0048", "circuit_to_name": "GI TARJUN", "circuit_length_km": 38.348, "circuit_segment_count": 1, "match_tier": "UNMATCHED_BASELINE"}}, {"type": "Feature", "geometry": {"type": "LineString", "coordinates": [[113.595383, -1.4598505], [113.5958311, -1.4629653], [113.5962326, -1.4659891], [113.596659, -1.469185], [113.596991, -1.471759], [113.597506, -1.475481], [113.597893, -1.478237], [113.598515, -1.482645], [113.597238, -1.485852], [113.596036, -1.489038], [113.594878, -1.492041], [113.593719, -1.494926], [113.592592, -1.497779], [113.591423, -1.500857], [113.590297, -1.503796], [113.589181, -1.506691], [113.588011, -1.509662], [113.586895, -1.512365], [113.585705, -1.515507], [113.584546, -1.518575], [113.583398, -1.521438], [113.58228, -1.524372], [113.5811, -1.52731], [113.579974, -1.530249], [113.578793, -1.533241], [113.577712, -1.536121], [113.576553, -1.539102], [113.575383, -1.542095], [113.574214, -1.545055], [113.571779, -1.546814], [113.569096, -1.548809], [113.566511, -1.550675], [113.564923, -1.551983], [113.563131, -1.553549], [113.561747, -1.554278], [113.561779, -1.556391], [113.561811, -1.559158], [113.561854, -1.566408], [113.561887, -1.568746], [113.561919, -1.576017], [113.561962, -1.579149], [113.56194, -1.582045], [113.561876, -1.585498], [113.561994, -1.588673], [113.562058, -1.592276], [113.56203, -1.595455], [113.56204, -1.598179], [113.562094, -1.600324], [113.562148, -1.603573], [113.562126, -1.605911], [113.56233, -1.607992], [113.563907, -1.609912], [113.565592, -1.611949], [113.567373, -1.614105], [113.568939, -1.615992], [113.570774, -1.618234], [113.573016, -1.620979], [113.574829, -1.623114], [113.576535, -1.625151], [113.578777, -1.627929], [113.580812, -1.630445], [113.582851, -1.63289], [113.584793, -1.635153], [113.586874, -1.637802], [113.588827, -1.640183], [113.590865, -1.642692], [113.592839, -1.645105], [113.594867, -1.647454], [113.596927, -1.649942], [113.598912, -1.652355], [113.600918, -1.654779], [113.602871, -1.657277], [113.604909, -1.659669], [113.606873, -1.662071], [113.608857, -1.664506], [113.610853, -1.666951], [113.612967, -1.669417], [113.614973, -1.67183], [113.6169362, -1.6743452], [113.6189264, -1.6767635], [113.6209595, -1.6792033], [113.6229336, -1.6816323], [113.6249828, -1.6841471], [113.6269462, -1.6865172], [113.6289686, -1.6889408], [113.631168, -1.6916326], [113.6332923, -1.6941689], [113.6353844, -1.6967856], [113.6376053, -1.6994773], [113.6383456, -1.7025337], [113.6390001, -1.7056008], [113.6396545, -1.7087], [113.6401212, -1.7109253], [113.64084, -1.7142283], [113.6415106, -1.7173383], [113.6421758, -1.7204214], [113.6428517, -1.7235046], [113.6434954, -1.7265502], [113.6441928, -1.7297137], [113.6448312, -1.7328129], [113.6454964, -1.7359229], [113.6461723, -1.7389846], [113.6460435, -1.7417245], [113.6458987, -1.7445449], [113.6457378, -1.7477942], [113.6456037, -1.7506843], [113.6454374, -1.7535958], [113.6452979, -1.7564752], [113.645153, -1.7594778], [113.64496, -1.762684], [113.644874, -1.765762], [113.64466, -1.769065], [113.644574, -1.771896], [113.644359, -1.774695], [113.6442304, -1.7775419], [113.6440962, -1.7807161], [113.6439675, -1.7838635], [113.643769, -1.7870645], [113.6435544, -1.7902441], [113.6433184, -1.7933378], [113.6430502, -1.7966139], [113.6428249, -1.7998149], [113.6425996, -1.8029515], [113.6423582, -1.8060667], [113.64209, -1.8093642], [113.6417788, -1.8135731], [113.6416876, -1.8156535], [113.6415267, -1.8186453], [113.6413282, -1.8218891], [113.6388928, -1.8228328], [113.6358994, -1.8239695], [113.6329865, -1.8250794], [113.629982, -1.826189], [113.627032, -1.827283], [113.624082, -1.82843], [113.621153, -1.829546], [113.618213, -1.83065], [113.61522, -1.831744], [113.612344, -1.832838], [113.609362, -1.833964], [113.6064, -1.835057], [113.603493, -1.836173], [113.600521, -1.837266], [113.597624, -1.838371], [113.595328, -1.839207], [113.592796, -1.840151], [113.589803, -1.841266], [113.586863, -1.84236], [113.583988, -1.843443], [113.580973, -1.844548], [113.577991, -1.845663], [113.575062, -1.846735], [113.572133, -1.847829], [113.56915, -1.848955], [113.5662, -1.850059], [113.563249, -1.851196], [113.560331, -1.852258], [113.557413, -1.853351], [113.554312, -1.854552], [113.551587, -1.855614], [113.548551, -1.856783], [113.545632, -1.857866], [113.542725, -1.858992], [113.539538, -1.860182], [113.536845, -1.861211], [113.533938, -1.862348], [113.530945, -1.863496], [113.52808, -1.864621], [113.525119, -1.86578], [113.522168, -1.866895], [113.519465, -1.867913], [113.516536, -1.86905], [113.513575, -1.870197], [113.510678, -1.87127], [113.507566, -1.872417], [113.504745, -1.873586], [113.501784, -1.87469], [113.498887, -1.875806], [113.4959525, -1.8769369], [113.4929967, -1.8780414], [113.4900677, -1.8791781], [113.4871387, -1.8802718], [113.4841776, -1.8814138], [113.4812325, -1.8825022], [113.4782767, -1.8835691], [113.4753799, -1.8846843], [113.4718019, -1.8841107], [113.468331, -1.883494], [113.464855, -1.882969], [113.461422, -1.882433], [113.459201, -1.884963], [113.457098, -1.88758], [113.45492, -1.890153], [113.452796, -1.892694], [113.448257, -1.894346], [113.444245, -1.895783], [113.440104, -1.897498], [113.434503, -1.899664]]}, "properties": {"id": "TRM-KLM-0236", "system": "Kalselteng", "voltage_class": "150 kV", "voltage_kv_max": 150.0, "voltage_kv_all": "150", "length_km": 69.569, "osm_id": "way/1316758072", "osm_voltage": "150000", "source_id": "OSM-overpass", "color": "#1f77b4", "weight": 1.8, "from_id": "GI-KLM-0055", "from_name": "GI KASONGAN", "from_distance_km": "", "to_id": "GI-KLM-0055", "to_name": "GI KASONGAN", "to_distance_km": 0.071, "endpoint_confidence": "both", "circuit_id": "CIRC-KALIMANTAN-0200", "circuit_from_id": "GI-KLM-0055", "circuit_from_name": "GI KASONGAN", "circuit_to_id": "GI-KLM-0055", "circuit_to_name": "GI KASONGAN", "circuit_length_km": 69.569, "circuit_segment_count": 1, "match_tier": "UNMATCHED_BASELINE"}}, {"type": "Feature", "geometry": {"type": "LineString", "coordinates": [[113.433374, -1.900492], [113.4336394, -1.9010476]]}, "properties": {"id": "TRM-KLM-0237", "system": "Kalselteng", "voltage_class": "150 kV", "voltage_kv_max": 150.0, "voltage_kv_all": "150", "length_km": 0.068, "osm_id": "way/1316758073", "osm_voltage": "150000", "source_id": "OSM-overpass", "color": "#1f77b4", "weight": 1.8, "from_id": "GI-KLM-0055", "from_name": "GI KASONGAN", "from_distance_km": 0.181, "to_id": "GI-KLM-0055", "to_name": "GI KASONGAN", "to_distance_km": "", "endpoint_confidence": "both", "circuit_id": "CIRC-KALIMANTAN-0201", "circuit_from_id": "GI-KLM-0055", "circuit_from_name": "GI KASONGAN", "circuit_to_id": "GI-KLM-0055", "circuit_to_name": "GI KASONGAN", "circuit_length_km": 0.068, "circuit_segment_count": 1, "match_tier": "UNMATCHED_BASELINE"}}, {"type": "Feature", "geometry": {"type": "LineString", "coordinates": [[113.4335018, -1.900484], [113.4336394, -1.9010476]]}, "properties": {"id": "TRM-KLM-0238", "system": "Kalselteng", "voltage_class": "150 kV", "voltage_kv_max": 150.0, "voltage_kv_all": "150", "length_km": 0.065, "osm_id": "way/1316758074", "osm_voltage": "150000", "source_id": "OSM-overpass", "color": "#1f77b4", "weight": 1.8, "from_id": "GI-KLM-0055", "from_name": "GI KASONGAN", "from_distance_km": 0.173, "to_id": "GI-KLM-0055", "to_name": "GI KASONGAN", "to_distance_km": "", "endpoint_confidence": "both", "circuit_id": "CIRC-KALIMANTAN-0202", "circuit_from_id": "GI-KLM-0055", "circuit_from_name": "GI KASONGAN", "circuit_to_id": "GI-KLM-0055", "circuit_to_name": "GI KASONGAN", "circuit_length_km": 0.065, "circuit_segment_count": 1, "match_tier": "UNMATCHED_BASELINE"}}, {"type": "Feature", "geometry": {"type": "LineString", "coordinates": [[113.4336297, -1.900476], [113.4336394, -1.9010476]]}, "properties": {"id": "TRM-KLM-0239", "system": "Kalselteng", "voltage_class": "150 kV", "voltage_kv_max": 150.0, "voltage_kv_all": "150", "length_km": 0.064, "osm_id": "way/1316758075", "osm_voltage": "150000", "source_id": "OSM-overpass", "color": "#1f77b4", "weight": 1.8, "from_id": "GI-KLM-0055", "from_name": "GI KASONGAN", "from_distance_km": 0.166, "to_id": "GI-KLM-0055", "to_name": "GI KASONGAN", "to_distance_km": "", "endpoint_confidence": "both", "circuit_id": "CIRC-KALIMANTAN-0203", "circuit_from_id": "GI-KLM-0055", "circuit_from_name": "GI KASONGAN", "circuit_to_id": "GI-KLM-0055", "circuit_to_name": "GI KASONGAN", "circuit_length_km": 0.064, "circuit_segment_count": 1, "match_tier": "UNMATCHED_BASELINE"}}, {"type": "Feature", "geometry": {"type": "LineString", "coordinates": [[110.1386154, -2.2963924], [110.1383015, -2.295748]]}, "properties": {"id": "TRM-KLM-0240", "system": "Khatulistiwa", "voltage_class": "150 kV", "voltage_kv_max": 150.0, "voltage_kv_all": "150", "length_km": 0.08, "osm_id": "way/1317154612", "osm_voltage": "150000", "source_id": "OSM-overpass", "color": "#1f77b4", "weight": 1.8, "from_id": "GI-KLM-0017", "from_name": "GI KENDAWANGAN", "from_distance_km": 0.12, "to_id": "GI-KLM-0017", "to_name": "GI KENDAWANGAN", "to_distance_km": "", "endpoint_confidence": "both", "circuit_id": "CIRC-KALIMANTAN-0204", "circuit_from_id": "GI-KLM-0017", "circuit_from_name": "GI KENDAWANGAN", "circuit_to_id": "GI-KLM-0017", "circuit_to_name": "GI KENDAWANGAN", "circuit_length_km": 0.08, "circuit_segment_count": 1, "match_tier": "UNMATCHED_BASELINE"}}, {"type": "Feature", "geometry": {"type": "LineString", "coordinates": [[110.1381782, -2.2958069], [110.1386154, -2.2963924]]}, "properties": {"id": "TRM-KLM-0241", "system": "Khatulistiwa", "voltage_class": "150 kV", "voltage_kv_max": 150.0, "voltage_kv_all": "150", "length_km": 0.081, "osm_id": "way/1317154613", "osm_voltage": "150000", "source_id": "OSM-overpass", "color": "#1f77b4", "weight": 1.8, "from_id": "GI-KLM-0017", "from_name": "GI KENDAWANGAN", "from_distance_km": 0.044, "to_id": "GI-KLM-0017", "to_name": "GI KENDAWANGAN", "to_distance_km": "", "endpoint_confidence": "both", "circuit_id": "CIRC-KALIMANTAN-0205", "circuit_from_id": "GI-KLM-0017", "circuit_from_name": "GI KENDAWANGAN", "circuit_to_id": "GI-KLM-0017", "circuit_to_name": "GI KENDAWANGAN", "circuit_length_km": 0.081, "circuit_segment_count": 1, "match_tier": "UNMATCHED_BASELINE"}}, {"type": "Feature", "geometry": {"type": "LineString", "coordinates": [[110.7710227, -2.3302383], [110.769825, -2.330186], [110.766639, -2.330261], [110.763495, -2.330293], [110.7623739, -2.3303085], [110.760384, -2.330336], [110.75695, -2.330336], [110.753624, -2.330422], [110.750459, -2.330454], [110.747359, -2.330519], [110.744151, -2.330508], [110.740879, -2.328375], [110.737746, -2.326509], [110.7360171, -2.3255433], [110.735021, -2.324987], [110.732682, -2.323647], [110.727875, -2.32071], [110.725719, -2.319413], [110.722479, -2.317429], [110.719432, -2.315607], [110.717082, -2.314203], [110.714614, -2.312756], [110.712651, -2.311523], [110.710344, -2.310129], [110.707405, -2.308371], [110.7071177, -2.3081996], [110.704207, -2.306463], [110.7013461, -2.3043617], [110.698392, -2.302904], [110.694766, -2.301842], [110.691344, -2.300856], [110.688629, -2.30002], [110.685904, -2.299227], [110.682868, -2.298358], [110.679392, -2.297361], [110.676785, -2.296611], [110.673984, -2.295785], [110.671334, -2.294992], [110.668555, -2.294199], [110.66538, -2.29332], [110.662537, -2.292409], [110.659543, -2.291476], [110.656582, -2.290672], [110.653492, -2.289761], [110.650477, -2.288849], [110.647463, -2.288013], [110.644233, -2.287091], [110.641444, -2.286266], [110.638407, -2.285408], [110.635339, -2.284572], [110.632389, -2.283682], [110.62932, -2.282771], [110.626295, -2.281924], [110.623248, -2.281109], [110.620329, -2.28023], [110.617143, -2.279276], [110.614085, -2.278333], [110.611027, -2.277432], [110.60798, -2.277722], [110.604537, -2.277979], [110.601404, -2.278194], [110.598282, -2.278397], [110.595149, -2.278815], [110.592048, -2.27904], [110.588851, -2.279233], [110.585718, -2.279351], [110.583025, -2.279544], [110.579903, -2.279748], [110.577189, -2.279919], [110.574517, -2.280187], [110.571771, -2.280359], [110.568756, -2.280627], [110.565569, -2.280809], [110.562726, -2.281013], [110.559583, -2.281335], [110.556461, -2.281581], [110.553296, -2.281871], [110.550195, -2.282117], [110.547009, -2.282396], [110.543886, -2.282675], [110.540807, -2.282985], [110.537674, -2.283243], [110.534499, -2.2835], [110.530261, -2.283865], [110.527418, -2.284079], [110.524446, -2.284358], [110.521227, -2.284658], [110.518094, -2.284904], [110.515015, -2.285194], [110.512258, -2.285408], [110.509125, -2.285666], [110.505981, -2.285987], [110.502795, -2.286234], [110.499126, -2.286502], [110.496347, -2.286609], [110.493139, -2.286705], [110.489985, -2.286759], [110.486863, -2.286866], [110.484213, -2.286941], [110.481241, -2.287038], [110.478494, -2.287102], [110.475866, -2.287188], [110.472658, -2.287284], [110.469106, -2.287488], [110.466413, -2.287552], [110.463699, -2.287627], [110.460974, -2.287745], [110.45827, -2.287863], [110.455631, -2.287938], [110.452681, -2.288035], [110.449548, -2.28811], [110.446404, -2.288228], [110.443228, -2.288346], [110.439441, -2.288431], [110.436255, -2.288506], [110.433176, -2.288646], [110.430011, -2.28871], [110.426867, -2.288796], [110.423445, -2.288892], [110.420591, -2.28901], [110.417629, -2.289107], [110.414722, -2.289193], [110.411557, -2.2893], [110.408424, -2.289428], [110.405281, -2.289525], [110.40145, -2.289611], [110.398757, -2.289729], [110.395796, -2.289814], [110.391387, -2.289986], [110.387042, -2.290072], [110.384853, -2.290147], [110.380862, -2.290232], [110.377804, -2.290297], [110.375122, -2.290415], [110.37171, -2.290425], [110.368685, -2.290608], [110.365562, -2.290693], [110.362408, -2.290768], [110.359672, -2.290886], [110.356851, -2.2905], [110.353718, -2.289954], [110.350338, -2.289503], [110.347044, -2.289032], [110.343719, -2.288517], [110.341262, -2.288142], [110.338182, -2.287702], [110.335125, -2.287252], [110.331992, -2.28678], [110.329288, -2.286395], [110.326177, -2.285934], [110.322357, -2.288657], [110.319933, -2.29035], [110.317358, -2.292173], [110.314976, -2.29392], [110.31238, -2.295668], [110.309794, -2.297533], [110.307187, -2.299291], [110.304644, -2.301146], [110.302091, -2.302989], [110.299473, -2.304866], [110.29693, -2.306666], [110.29442, -2.308382], [110.292016, -2.310129], [110.289516, -2.311834], [110.286577, -2.313924], [110.283712, -2.3158], [110.281126, -2.317569], [110.278316, -2.319413], [110.275891, -2.321085], [110.273906, -2.322436], [110.272704, -2.323947], [110.270998, -2.326027], [110.269239, -2.328053], [110.267243, -2.330594], [110.265387, -2.332673], [110.262812, -2.332931], [110.260109, -2.333199], [110.256976, -2.333531], [110.253757, -2.333895], [110.250828, -2.334142], [110.247717, -2.334431], [110.244573, -2.33471], [110.241408, -2.335021], [110.238286, -2.335289], [110.235143, -2.335557], [110.231978, -2.335836], [110.228931, -2.336179], [110.225776, -2.336447], [110.222687, -2.336715], [110.219607, -2.336983], [110.217279, -2.337058], [110.214071, -2.337026], [110.210874, -2.336983], [110.207784, -2.336993], [110.204608, -2.33694], [110.201476, -2.336929], [110.1983, -2.336929], [110.196261, -2.336918], [110.193204, -2.33694], [110.190103, -2.336865], [110.186799, -2.336886], [110.183526, -2.33694], [110.182518, -2.336918], [110.180608, -2.336897], [110.177464, -2.336811], [110.174289, -2.336843], [110.171134, -2.336833], [110.168002, -2.33679], [110.16457, -2.3368244], [110.1621548, -2.3367669], [110.1594139, -2.3367478], [110.1574204, -2.3367478], [110.1554845, -2.3346028], [110.1533952, -2.3321513], [110.1516126, -2.3301021], [110.150685, -2.327024], [110.149902, -2.323518], [110.149012, -2.320013], [110.1481, -2.31655], [110.1473943, -2.3134478], [110.1462251, -2.3112836], [110.1444794, -2.3079572], [110.1428501, -2.3050269], [110.1412456, -2.3020343], [110.1397122, -2.2990657], [110.1386154, -2.2963924]]}, "properties": {"id": "TRM-KLM-0242", "system": "Khatulistiwa", "voltage_class": "150 kV", "voltage_kv_max": 150.0, "voltage_kv_all": "150", "length_km": 76.393, "osm_id": "way/1317154614", "osm_voltage": "150000", "source_id": "OSM-overpass", "color": "#1f77b4", "weight": 1.8, "from_id": "GI-KLM-0017", "from_name": "GI KENDAWANGAN", "from_distance_km": "", "to_id": "GI-KLM-0017", "to_name": "GI KENDAWANGAN", "to_distance_km": 0.12, "endpoint_confidence": "both", "circuit_id": "CIRC-KALIMANTAN-0206", "circuit_from_id": "GI-KLM-0017", "circuit_from_name": "GI KENDAWANGAN", "circuit_to_id": "GI-KLM-0017", "circuit_to_name": "GI KENDAWANGAN", "circuit_length_km": 76.393, "circuit_segment_count": 1, "match_tier": "UNMATCHED_BASELINE"}}, {"type": "Feature", "geometry": {"type": "LineString", "coordinates": [[113.434503, -1.899664], [113.4342858, -1.9000343]]}, "properties": {"id": "TRM-KLM-0243", "system": "Kalselteng", "voltage_class": "150 kV", "voltage_kv_max": 150.0, "voltage_kv_all": "150", "length_km": 0.048, "osm_id": "way/1317155201", "osm_voltage": "150000", "source_id": "OSM-overpass", "color": "#1f77b4", "weight": 1.8, "from_id": "GI-KLM-0055", "from_name": "GI KASONGAN", "from_distance_km": 0.071, "to_id": "GI-KLM-0055", "to_name": "GI KASONGAN", "to_distance_km": "", "endpoint_confidence": "both", "circuit_id": "CIRC-KALIMANTAN-0207", "circuit_from_id": "GI-KLM-0055", "circuit_from_name": "GI KASONGAN", "circuit_to_id": "GI-KLM-0055", "circuit_to_name": "GI KASONGAN", "circuit_length_km": 0.048, "circuit_segment_count": 1, "match_tier": "UNMATCHED_BASELINE"}}, {"type": "Feature", "geometry": {"type": "LineString", "coordinates": [[113.4341115, -1.9000423], [113.434503, -1.899664]]}, "properties": {"id": "TRM-KLM-0244", "system": "Kalselteng", "voltage_class": "150 kV", "voltage_kv_max": 150.0, "voltage_kv_all": "150", "length_km": 0.061, "osm_id": "way/1317155202", "osm_voltage": "150000", "source_id": "OSM-overpass", "color": "#1f77b4", "weight": 1.8, "from_id": "GI-KLM-0055", "from_name": "GI KASONGAN", "from_distance_km": 0.106, "to_id": "GI-KLM-0055", "to_name": "GI KASONGAN", "to_distance_km": "", "endpoint_confidence": "both", "circuit_id": "CIRC-KALIMANTAN-0208", "circuit_from_id": "GI-KLM-0055", "circuit_from_name": "GI KASONGAN", "circuit_to_id": "GI-KLM-0055", "circuit_to_name": "GI KASONGAN", "circuit_length_km": 0.061, "circuit_segment_count": 1, "match_tier": "UNMATCHED_BASELINE"}}, {"type": "Feature", "geometry": {"type": "LineString", "coordinates": [[111.467146, -2.214149], [111.4675024, -2.2142157]]}, "properties": {"id": "TRM-KLM-0245", "system": "Khatulistiwa", "voltage_class": "150 kV", "voltage_kv_max": 150.0, "voltage_kv_all": "150", "length_km": 0.04, "osm_id": "way/1317362501", "osm_voltage": "150000", "source_id": "OSM-overpass", "color": "#1f77b4", "weight": 1.8, "from_id": "GI-KLM-0067", "from_name": "GI NANGABULIK", "from_distance_km": 0.081, "to_id": "GI-KLM-0067", "to_name": "GI NANGABULIK", "to_distance_km": "", "endpoint_confidence": "both", "circuit_id": "CIRC-KALIMANTAN-0209", "circuit_from_id": "GI-KLM-0067", "circuit_from_name": "GI NANGABULIK", "circuit_to_id": "GI-KLM-0067", "circuit_to_name": "GI NANGABULIK", "circuit_length_km": 0.04, "circuit_segment_count": 1, "match_tier": "UNMATCHED_BASELINE"}}, {"type": "Feature", "geometry": {"type": "LineString", "coordinates": [[111.4674595, -2.2143363], [111.467146, -2.214149]]}, "properties": {"id": "TRM-KLM-0246", "system": "Khatulistiwa", "voltage_class": "150 kV", "voltage_kv_max": 150.0, "voltage_kv_all": "150", "length_km": 0.041, "osm_id": "way/1317362502", "osm_voltage": "150000", "source_id": "OSM-overpass", "color": "#1f77b4", "weight": 1.8, "from_id": "GI-KLM-0067", "from_name": "GI NANGABULIK", "from_distance_km": 0.047, "to_id": "GI-KLM-0067", "to_name": "GI NANGABULIK", "to_distance_km": "", "endpoint_confidence": "both", "circuit_id": "CIRC-KALIMANTAN-0210", "circuit_from_id": "GI-KLM-0067", "circuit_from_name": "GI NANGABULIK", "circuit_to_id": "GI-KLM-0067", "circuit_to_name": "GI NANGABULIK", "circuit_length_km": 0.041, "circuit_segment_count": 1, "match_tier": "UNMATCHED_BASELINE"}}, {"type": "Feature", "geometry": {"type": "LineString", "coordinates": [[111.467146, -2.214149], [111.464077, -2.214427], [111.460955, -2.21387], [111.45793, -2.213388], [111.454861, -2.21283], [111.451868, -2.212262], [111.448746, -2.211758], [111.445602, -2.211104], [111.442641, -2.210579], [111.439819, -2.210043], [111.436579, -2.209474], [111.433897, -2.20896], [111.430464, -2.208284], [111.427449, -2.207759], [111.42437, -2.207084], [111.421312, -2.20643], [111.418254, -2.205883], [111.415272, -2.205315], [111.411731, -2.204629], [111.408727, -2.204082], [111.406066, -2.20361], [111.402955, -2.203063], [111.400348, -2.202549], [111.397623, -2.202013], [111.395059, -2.201595], [111.392591, -2.201069], [111.389705, -2.200598], [111.387023, -2.200072], [111.384405, -2.1996], [111.381851, -2.201552], [111.379212, -2.203589], [111.376669, -2.205497], [111.374856, -2.206901], [111.373161, -2.208252], [111.371541, -2.209464], [111.370093, -2.210622], [111.367775, -2.212401], [111.365222, -2.214363], [111.36284, -2.216239], [111.360404, -2.218008], [111.360351, -2.221106], [111.360351, -2.224269], [111.360254, -2.227485], [111.360201, -2.230434], [111.360136, -2.233585], [111.360104, -2.236512], [111.359997, -2.239643], [111.359943, -2.242719], [111.3599, -2.245796], [111.359825, -2.248916], [111.359814, -2.251907], [111.359729, -2.254973], [111.359664, -2.258082], [111.359589, -2.261169], [111.359525, -2.264225], [111.359503, -2.267312], [111.359428, -2.270378], [111.359375, -2.273691], [111.359611, -2.276746], [111.3599, -2.279866], [111.360147, -2.282985], [111.360469, -2.286041], [111.360716, -2.289139], [111.360919, -2.291862], [111.361145, -2.294767], [111.361359, -2.297715], [111.361574, -2.30062], [111.361842, -2.303579], [111.362089, -2.306474], [111.362346, -2.309422], [111.362604, -2.312466], [111.36284, -2.314985], [111.363076, -2.318019], [111.363323, -2.320967], [111.363612, -2.323926], [111.363838, -2.326756], [111.364095, -2.329661], [111.364331, -2.332652], [111.364567, -2.335471], [111.364857, -2.338601], [111.365114, -2.34185], [111.36535, -2.34424], [111.365587, -2.347424], [111.365876, -2.350886], [111.366144, -2.353824], [111.366423, -2.356868], [111.366735, -2.359902], [111.366981, -2.363043], [111.367196, -2.365969], [111.367453, -2.368863], [111.367711, -2.371854], [111.367936, -2.375016], [111.368172, -2.378168], [111.368462, -2.381191], [111.368719, -2.384278], [111.368966, -2.387355], [111.369181, -2.390678], [111.369728, -2.393615], [111.370307, -2.396573], [111.370822, -2.399328], [111.371487, -2.402265], [111.372077, -2.405481], [111.37271, -2.408719], [111.372796, -2.411913], [111.372871, -2.415225], [111.372914, -2.418194], [111.372989, -2.420949], [111.373011, -2.424122], [111.373097, -2.427295], [111.373118, -2.430468], [111.373215, -2.433769], [111.373247, -2.437017], [111.373311, -2.440222], [111.373376, -2.44332], [111.373386, -2.446311], [111.373419, -2.449473], [111.373472, -2.452592], [111.373526, -2.455701]]}, "properties": {"id": "TRM-KLM-0247", "system": "Khatulistiwa", "voltage_class": "150 kV", "voltage_kv_max": 150.0, "voltage_kv_all": "150", "length_km": 39.227, "osm_id": "way/1317362503", "osm_voltage": "150000", "source_id": "OSM-overpass", "color": "#1f77b4", "weight": 1.8, "from_id": "GI-KLM-0067", "from_name": "GI NANGABULIK", "from_distance_km": 0.081, "to_id": "GI-KLM-0067", "to_name": "GI NANGABULIK", "to_distance_km": "", "endpoint_confidence": "both", "circuit_id": "CIRC-KALIMANTAN-0211", "circuit_from_id": "GI-KLM-0067", "circuit_from_name": "GI NANGABULIK", "circuit_to_id": "GI-KLM-0067", "circuit_to_name": "GI NANGABULIK", "circuit_length_km": 39.227, "circuit_segment_count": 1, "match_tier": "UNMATCHED_BASELINE"}}, {"type": "Feature", "geometry": {"type": "LineString", "coordinates": [[112.909884, -2.76183], [112.9098956, -2.7621511]]}, "properties": {"id": "TRM-KLM-0248", "system": "Kalselteng", "voltage_class": "150 kV", "voltage_kv_max": 150.0, "voltage_kv_all": "150", "length_km": 0.036, "osm_id": "way/1317492412", "osm_voltage": "150000", "source_id": "OSM-overpass", "color": "#1f77b4", "weight": 1.8, "from_id": "GI-KLM-0064", "from_name": "GI BAGENDANG", "from_distance_km": 0.076, "to_id": "GI-KLM-0064", "to_name": "GI BAGENDANG", "to_distance_km": "", "endpoint_confidence": "both", "circuit_id": "CIRC-KALIMANTAN-0212", "circuit_from_id": "GI-KLM-0064", "circuit_from_name": "GI BAGENDANG", "circuit_to_id": "GI-KLM-0064", "circuit_to_name": "GI BAGENDANG", "circuit_length_km": 0.036, "circuit_segment_count": 1, "match_tier": "UNMATCHED_BASELINE"}}, {"type": "Feature", "geometry": {"type": "LineString", "coordinates": [[112.909884, -2.76183], [112.9100402, -2.7621018]]}, "properties": {"id": "TRM-KLM-0249", "system": "Kalselteng", "voltage_class": "150 kV", "voltage_kv_max": 150.0, "voltage_kv_all": "150", "length_km": 0.035, "osm_id": "way/1317492413", "osm_voltage": "150000", "source_id": "OSM-overpass", "color": "#1f77b4", "weight": 1.8, "from_id": "GI-KLM-0064", "from_name": "GI BAGENDANG", "from_distance_km": 0.076, "to_id": "GI-KLM-0064", "to_name": "GI BAGENDANG", "to_distance_km": "", "endpoint_confidence": "both", "circuit_id": "CIRC-KALIMANTAN-0213", "circuit_from_id": "GI-KLM-0064", "circuit_from_name": "GI BAGENDANG", "circuit_to_id": "GI-KLM-0064", "circuit_to_name": "GI BAGENDANG", "circuit_length_km": 0.035, "circuit_segment_count": 1, "match_tier": "UNMATCHED_BASELINE"}}, {"type": "Feature", "geometry": {"type": "LineString", "coordinates": [[112.92005, -2.4824014], [112.9205466, -2.4820966]]}, "properties": {"id": "TRM-KLM-0250", "system": "Kalselteng", "voltage_class": "150 kV", "voltage_kv_max": 150.0, "voltage_kv_all": "150", "length_km": 0.065, "osm_id": "way/1317492414", "osm_voltage": "150000", "source_id": "OSM-overpass", "color": "#1f77b4", "weight": 1.8, "from_id": "GI-KLM-0062", "from_name": "GI SAMPIT", "from_distance_km": 0.118, "to_id": "GI-KLM-0062", "to_name": "GI SAMPIT", "to_distance_km": "", "endpoint_confidence": "both", "circuit_id": "CIRC-KALIMANTAN-0214", "circuit_from_id": "GI-KLM-0062", "circuit_from_name": "GI SAMPIT", "circuit_to_id": "GI-KLM-0062", "circuit_to_name": "GI SAMPIT", "circuit_length_km": 0.065, "circuit_segment_count": 1, "match_tier": "UNMATCHED_BASELINE"}}, {"type": "Feature", "geometry": {"type": "LineString", "coordinates": [[112.9204996, -2.4819634], [112.92005, -2.4824014]]}, "properties": {"id": "TRM-KLM-0251", "system": "Kalselteng", "voltage_class": "150 kV", "voltage_kv_max": 150.0, "voltage_kv_all": "150", "length_km": 0.07, "osm_id": "way/1317492415", "osm_voltage": "150000", "source_id": "OSM-overpass", "color": "#1f77b4", "weight": 1.8, "from_id": "GI-KLM-0062", "from_name": "GI SAMPIT", "from_distance_km": 0.048, "to_id": "GI-KLM-0062", "to_name": "GI SAMPIT", "to_distance_km": "", "endpoint_confidence": "both", "circuit_id": "CIRC-KALIMANTAN-0215", "circuit_from_id": "GI-KLM-0062", "circuit_from_name": "GI SAMPIT", "circuit_to_id": "GI-KLM-0062", "circuit_to_name": "GI SAMPIT", "circuit_length_km": 0.07, "circuit_segment_count": 1, "match_tier": "UNMATCHED_BASELINE"}}, {"type": "Feature", "geometry": {"type": "LineString", "coordinates": [[112.908661, -2.762795], [112.9092675, -2.7624225]]}, "properties": {"id": "TRM-KLM-0252", "system": "Kalselteng", "voltage_class": "150 kV", "voltage_kv_max": 150.0, "voltage_kv_all": "150", "length_km": 0.079, "osm_id": "way/1317492417", "osm_voltage": "150000", "source_id": "OSM-overpass", "color": "#1f77b4", "weight": 1.8, "from_id": "GI-KLM-0064", "from_name": "GI BAGENDANG", "from_distance_km": 0.119, "to_id": "GI-KLM-0064", "to_name": "GI BAGENDANG", "to_distance_km": "", "endpoint_confidence": "both", "circuit_id": "CIRC-KALIMANTAN-0216", "circuit_from_id": "GI-KLM-0064", "circuit_from_name": "GI BAGENDANG", "circuit_to_id": "GI-KLM-0064", "circuit_to_name": "GI BAGENDANG", "circuit_length_km": 0.079, "circuit_segment_count": 1, "match_tier": "UNMATCHED_BASELINE"}}, {"type": "Feature", "geometry": {"type": "LineString", "coordinates": [[112.908661, -2.762795], [112.9093346, -2.7626074]]}, "properties": {"id": "TRM-KLM-0253", "system": "Kalselteng", "voltage_class": "150 kV", "voltage_kv_max": 150.0, "voltage_kv_all": "150", "length_km": 0.078, "osm_id": "way/1317492418", "osm_voltage": "150000", "source_id": "OSM-overpass", "color": "#1f77b4", "weight": 1.8, "from_id": "GI-KLM-0064", "from_name": "GI BAGENDANG", "from_distance_km": 0.119, "to_id": "GI-KLM-0064", "to_name": "GI BAGENDANG", "to_distance_km": "", "endpoint_confidence": "both", "circuit_id": "CIRC-KALIMANTAN-0217", "circuit_from_id": "GI-KLM-0064", "circuit_from_name": "GI BAGENDANG", "circuit_to_id": "GI-KLM-0064", "circuit_to_name": "GI BAGENDANG", "circuit_length_km": 0.078, "circuit_segment_count": 1, "match_tier": "UNMATCHED_BASELINE"}}, {"type": "Feature", "geometry": {"type": "LineString", "coordinates": [[112.563225, -3.374284], [112.5630426, -3.3745622]]}, "properties": {"id": "TRM-KLM-0254", "system": "Kalselteng", "voltage_class": "150 kV", "voltage_kv_max": 150.0, "voltage_kv_all": "150", "length_km": 0.037, "osm_id": "way/1317492419", "osm_voltage": "150000", "source_id": "OSM-overpass", "color": "#1f77b4", "weight": 1.8, "from_id": "GI-KLM-0066", "from_name": "GI KUALA PEMBUANG", "from_distance_km": 0.082, "to_id": "GI-KLM-0066", "to_name": "GI KUALA PEMBUANG", "to_distance_km": "", "endpoint_confidence": "both", "circuit_id": "CIRC-KALIMANTAN-0218", "circuit_from_id": "GI-KLM-0066", "circuit_from_name": "GI KUALA PEMBUANG", "circuit_to_id": "GI-KLM-0066", "circuit_to_name": "GI KUALA PEMBUANG", "circuit_length_km": 0.037, "circuit_segment_count": 1, "match_tier": "UNMATCHED_BASELINE"}}, {"type": "Feature", "geometry": {"type": "LineString", "coordinates": [[112.5629514, -3.3744551], [112.563225, -3.374284]]}, "properties": {"id": "TRM-KLM-0255", "system": "Kalselteng", "voltage_class": "150 kV", "voltage_kv_max": 150.0, "voltage_kv_all": "150", "length_km": 0.036, "osm_id": "way/1317492420", "osm_voltage": "150000", "source_id": "OSM-overpass", "color": "#1f77b4", "weight": 1.8, "from_id": "GI-KLM-0066", "from_name": "GI KUALA PEMBUANG", "from_distance_km": 0.046, "to_id": "GI-KLM-0066", "to_name": "GI KUALA PEMBUANG", "to_distance_km": "", "endpoint_confidence": "both", "circuit_id": "CIRC-KALIMANTAN-0219", "circuit_from_id": "GI-KLM-0066", "circuit_from_name": "GI KUALA PEMBUANG", "circuit_to_id": "GI-KLM-0066", "circuit_to_name": "GI KUALA PEMBUANG", "circuit_length_km": 0.036, "circuit_segment_count": 1, "match_tier": "UNMATCHED_BASELINE"}}, {"type": "Feature", "geometry": {"type": "LineString", "coordinates": [[112.563225, -3.374284], [112.565832, -3.374884], [112.5684957, -3.3756195], [112.5704833, -3.3761122], [112.5733689, -3.3768458], [112.575445, -3.37528], [112.577612, -3.373598], [112.579812, -3.37196], [112.5820431, -3.3702652], [112.584704, -3.368211], [112.587075, -3.366401], [112.589843, -3.365362], [112.5930051, -3.364216], [112.5959718, -3.363145], [112.5989093, -3.3620445], [112.6018465, -3.3609441], [112.604853, -3.359825], [112.607868, -3.360103], [112.610968, -3.36036], [112.614112, -3.360596], [112.617245, -3.360842], [112.620402, -3.3611046], [112.623537, -3.3613615], [112.6266729, -3.3616212], [112.62984, -3.361871], [112.6326164, -3.3620575], [112.636106, -3.362374], [112.63925, -3.36262], [112.642468, -3.362931], [112.645676, -3.363188], [112.648691, -3.363402], [112.651834, -3.363691], [112.654989, -3.363905], [112.658111, -3.364173], [112.661222, -3.364452], [112.664366, -3.364655], [112.667305, -3.363241], [112.670567, -3.361699], [112.673013, -3.360521], [112.676017, -3.359118], [112.678871, -3.357661], [112.68195, -3.356237], [112.696992, -3.349147], [112.699556, -3.347915], [112.702357, -3.346576], [112.705103, -3.345248], [112.70815, -3.343802], [112.710983, -3.342388], [112.713847, -3.341092], [112.716669, -3.339721], [112.719533, -3.338372], [112.722591, -3.336904], [112.725381, -3.335576], [112.728202, -3.334173], [112.731303, -3.332706], [112.734114, -3.331388], [112.736861, -3.330071], [112.740068, -3.32855], [112.743094, -3.327104], [112.745926, -3.325744], [112.748759, -3.324351], [112.751827, -3.322916], [112.75467, -3.321599], [112.757524, -3.320217], [112.760314, -3.318846], [112.7632, -3.317496], [112.766043, -3.316072], [112.768897, -3.314765], [112.771686, -3.313405], [112.77454, -3.312087], [112.777437, -3.310684], [112.780259, -3.309345], [112.78263, -3.308232], [112.785602, -3.306689], [112.788155, -3.305243], [112.790912, -3.303765], [112.793745, -3.302276], [112.796438, -3.300787], [112.799259, -3.299288], [112.802027, -3.297788], [112.804785, -3.296289], [112.807606, -3.294746], [112.810578, -3.29314], [112.813067, -3.291779], [112.8159, -3.290269], [112.818646, -3.288802], [112.821457, -3.287323], [112.824247, -3.285835], [112.826983, -3.284282], [112.829762, -3.282814], [112.832572, -3.281336], [112.835898, -3.279558], [112.838151, -3.278347], [112.840866, -3.276869], [112.843666, -3.27537], [112.846456, -3.27387], [112.849159, -3.272371], [112.851927, -3.270892], [112.854738, -3.269414], [112.857538, -3.267883], [112.860285, -3.266372], [112.863085, -3.26484], [112.865832, -3.263352], [112.868868, -3.261809], [112.871432, -3.260363], [112.874222, -3.258831], [112.876958, -3.257342], [112.879736, -3.255864], [112.882515, -3.254365], [112.885283, -3.252951], [112.887955, -3.25098], [112.890551, -3.249137], [112.893029, -3.247263], [112.895776, -3.245292], [112.898362, -3.243471], [112.901087, -3.241479], [112.903597, -3.239668], [112.906483, -3.237676], [112.90894, -3.235801], [112.911805, -3.233798], [112.914605, -3.231699], [112.916772, -3.230081], [112.919358, -3.228346], [112.921515, -3.226654], [112.924433, -3.224575], [112.926954, -3.222701], [112.929465, -3.220858], [112.932136, -3.218898], [112.934561, -3.217163], [112.937189, -3.215278], [112.939775, -3.213467], [112.942479, -3.211635], [112.94486, -3.209772], [112.947414, -3.207876], [112.950343, -3.205787], [112.953111, -3.203805], [112.955632, -3.20193], [112.958529, -3.199756], [112.961061, -3.197892], [112.963604, -3.19606], [112.966232, -3.194293], [112.968775, -3.192439], [112.971318, -3.190575], [112.971897, -3.187962], [112.972627, -3.184941], [112.973292, -3.181781], [112.973946, -3.178728], [112.974676, -3.175632], [112.975513, -3.172568], [112.97621, -3.169494], [112.973431, -3.167833], [112.970749, -3.166173], [112.968003, -3.164469], [112.96531, -3.162788], [112.96267, -3.161138], [112.96002, -3.15951], [112.957284, -3.157838], [112.954634, -3.156157], [112.951899, -3.154539], [112.949227, -3.152857], [112.946534, -3.151229], [112.943852, -3.149568], [112.941116, -3.147919], [112.93838, -3.146247], [112.935762, -3.14464], [112.933102, -3.143066], [112.930248, -3.14133], [112.927727, -3.139756], [112.924937, -3.138063], [112.922158, -3.136327], [112.919616, -3.13487], [112.916719, -3.133092], [112.914176, -3.131592], [112.913929, -3.128625], [112.91364, -3.125507], [112.913382, -3.122272], [112.913135, -3.119144], [112.912846, -3.115973], [112.912567, -3.112823], [112.912298, -3.109599], [112.911934, -3.106995], [112.911612, -3.103289], [112.911408, -3.09985], [112.911108, -3.096582], [112.910872, -3.093497], [112.91055, -3.090347], [112.911623, -3.08739], [112.912728, -3.084262], [112.913854, -3.081145], [112.914863, -3.07808], [112.915893, -3.075156], [112.917008, -3.071888], [112.918049, -3.068921], [112.919079, -3.066017], [112.920109, -3.063157], [112.921182, -3.059996], [112.922255, -3.057007], [112.923295, -3.054093], [112.924422, -3.050793], [112.925463, -3.047826], [112.926557, -3.044697], [112.927619, -3.041676], [112.928703, -3.038676], [112.929701, -3.035708], [112.930816, -3.032623], [112.932984, -3.030587], [112.935247, -3.028369], [112.937415, -3.026109], [112.939786, -3.023505], [112.941803, -3.021545], [112.943938, -3.019359], [112.946202, -3.017034], [112.948337, -3.014784], [112.950075, -3.013038], [112.952467, -3.010488], [112.954999, -3.007949], [112.957274, -3.005656], [112.959484, -3.003363], [112.961608, -3.001177], [112.96385, -2.998906], [112.966028, -2.996645], [112.968217, -2.994342], [112.970417, -2.992113], [112.97238, -2.990185], [112.974601, -2.98801], [112.976854, -2.985781], [112.979161, -2.983574], [112.981424, -2.981377], [112.983634, -2.979213], [112.98593, -2.976985], [112.988162, -2.974788], [112.990565, -2.972431], [112.992486, -2.970631], [112.991939, -2.967277], [112.991284, -2.963891], [112.990683, -2.960752], [112.990083, -2.957688], [112.989428, -2.954441], [112.988827, -2.95143], [112.988173, -2.948163], [112.987486, -2.945055], [112.986896, -2.941927], [112.986263, -2.938841], [112.985641, -2.935776], [112.984986, -2.932455], [112.984364, -2.92908], [112.983152, -2.927172], [112.981457, -2.924472], [112.979804, -2.921836], [112.978216, -2.919233], [112.976457, -2.916468], [112.974858, -2.913822], [112.973174, -2.911079], [112.971511, -2.908389], [112.970191, -2.906257], [112.968196, -2.903096], [112.966479, -2.900342], [112.964838, -2.897738], [112.963175, -2.895027], [112.961522, -2.892359], [112.959849, -2.889616], [112.958132, -2.886873], [112.95648, -2.883969], [112.955074, -2.88144], [112.953572, -2.878622], [112.952403, -2.876244], [112.950751, -2.872965], [112.949313, -2.870136], [112.947854, -2.867307], [112.946341, -2.86421], [112.945021, -2.861638], [112.943723, -2.85911], [112.942146, -2.856109], [112.940676, -2.853205], [112.939271, -2.85043], [112.937844, -2.847623], [112.936471, -2.845083], [112.935001, -2.842008], [112.933552, -2.839264], [112.932093, -2.836382], [112.930645, -2.833649], [112.9294, -2.831099], [112.927802, -2.827949], [112.926353, -2.825109], [112.92498, -2.822441], [112.923392, -2.819226], [112.922673, -2.816965], [112.921847, -2.814136], [112.920839, -2.810696], [112.920077, -2.807792], [112.919186, -2.804759], [112.918328, -2.801748], [112.917416, -2.798651], [112.916536, -2.79564], [112.91571, -2.792565], [112.914873, -2.789639], [112.913843, -2.786424], [112.912889, -2.783531], [112.911708, -2.779791], [112.910786, -2.776748], [112.910153, -2.77439], [112.90923, -2.771464], [112.908297, -2.768432], [112.907395, -2.765356], [112.908661, -2.762795]]}, "properties": {"id": "TRM-KLM-0256", "system": "Kalselteng", "voltage_class": "150 kV", "voltage_kv_max": 150.0, "voltage_kv_all": "150", "length_km": 107.973, "osm_id": "way/1317492421", "osm_voltage": "150000", "source_id": "OSM-overpass", "color": "#1f77b4", "weight": 1.8, "from_id": "GI-KLM-0066", "from_name": "GI KUALA PEMBUANG", "from_distance_km": 0.082, "to_id": "GI-KLM-0064", "to_name": "GI BAGENDANG", "to_distance_km": 0.119, "endpoint_confidence": "both", "circuit_id": "CIRC-KALIMANTAN-0220", "circuit_from_id": "GI-KLM-0066", "circuit_from_name": "GI KUALA PEMBUANG", "circuit_to_id": "GI-KLM-0064", "circuit_to_name": "GI BAGENDANG", "circuit_length_km": 107.973, "circuit_segment_count": 1, "match_tier": "UNMATCHED_BASELINE"}}, {"type": "Feature", "geometry": {"type": "LineString", "coordinates": [[115.2737451, -2.7722715], [115.2738624, -2.7719626]]}, "properties": {"id": "TRM-KLM-0257", "system": "Kalselteng", "voltage_class": "150 kV", "voltage_kv_max": 150.0, "voltage_kv_all": "150", "length_km": 0.037, "osm_id": "way/1317494882", "osm_voltage": "150000", "source_id": "OSM-overpass", "color": "#1f77b4", "weight": 1.8, "from_id": "GI-KLM-0038", "from_name": "GI KANDANGAN", "from_distance_km": 0.023, "to_id": "GI-KLM-0038", "to_name": "GI KANDANGAN", "to_distance_km": "", "endpoint_confidence": "both", "circuit_id": "CIRC-KALIMANTAN-0221", "circuit_from_id": "GI-KLM-0038", "circuit_from_name": "GI KANDANGAN", "circuit_to_id": "GI-KLM-0038", "circuit_to_name": "GI KANDANGAN", "circuit_length_km": 0.037, "circuit_segment_count": 1, "match_tier": "UNMATCHED_BASELINE"}}, {"type": "Feature", "geometry": {"type": "LineString", "coordinates": [[115.2738624, -2.7719626], [115.2738644, -2.7722554]]}, "properties": {"id": "TRM-KLM-0258", "system": "Kalselteng", "voltage_class": "150 kV", "voltage_kv_max": 150.0, "voltage_kv_all": "150", "length_km": 0.033, "osm_id": "way/1317494883", "osm_voltage": "150000", "source_id": "OSM-overpass", "color": "#1f77b4", "weight": 1.8, "from_id": "GI-KLM-0038", "from_name": "GI KANDANGAN", "from_distance_km": 0.056, "to_id": "GI-KLM-0038", "to_name": "GI KANDANGAN", "to_distance_km": "", "endpoint_confidence": "both", "circuit_id": "CIRC-KALIMANTAN-0222", "circuit_from_id": "GI-KLM-0038", "circuit_from_name": "GI KANDANGAN", "circuit_to_id": "GI-KLM-0038", "circuit_to_name": "GI KANDANGAN", "circuit_length_km": 0.033, "circuit_segment_count": 1, "match_tier": "UNMATCHED_BASELINE"}}, {"type": "Feature", "geometry": {"type": "LineString", "coordinates": [[115.2738624, -2.7719626], [115.2768617, -2.7706896], [115.2793086, -2.770344], [115.281907, -2.7720999], [115.2851233, -2.7719672], [115.287873, -2.7703286], [115.2907062, -2.7686591], [115.2933447, -2.7671037], [115.2961439, -2.7654002], [115.2987083, -2.7646905], [115.3012572, -2.7639159]]}, "properties": {"id": "TRM-KLM-0259", "system": "Kalselteng", "voltage_class": "150 kV", "voltage_kv_max": 150.0, "voltage_kv_all": "150", "length_km": 3.359, "osm_id": "way/1317494884", "osm_voltage": "150000", "source_id": "OSM-overpass", "color": "#1f77b4", "weight": 1.8, "from_id": "GI-KLM-0038", "from_name": "GI KANDANGAN", "from_distance_km": 0.056, "to_id": "GI-KLM-0038", "to_name": "GI KANDANGAN", "to_distance_km": "", "endpoint_confidence": "both", "circuit_id": "CIRC-KALIMANTAN-0223", "circuit_from_id": "GI-KLM-0038", "circuit_from_name": "GI KANDANGAN", "circuit_to_id": "GI-KLM-0038", "circuit_to_name": "GI KANDANGAN", "circuit_length_km": 3.359, "circuit_segment_count": 1, "match_tier": "UNMATCHED_BASELINE"}}, {"type": "Feature", "geometry": {"type": "LineString", "coordinates": [[115.3011489, -2.7663849], [115.3012572, -2.7639159], [115.3018194, -2.7606088]]}, "properties": {"id": "TRM-KLM-0260", "system": "Kalselteng", "voltage_class": "150 kV", "voltage_kv_max": 150.0, "voltage_kv_all": "150", "length_km": 0.648, "osm_id": "way/1317494885", "osm_voltage": "150000", "source_id": "OSM-overpass", "color": "#1f77b4", "weight": 1.8, "from_id": "", "from_name": "", "from_distance_km": "", "to_id": "", "to_name": "", "to_distance_km": "", "endpoint_confidence": "none", "circuit_id": "", "circuit_from_id": "", "circuit_from_name": "", "circuit_to_id": "", "circuit_to_name": "", "circuit_length_km": "", "circuit_segment_count": "", "match_tier": "BASELINE_UNRESOLVED"}}, {"type": "Feature", "geometry": {"type": "LineString", "coordinates": [[115.3266232, -2.6854979], [115.3253424, -2.6882603], [115.3239316, -2.6911163], [115.3224885, -2.6940207], [115.3212815, -2.6964534], [115.3199458, -2.6991273], [115.3185135, -2.7019405], [115.3161853, -2.7065648], [115.3146672, -2.710021], [115.3133476, -2.713086], [115.3121138, -2.7159313], [115.3108263, -2.7188302], [115.3096917, -2.7212683], [115.3084552, -2.7241993], [115.3071678, -2.727066], [115.3058696, -2.7299917], [115.3046572, -2.7327887], [115.3043354, -2.7358965], [115.3039974, -2.7390311], [115.3036755, -2.7421229], [115.3033805, -2.7450592], [115.3030533, -2.7480545], [115.3027582, -2.7511622], [115.3024149, -2.7541789], [115.3020823, -2.7574314], [115.3018194, -2.7606088]]}, "properties": {"id": "TRM-KLM-0261", "system": "Kalselteng", "voltage_class": "150 kV", "voltage_kv_max": 150.0, "voltage_kv_all": "150", "length_km": 8.908, "osm_id": "way/1317494886", "osm_voltage": "150000", "source_id": "OSM-overpass", "color": "#1f77b4", "weight": 1.8, "from_id": "GI-KLM-0039", "from_name": "GI BARIKIN", "from_distance_km": 0.226, "to_id": "GI-KLM-0039", "to_name": "GI BARIKIN", "to_distance_km": "", "endpoint_confidence": "both", "circuit_id": "CIRC-KALIMANTAN-0224", "circuit_from_id": "GI-KLM-0039", "circuit_from_name": "GI BARIKIN", "circuit_to_id": "GI-KLM-0039", "circuit_to_name": "GI BARIKIN", "circuit_length_km": 8.908, "circuit_segment_count": 1, "match_tier": "UNMATCHED_BASELINE"}}, {"type": "Feature", "geometry": {"type": "LineString", "coordinates": [[115.3018194, -2.7606088], [115.3014439, -2.7638558], [115.3011489, -2.7663849]]}, "properties": {"id": "TRM-KLM-0262", "system": "Kalselteng", "voltage_class": "150 kV", "voltage_kv_max": 150.0, "voltage_kv_all": "150", "length_km": 0.647, "osm_id": "way/1317494887", "osm_voltage": "150000", "source_id": "OSM-overpass", "color": "#1f77b4", "weight": 1.8, "from_id": "", "from_name": "", "from_distance_km": "", "to_id": "", "to_name": "", "to_distance_km": "", "endpoint_confidence": "none", "circuit_id": "", "circuit_from_id": "", "circuit_from_name": "", "circuit_to_id": "", "circuit_to_name": "", "circuit_length_km": "", "circuit_segment_count": "", "match_tier": "BASELINE_UNRESOLVED"}}, {"type": "Feature", "geometry": {"type": "LineString", "coordinates": [[118.1480021, 1.6181595], [118.148303, 1.618224]]}, "properties": {"id": "TRM-KLM-0263", "system": "Mahakam", "voltage_class": "150 kV", "voltage_kv_max": 150.0, "voltage_kv_all": "150", "length_km": 0.034, "osm_id": "way/1317648794", "osm_voltage": "150000", "source_id": "OSM-overpass", "color": "#1f77b4", "weight": 1.8, "from_id": "", "from_name": "", "from_distance_km": "", "to_id": "", "to_name": "", "to_distance_km": "", "endpoint_confidence": "none", "circuit_id": "", "circuit_from_id": "", "circuit_from_name": "", "circuit_to_id": "", "circuit_to_name": "", "circuit_length_km": "", "circuit_segment_count": "", "match_tier": "BASELINE_UNRESOLVED"}}, {"type": "Feature", "geometry": {"type": "LineString", "coordinates": [[118.148303, 1.618224], [118.1480027, 1.6180278]]}, "properties": {"id": "TRM-KLM-0264", "system": "Mahakam", "voltage_class": "150 kV", "voltage_kv_max": 150.0, "voltage_kv_all": "150", "length_km": 0.04, "osm_id": "way/1317648795", "osm_voltage": "150000", "source_id": "OSM-overpass", "color": "#1f77b4", "weight": 1.8, "from_id": "", "from_name": "", "from_distance_km": "", "to_id": "", "to_name": "", "to_distance_km": "", "endpoint_confidence": "none", "circuit_id": "", "circuit_from_id": "", "circuit_from_name": "", "circuit_to_id": "", "circuit_to_name": "", "circuit_length_km": "", "circuit_segment_count": "", "match_tier": "BASELINE_UNRESOLVED"}}, {"type": "Feature", "geometry": {"type": "LineString", "coordinates": [[118.148303, 1.618224], [118.151152, 1.617463], [118.154022, 1.617147], [118.156736, 1.616943], [118.159386, 1.616718], [118.16195, 1.61512], [118.164836, 1.613264], [118.167078, 1.611838], [118.170007, 1.610025], [118.171252, 1.607473], [118.1724, 1.604985], [118.17402, 1.601778], [118.175383, 1.599076], [118.176531, 1.596705], [118.178108, 1.593595], [118.180071, 1.591032], [118.181874, 1.58848], [118.185232, 1.584951], [118.188311, 1.581262], [118.1906126, 1.5794034], [118.1932738, 1.5772265], [118.195767, 1.5751916], [118.1981457, 1.5733505], [118.2033191, 1.5689926], [118.2102126, 1.5634264], [118.2173119, 1.5576321], [118.2197296, 1.5556964], [118.2224876, 1.5531622], [118.2287313, 1.5489504], [118.2313599, 1.5438769], [118.2316415, 1.5403573], [118.2318528, 1.537242]]}, "properties": {"id": "TRM-KLM-0265", "system": "Mahakam", "voltage_class": "150 kV", "voltage_kv_max": 150.0, "voltage_kv_all": "150", "length_km": 13.594, "osm_id": "way/1317648796", "osm_voltage": "150000", "source_id": "OSM-overpass", "color": "#1f77b4", "weight": 1.8, "from_id": "", "from_name": "", "from_distance_km": "", "to_id": "", "to_name": "", "to_distance_km": "", "endpoint_confidence": "none", "circuit_id": "", "circuit_from_id": "", "circuit_from_name": "", "circuit_to_id": "", "circuit_to_name": "", "circuit_length_km": "", "circuit_segment_count": "", "match_tier": "BASELINE_UNRESOLVED"}}, {"type": "Feature", "geometry": {"type": "LineString", "coordinates": [[118.2359539, 1.4799372], [118.23588, 1.4772752]]}, "properties": {"id": "TRM-KLM-0266", "system": "Mahakam", "voltage_class": "150 kV", "voltage_kv_max": 150.0, "voltage_kv_all": "150", "length_km": 0.296, "osm_id": "way/1318451332", "osm_voltage": "150000", "source_id": "OSM-overpass", "color": "#1f77b4", "weight": 1.8, "from_id": "", "from_name": "", "from_distance_km": "", "to_id": "", "to_name": "", "to_distance_km": "", "endpoint_confidence": "none", "circuit_id": "", "circuit_from_id": "", "circuit_from_name": "", "circuit_to_id": "", "circuit_to_name": "", "circuit_length_km": "", "circuit_segment_count": "", "match_tier": "BASELINE_UNRESOLVED"}}, {"type": "Feature", "geometry": {"type": "LineString", "coordinates": [[118.2309799, 1.460895], [118.2285102, 1.4586104]]}, "properties": {"id": "TRM-KLM-0267", "system": "Mahakam", "voltage_class": "150 kV", "voltage_kv_max": 150.0, "voltage_kv_all": "150", "length_km": 0.374, "osm_id": "way/1318451333", "osm_voltage": "150000", "source_id": "OSM-overpass", "color": "#1f77b4", "weight": 1.8, "from_id": "", "from_name": "", "from_distance_km": "", "to_id": "", "to_name": "", "to_distance_km": "", "endpoint_confidence": "none", "circuit_id": "", "circuit_from_id": "", "circuit_from_name": "", "circuit_to_id": "", "circuit_to_name": "", "circuit_length_km": "", "circuit_segment_count": "", "match_tier": "BASELINE_UNRESOLVED"}}, {"type": "Feature", "geometry": {"type": "LineString", "coordinates": [[117.8514683, 1.1278122], [117.8533459, 1.1253772], [117.8537214, 1.1225721], [117.8543115, 1.1169888], [117.8541774, 1.1136796], [117.8539842, 1.1103489], [117.8537697, 1.1065516], [117.8535175, 1.1032853], [117.8532547, 1.0998259], [117.8529811, 1.0965864], [117.8528148, 1.0932128], [117.8525412, 1.0894047], [117.8522928, 1.0858635], [117.85207, 1.082761], [117.8516068, 1.0769825], [117.8514209, 1.0743713], [117.8505967, 1.0708756], [117.8495624, 1.0667707], [117.848894, 1.0641932], [117.8483371, 1.0615362], [117.8475416, 1.0580123], [117.8467208, 1.0546601], [117.846002, 1.0515493], [117.8454226, 1.0492644], [117.8447038, 1.0460463], [117.8440118, 1.0434343], [117.843014, 1.0388914], [117.8442961, 1.0357591], [117.8456265, 1.0327716], [117.8471017, 1.0294194], [117.8498, 1.0230045], [117.8501433, 1.0192071], [117.8504974, 1.0145462], [117.850846, 1.0104699], [117.8511625, 1.0072195], [117.8514993, 1.0037429], [117.8518201, 0.9995773], [117.8524537, 0.9957968], [117.8529029, 0.9933588], [117.8533949, 0.9906748], [117.8540686, 0.9870926], [117.8555382, 0.9786749], [117.8561371, 0.9750927], [117.8566933, 0.9719061], [117.8572817, 0.9684298], [117.8578271, 0.9652967], [117.8585144, 0.9613622], [117.8596581, 0.9549406], [117.8558092, 0.9467103]]}, "properties": {"id": "TRM-KLM-0268", "system": "Mahakam", "voltage_class": "150 kV", "voltage_kv_max": 150.0, "voltage_kv_all": "150", "length_km": 20.671, "osm_id": "way/1318451334", "osm_voltage": "150000", "source_id": "OSM-overpass", "color": "#1f77b4", "weight": 1.8, "from_id": "", "from_name": "", "from_distance_km": "", "to_id": "", "to_name": "", "to_distance_km": "", "endpoint_confidence": "none", "circuit_id": "", "circuit_from_id": "", "circuit_from_name": "", "circuit_to_id": "", "circuit_to_name": "", "circuit_length_km": "", "circuit_segment_count": "", "match_tier": "BASELINE_UNRESOLVED"}}, {"type": "Feature", "geometry": {"type": "LineString", "coordinates": [[117.9292864, 1.2376192], [117.9264557, 1.2357984], [117.9236039, 1.2339694], [117.9206983, 1.2321045], [117.9135957, 1.2274243]]}, "properties": {"id": "TRM-KLM-0269", "system": "Mahakam", "voltage_class": "150 kV", "voltage_kv_max": 150.0, "voltage_kv_all": "150", "length_km": 2.08, "osm_id": "way/1318451335", "osm_voltage": "150000", "source_id": "OSM-overpass", "color": "#1f77b4", "weight": 1.8, "from_id": "", "from_name": "", "from_distance_km": "", "to_id": "", "to_name": "", "to_distance_km": "", "endpoint_confidence": "none", "circuit_id": "", "circuit_from_id": "", "circuit_from_name": "", "circuit_to_id": "", "circuit_to_name": "", "circuit_length_km": "", "circuit_segment_count": "", "match_tier": "BASELINE_UNRESOLVED"}}, {"type": "Feature", "geometry": {"type": "LineString", "coordinates": [[117.9866407, 1.3439941], [117.9842465, 1.3418879], [117.9818332, 1.3397625], [117.9796689, 1.3377902], [117.9773131, 1.3357031], [117.9749956, 1.333616]]}, "properties": {"id": "TRM-KLM-0270", "system": "Mahakam", "voltage_class": "150 kV", "voltage_kv_max": 150.0, "voltage_kv_all": "150", "length_km": 1.734, "osm_id": "way/1318451336", "osm_voltage": "150000", "source_id": "OSM-overpass", "color": "#1f77b4", "weight": 1.8, "from_id": "", "from_name": "", "from_distance_km": "", "to_id": "", "to_name": "", "to_distance_km": "", "endpoint_confidence": "none", "circuit_id": "", "circuit_from_id": "", "circuit_from_name": "", "circuit_to_id": "", "circuit_to_name": "", "circuit_length_km": "", "circuit_segment_count": "", "match_tier": "BASELINE_UNRESOLVED"}}, {"type": "Feature", "geometry": {"type": "LineString", "coordinates": [[118.2141781, 1.4389175], [118.2140891, 1.4358823], [118.2140002, 1.4327254], [118.2138334, 1.4298883], [118.2137555, 1.4265313], [118.2137111, 1.4233669], [118.213611, 1.4202766], [118.2109312, 1.4185648], [118.2084738, 1.4169529], [118.2048044, 1.4173309], [118.2018021, 1.4177088], [118.1986108, 1.4179089], [118.1951527, 1.4182091], [118.1930019, 1.4183631], [118.1901887, 1.4187299], [118.186864, 1.4190745], [118.1836171, 1.4194969], [118.1811819, 1.4196192], [118.1779907, 1.4200083], [118.1748439, 1.4203528], [118.1719083, 1.4206974], [118.1687282, 1.421042]]}, "properties": {"id": "TRM-KLM-0271", "system": "Mahakam", "voltage_class": "150 kV", "voltage_kv_max": 150.0, "voltage_kv_all": "150", "length_km": 7.197, "osm_id": "way/1318451338", "osm_voltage": "150000", "source_id": "OSM-overpass", "color": "#1f77b4", "weight": 1.8, "from_id": "", "from_name": "", "from_distance_km": "", "to_id": "", "to_name": "", "to_distance_km": "", "endpoint_confidence": "none", "circuit_id": "", "circuit_from_id": "", "circuit_from_name": "", "circuit_to_id": "", "circuit_to_name": "", "circuit_length_km": "", "circuit_segment_count": "", "match_tier": "BASELINE_UNRESOLVED"}}, {"type": "Feature", "geometry": {"type": "LineString", "coordinates": [[112.755927, -1.9763182], [112.7559122, -1.9761239]]}, "properties": {"id": "TRM-KLM-0272", "system": "Kalselteng", "voltage_class": "150 kV", "voltage_kv_max": 150.0, "voltage_kv_all": "150", "length_km": 0.022, "osm_id": "way/1319708542", "osm_voltage": "150000", "source_id": "OSM-overpass", "color": "#1f77b4", "weight": 1.8, "from_id": "GI-KLM-0057", "from_name": "GI PARENGGEAN", "from_distance_km": 0.055, "to_id": "GI-KLM-0057", "to_name": "GI PARENGGEAN", "to_distance_km": "", "endpoint_confidence": "both", "circuit_id": "CIRC-KALIMANTAN-0225", "circuit_from_id": "GI-KLM-0057", "circuit_from_name": "GI PARENGGEAN", "circuit_to_id": "GI-KLM-0057", "circuit_to_name": "GI PARENGGEAN", "circuit_length_km": 0.022, "circuit_segment_count": 1, "match_tier": "UNMATCHED_BASELINE"}}, {"type": "Feature", "geometry": {"type": "LineString", "coordinates": [[112.755809, -1.9761467], [112.755927, -1.9763182]]}, "properties": {"id": "TRM-KLM-0273", "system": "Kalselteng", "voltage_class": "150 kV", "voltage_kv_max": 150.0, "voltage_kv_all": "150", "length_km": 0.023, "osm_id": "way/1319708543", "osm_voltage": "150000", "source_id": "OSM-overpass", "color": "#1f77b4", "weight": 1.8, "from_id": "GI-KLM-0057", "from_name": "GI PARENGGEAN", "from_distance_km": 0.04, "to_id": "GI-KLM-0057", "to_name": "GI PARENGGEAN", "to_distance_km": "", "endpoint_confidence": "both", "circuit_id": "CIRC-KALIMANTAN-0226", "circuit_from_id": "GI-KLM-0057", "circuit_from_name": "GI PARENGGEAN", "circuit_to_id": "GI-KLM-0057", "circuit_to_name": "GI PARENGGEAN", "circuit_length_km": 0.023, "circuit_segment_count": 1, "match_tier": "UNMATCHED_BASELINE"}}, {"type": "Feature", "geometry": {"type": "LineString", "coordinates": [[116.8865649, 3.5608701], [116.8862432, 3.5608378]]}, "properties": {"id": "TRM-KLM-0274", "system": "Mahakam", "voltage_class": "150 kV", "voltage_kv_max": 150.0, "voltage_kv_all": "150", "length_km": 0.036, "osm_id": "way/1319709245", "osm_voltage": "150000", "source_id": "OSM-overpass", "color": "#1f77b4", "weight": 1.8, "from_id": "", "from_name": "", "from_distance_km": "", "to_id": "", "to_name": "", "to_distance_km": "", "endpoint_confidence": "none", "circuit_id": "", "circuit_from_id": "", "circuit_from_name": "", "circuit_to_id": "", "circuit_to_name": "", "circuit_length_km": "", "circuit_segment_count": "", "match_tier": "BASELINE_UNRESOLVED"}}, {"type": "Feature", "geometry": {"type": "LineString", "coordinates": [[116.8862486, 3.5610065], [116.8865649, 3.5608701]]}, "properties": {"id": "TRM-KLM-0275", "system": "Mahakam", "voltage_class": "150 kV", "voltage_kv_max": 150.0, "voltage_kv_all": "150", "length_km": 0.038, "osm_id": "way/1319709246", "osm_voltage": "150000", "source_id": "OSM-overpass", "color": "#1f77b4", "weight": 1.8, "from_id": "", "from_name": "", "from_distance_km": "", "to_id": "", "to_name": "", "to_distance_km": "", "endpoint_confidence": "none", "circuit_id": "", "circuit_from_id": "", "circuit_from_name": "", "circuit_to_id": "", "circuit_to_name": "", "circuit_length_km": "", "circuit_segment_count": "", "match_tier": "BASELINE_UNRESOLVED"}}, {"type": "Feature", "geometry": {"type": "LineString", "coordinates": [[117.2655724, 2.9149615], [117.264226, 2.9180668], [117.262363, 2.9226932], [117.2612034, 2.9251768], [117.2601114, 2.9277835], [117.2584656, 2.9295527]]}, "properties": {"id": "TRM-KLM-0276", "system": "Mahakam", "voltage_class": "150 kV", "voltage_kv_max": 150.0, "voltage_kv_all": "150", "length_km": 1.818, "osm_id": "way/1319709247", "osm_voltage": "150000", "source_id": "OSM-overpass", "color": "#1f77b4", "weight": 1.8, "from_id": "", "from_name": "", "from_distance_km": "", "to_id": "", "to_name": "", "to_distance_km": "", "endpoint_confidence": "none", "circuit_id": "", "circuit_from_id": "", "circuit_from_name": "", "circuit_to_id": "", "circuit_to_name": "", "circuit_length_km": "", "circuit_segment_count": "", "match_tier": "BASELINE_UNRESOLVED"}}, {"type": "Feature", "geometry": {"type": "LineString", "coordinates": [[117.3140726, 2.8542629], [117.3110227, 2.8556665], [117.3084153, 2.857473], [117.3062049, 2.8590052], [117.3017581, 2.862068], [117.2991522, 2.8638286], [117.2969678, 2.8654089], [117.2946532, 2.8670164], [117.2922159, 2.8686698], [117.2897939, 2.8703539], [117.2869275, 2.8723747], [117.2852873, 2.8734923], [117.2820408, 2.8758326]]}, "properties": {"id": "TRM-KLM-0277", "system": "Mahakam", "voltage_class": "150 kV", "voltage_kv_max": 150.0, "voltage_kv_all": "150", "length_km": 4.296, "osm_id": "way/1319709248", "osm_voltage": "150000", "source_id": "OSM-overpass", "color": "#1f77b4", "weight": 1.8, "from_id": "", "from_name": "", "from_distance_km": "", "to_id": "", "to_name": "", "to_distance_km": "", "endpoint_confidence": "none", "circuit_id": "", "circuit_from_id": "", "circuit_from_name": "", "circuit_to_id": "", "circuit_to_name": "", "circuit_length_km": "", "circuit_segment_count": "", "match_tier": "BASELINE_UNRESOLVED"}}, {"type": "Feature", "geometry": {"type": "LineString", "coordinates": [[117.2189646, 2.9683567], [117.2166775, 2.9704586], [117.2146163, 2.9722683], [117.212797, 2.9738075], [117.2102827, 2.9762166], [117.2079723, 2.9783994], [117.2080743, 2.9813237], [117.2082467, 2.9847043], [117.2083939, 2.9877467], [117.2085618, 2.9909916], [117.2086977, 2.9941357], [117.2088279, 2.9973668], [117.2089525, 3.0005223], [117.2092394, 3.0071888], [117.2093825, 3.0109195], [117.2096467, 3.0158937], [117.209785, 3.0190843], [117.2098605, 3.021496], [117.2099611, 3.0229406], [117.2100869, 3.0256789]]}, "properties": {"id": "TRM-KLM-0278", "system": "Mahakam", "voltage_class": "150 kV", "voltage_kv_max": 150.0, "voltage_kv_all": "150", "length_km": 6.917, "osm_id": "way/1319709249", "osm_voltage": "150000", "source_id": "OSM-overpass", "color": "#1f77b4", "weight": 1.8, "from_id": "", "from_name": "", "from_distance_km": "", "to_id": "", "to_name": "", "to_distance_km": "", "endpoint_confidence": "none", "circuit_id": "", "circuit_from_id": "", "circuit_from_name": "", "circuit_to_id": "", "circuit_to_name": "", "circuit_length_km": "", "circuit_segment_count": "", "match_tier": "BASELINE_UNRESOLVED"}}, {"type": "Feature", "geometry": {"type": "LineString", "coordinates": [[117.063933, 3.3380367], [117.0625338, 3.3417779], [117.061169, 3.3454635], [117.0600395, 3.3485769], [117.0603091, 3.3508523], [117.0607117, 3.3536318], [117.0610222, 3.3560298], [117.0616484, 3.3607185], [117.0620629, 3.3638233], [117.062486, 3.3667118], [117.0628477, 3.3696071], [117.0632367, 3.3721481], [117.0636325, 3.3748935], [117.0640965, 3.3782793], [117.0645333, 3.3814606], [117.0649359, 3.3841788], [117.0641102, 3.3872647], [117.0633049, 3.390085], [117.0624451, 3.3930211], [117.0600293, 3.3950648], [117.0575385, 3.397197], [117.0555663, 3.3988524], [117.0523725, 3.4003783], [117.0505641, 3.4012707], [117.0486738, 3.4034915], [117.0468244, 3.4057395], [117.0450365, 3.4078649], [117.043112, 3.4101606], [117.0412627, 3.4124018], [117.0389356, 3.4151335], [117.0366637, 3.417902], [117.0343907, 3.4206717], [117.0323912, 3.4230219], [117.0304258, 3.4253925], [117.0283512, 3.4279334], [117.0264541, 3.4301949], [117.0244341, 3.4326336], [117.0227554, 3.4346296], [117.0203942, 3.4374497], [117.0183537, 3.4398884], [117.0163406, 3.4423066], [117.014191, 3.4448883], [117.0129626, 3.4475177], [117.0115978, 3.4504468], [117.0104956, 3.4527322], [117.0093731, 3.455147], [117.0082129, 3.4576061], [117.0069846, 3.4601945], [117.0056334, 3.4632735], [117.0041218, 3.4664818], [117.0030987, 3.4686137], [117.0017919, 3.4713671], [117.0006054, 3.4739007], [116.9994692, 3.4763013], [116.9971628, 3.4800958], [116.9954649, 3.4837747], [116.9946051, 3.4865782], [116.9935607, 3.4887641], [116.9914513, 3.4900571], [116.9888948, 3.4915561]]}, "properties": {"id": "TRM-KLM-0279", "system": "Mahakam", "voltage_class": "150 kV", "voltage_kv_max": 150.0, "voltage_kv_all": "150", "length_km": 20.195, "osm_id": "way/1319709250", "osm_voltage": "150000", "source_id": "OSM-overpass", "color": "#1f77b4", "weight": 1.8, "from_id": "", "from_name": "", "from_distance_km": "", "to_id": "", "to_name": "", "to_distance_km": "", "endpoint_confidence": "none", "circuit_id": "", "circuit_from_id": "", "circuit_from_name": "", "circuit_to_id": "", "circuit_to_name": "", "circuit_length_km": "", "circuit_segment_count": "", "match_tier": "BASELINE_UNRESOLVED"}}, {"type": "Feature", "geometry": {"type": "LineString", "coordinates": [[116.9283352, 3.5283043], [116.9255841, 3.5299837], [116.9230541, 3.531467], [116.9202088, 3.5331872], [116.9181578, 3.5344008], [116.9159963, 3.5357001], [116.9138443, 3.5370144], [116.9116214, 3.5383138], [116.9097055, 3.5407409], [116.9041419, 3.5474828], [116.901855, 3.5493348], [116.899804, 3.5517496], [116.8976179, 3.5544709], [116.8953458, 3.5572534], [116.8922754, 3.5585282], [116.8865649, 3.5608701]]}, "properties": {"id": "TRM-KLM-0280", "system": "Mahakam", "voltage_class": "150 kV", "voltage_kv_max": 150.0, "voltage_kv_all": "150", "length_km": 5.998, "osm_id": "way/1319709251", "osm_voltage": "150000", "source_id": "OSM-overpass", "color": "#1f77b4", "weight": 1.8, "from_id": "", "from_name": "", "from_distance_km": "", "to_id": "", "to_name": "", "to_distance_km": "", "endpoint_confidence": "none", "circuit_id": "", "circuit_from_id": "", "circuit_from_name": "", "circuit_to_id": "", "circuit_to_name": "", "circuit_length_km": "", "circuit_segment_count": "", "match_tier": "BASELINE_UNRESOLVED"}}, {"type": "Feature", "geometry": {"type": "LineString", "coordinates": [[117.612792, 2.0319445], [117.614902, 2.0294187], [117.6169074, 2.027071]]}, "properties": {"id": "TRM-KLM-0281", "system": "Mahakam", "voltage_class": "150 kV", "voltage_kv_max": 150.0, "voltage_kv_all": "150", "length_km": 0.709, "osm_id": "way/1319709252", "osm_voltage": "150000", "source_id": "OSM-overpass", "color": "#1f77b4", "weight": 1.8, "from_id": "", "from_name": "", "from_distance_km": "", "to_id": "", "to_name": "", "to_distance_km": "", "endpoint_confidence": "none", "circuit_id": "", "circuit_from_id": "", "circuit_from_name": "", "circuit_to_id": "", "circuit_to_name": "", "circuit_length_km": "", "circuit_segment_count": "", "match_tier": "BASELINE_UNRESOLVED"}}, {"type": "Feature", "geometry": {"type": "LineString", "coordinates": [[117.6468823, 2.0112978], [117.6526804, 2.0096736], [117.6559835, 2.0098798], [117.6579968, 2.007058]]}, "properties": {"id": "TRM-KLM-0282", "system": "Mahakam", "voltage_class": "150 kV", "voltage_kv_max": 150.0, "voltage_kv_all": "150", "length_km": 1.422, "osm_id": "way/1319709253", "osm_voltage": "150000", "source_id": "OSM-overpass", "color": "#1f77b4", "weight": 1.8, "from_id": "", "from_name": "", "from_distance_km": "", "to_id": "", "to_name": "", "to_distance_km": "", "endpoint_confidence": "none", "circuit_id": "", "circuit_from_id": "", "circuit_from_name": "", "circuit_to_id": "", "circuit_to_name": "", "circuit_length_km": "", "circuit_segment_count": "", "match_tier": "BASELINE_UNRESOLVED"}}, {"type": "Feature", "geometry": {"type": "LineString", "coordinates": [[117.5011951, 2.1178888], [117.5039702, 2.1163244], [117.5063874, 2.1147438], [117.5078965, 2.1118035], [117.5092444, 2.1094562], [117.5107962, 2.1067921], [117.5120695, 2.1045455], [117.5136611, 2.1017322]]}, "properties": {"id": "TRM-KLM-0283", "system": "Mahakam", "voltage_class": "150 kV", "voltage_kv_max": 150.0, "voltage_kv_all": "150", "length_km": 2.333, "osm_id": "way/1319709254", "osm_voltage": "150000", "source_id": "OSM-overpass", "color": "#1f77b4", "weight": 1.8, "from_id": "", "from_name": "", "from_distance_km": "", "to_id": "", "to_name": "", "to_distance_km": "", "endpoint_confidence": "none", "circuit_id": "", "circuit_from_id": "", "circuit_from_name": "", "circuit_to_id": "", "circuit_to_name": "", "circuit_length_km": "", "circuit_segment_count": "", "match_tier": "BASELINE_UNRESOLVED"}}, {"type": "Feature", "geometry": {"type": "LineString", "coordinates": [[117.7363779, 1.9708729], [117.7382611, 1.9689208], [117.7401598, 1.9669998], [117.7422065, 1.9638867], [117.7433815, 1.9612114], [117.745049, 1.9575165], [117.7461773, 1.9550924], [117.7473135, 1.9525804], [117.7489632, 1.9487695], [117.749846, 1.9468891], [117.7516104, 1.9430311], [117.7527471, 1.9404631], [117.7538029, 1.9380668]]}, "properties": {"id": "TRM-KLM-0284", "system": "Mahakam", "voltage_class": "150 kV", "voltage_kv_max": 150.0, "voltage_kv_all": "150", "length_km": 4.163, "osm_id": "way/1319709255", "osm_voltage": "150000", "source_id": "OSM-overpass", "color": "#1f77b4", "weight": 1.8, "from_id": "", "from_name": "", "from_distance_km": "", "to_id": "", "to_name": "", "to_distance_km": "", "endpoint_confidence": "none", "circuit_id": "", "circuit_from_id": "", "circuit_from_name": "", "circuit_to_id": "", "circuit_to_name": "", "circuit_length_km": "", "circuit_segment_count": "", "match_tier": "BASELINE_UNRESOLVED"}}, {"type": "Feature", "geometry": {"type": "LineString", "coordinates": [[117.6673041, 1.9937556], [117.6701316, 1.9908999], [117.6722709, 1.9907881], [117.6755869, 1.9906555], [117.6787702, 1.990523], [117.6817655, 1.9904125], [117.6890165, 1.9900894], [117.6935262, 1.989769], [117.6949631, 1.9898795], [117.6986659, 1.9896917], [117.7010644, 1.9895481], [117.7045351, 1.988565], [117.7100064, 1.9870958], [117.7134218, 1.9861016], [117.7163287, 1.9853504], [117.7190367, 1.9846103], [117.7211921, 1.9840028]]}, "properties": {"id": "TRM-KLM-0285", "system": "Mahakam", "voltage_class": "150 kV", "voltage_kv_max": 150.0, "voltage_kv_all": "150", "length_km": 6.209, "osm_id": "way/1319709256", "osm_voltage": "150000", "source_id": "OSM-overpass", "color": "#1f77b4", "weight": 1.8, "from_id": "", "from_name": "", "from_distance_km": "", "to_id": "", "to_name": "", "to_distance_km": "", "endpoint_confidence": "none", "circuit_id": "", "circuit_from_id": "", "circuit_from_name": "", "circuit_to_id": "", "circuit_to_name": "", "circuit_length_km": "", "circuit_segment_count": "", "match_tier": "BASELINE_UNRESOLVED"}}, {"type": "Feature", "geometry": {"type": "LineString", "coordinates": [[117.9300432, 1.7187599], [117.9326624, 1.7180486], [117.9361292, 1.7172166]]}, "properties": {"id": "TRM-KLM-0286", "system": "Mahakam", "voltage_class": "150 kV", "voltage_kv_max": 150.0, "voltage_kv_all": "150", "length_km": 0.698, "osm_id": "way/1319709257", "osm_voltage": "150000", "source_id": "OSM-overpass", "color": "#1f77b4", "weight": 1.8, "from_id": "", "from_name": "", "from_distance_km": "", "to_id": "", "to_name": "", "to_distance_km": "", "endpoint_confidence": "none", "circuit_id": "", "circuit_from_id": "", "circuit_from_name": "", "circuit_to_id": "", "circuit_to_name": "", "circuit_length_km": "", "circuit_segment_count": "", "match_tier": "BASELINE_UNRESOLVED"}}, {"type": "Feature", "geometry": {"type": "LineString", "coordinates": [[117.9660556, 1.7092324], [117.9694184, 1.7085335], [117.9722772, 1.7077728], [117.9753829, 1.7070121], [117.9784989, 1.7061281], [117.9816916, 1.7053442], [117.98562, 1.704193], [117.9885303, 1.7035043], [117.9898672, 1.7002869], [117.9939528, 1.6910561], [117.9952369, 1.6879386], [117.9966427, 1.6845995], [117.9999193, 1.6833782], [118.0029396, 1.6822374], [118.005778, 1.6811672], [118.008854, 1.6798872], [118.0169438, 1.6766765], [118.0228253, 1.6744175], [118.0255432, 1.6733064], [118.0284043, 1.6721773], [118.0312967, 1.6706053], [118.0341855, 1.6690782], [118.0372606, 1.6681667], [118.0404921, 1.6674262], [118.0436516, 1.6665061], [118.0467997, 1.6656824], [118.0496958, 1.6648941], [118.0551977, 1.6617103], [118.0569898, 1.6598101], [118.0590545, 1.6576166], [118.0615103, 1.6550587], [118.0634228, 1.6529844], [118.0658672, 1.650393], [118.0677679, 1.6483973], [118.0700086, 1.6460094], [118.0722683, 1.6435055], [118.0749074, 1.6410988], [118.0766018, 1.6390071], [118.0787453, 1.6367305], [118.0808749, 1.6344166], [118.0831673, 1.6319418], [118.0853802, 1.6295817], [118.0876209, 1.6271846], [118.0897958, 1.6248305], [118.0920643, 1.6224056], [118.0942938, 1.6199456], [118.0962752, 1.6178354], [118.0999857, 1.617827], [118.1024857, 1.617827]]}, "properties": {"id": "TRM-KLM-0287", "system": "Mahakam", "voltage_class": "150 kV", "voltage_kv_max": 150.0, "voltage_kv_all": "150", "length_km": 19.254, "osm_id": "way/1319709258", "osm_voltage": "150000", "source_id": "OSM-overpass", "color": "#1f77b4", "weight": 1.8, "from_id": "", "from_name": "", "from_distance_km": "", "to_id": "", "to_name": "", "to_distance_km": "", "endpoint_confidence": "none", "circuit_id": "", "circuit_from_id": "", "circuit_from_name": "", "circuit_to_id": "", "circuit_to_name": "", "circuit_length_km": "", "circuit_segment_count": "", "match_tier": "BASELINE_UNRESOLVED"}}, {"type": "Feature", "geometry": {"type": "LineString", "coordinates": [[117.7794531, 1.9129359], [117.7807341, 1.910396], [117.7826597, 1.9070259], [117.7874284, 1.8984025], [117.7888499, 1.8956601], [117.7903458, 1.8928682], [117.7919491, 1.889874], [117.7930648, 1.8878048], [117.7946351, 1.8848436], [117.7957688, 1.8824541], [117.7977512, 1.8788751], [117.7987747, 1.8770423], [117.8003007, 1.8741715], [117.80205, 1.8723573], [117.8040863, 1.8700983], [117.8059947, 1.868095], [117.8084666, 1.8656351], [117.8102897, 1.8637064], [117.8110923, 1.8624946], [117.8148853, 1.8589095], [117.8171136, 1.8566398], [117.818894, 1.8546792], [117.8212182, 1.8523455], [117.8230231, 1.8503604], [117.8234914, 1.8442543], [117.8238054, 1.8406124], [117.8239609, 1.8378222], [117.8247651, 1.827804], [117.8250891, 1.8241871], [117.8252557, 1.8214792], [117.8255148, 1.8180381], [117.825731, 1.8150181], [117.8280633, 1.8136213], [117.8297848, 1.8126593], [117.833078, 1.8106812], [117.8362248, 1.8088404], [117.8390003, 1.8070838], [117.841675, 1.8055205], [117.8451086, 1.8060015], [117.8486626, 1.8061218], [117.8526249, 1.8066513], [117.8562066, 1.8070213], [117.8590664, 1.8070213], [117.861809, 1.8072988], [117.8653444, 1.8077613], [117.8716773, 1.8065479], [117.8741194, 1.8054479], [117.8762087, 1.8025723], [117.878514, 1.7997063], [117.8781829, 1.7973442], [117.8776007, 1.7930423], [117.8772353, 1.7899042], [117.8768015, 1.7860815], [117.8764133, 1.7833999], [117.8759795, 1.7801591], [117.8752477, 1.7739396], [117.8748138, 1.7706646], [117.8744597, 1.767513], [117.8740144, 1.764044], [117.8735702, 1.7604536], [117.8730108, 1.756802], [117.8727825, 1.7539264], [117.8754172, 1.7516667], [117.8779061, 1.7495784], [117.8815018, 1.7467147], [117.8867525, 1.7424387], [117.8890929, 1.7404874], [117.8918671, 1.7390495], [117.8952807, 1.7372351], [117.8988747, 1.7353254], [117.9012266, 1.7340701], [117.9033843, 1.7328948], [117.9063308, 1.7313537]]}, "properties": {"id": "TRM-KLM-0288", "system": "Mahakam", "voltage_class": "150 kV", "voltage_kv_max": 150.0, "voltage_kv_all": "150", "length_km": 28.675, "osm_id": "way/1319709259", "osm_voltage": "150000", "source_id": "OSM-overpass", "color": "#1f77b4", "weight": 1.8, "from_id": "", "from_name": "", "from_distance_km": "", "to_id": "", "to_name": "", "to_distance_km": "", "endpoint_confidence": "none", "circuit_id": "", "circuit_from_id": "", "circuit_from_name": "", "circuit_to_id": "", "circuit_to_name": "", "circuit_length_km": "", "circuit_segment_count": "", "match_tier": "BASELINE_UNRESOLVED"}}, {"type": "Feature", "geometry": {"type": "LineString", "coordinates": [[117.1774418, 3.1680304], [117.1770472, 3.1706142], [117.1759332, 3.1725724], [117.173914, 3.1757355], [117.1725666, 3.1779044], [117.1713133, 3.1799089], [117.1695842, 3.182736], [117.1655935, 3.1861833], [117.1623699, 3.1878084], [117.1589118, 3.1896506], [117.1557902, 3.1913075], [117.1521024, 3.1932354], [117.1493753, 3.1946837], [117.1453045, 3.1968311], [117.1424939, 3.1975803], [117.129873, 3.199642], [117.1267926, 3.2017629], [117.1236358, 3.2025796], [117.1199447, 3.2036461], [117.1179246, 3.205568], [117.1165708, 3.2069091], [117.1146565, 3.2087887], [117.1122321, 3.2111731], [117.1119995, 3.2136441], [117.1116773, 3.2165913], [117.1113388, 3.2191467], [117.110979, 3.2221079], [117.1099207, 3.2323258], [117.1095557, 3.2355237], [117.1092256, 3.2392152], [117.1088827, 3.2416976], [117.1077844, 3.2435747], [117.1061897, 3.2458945], [117.1039212, 3.2492198], [117.1022578, 3.2518392], [117.1005259, 3.2545612], [117.0993256, 3.2562476], [117.0972079, 3.2595346], [117.0959475, 3.2613321], [117.0939051, 3.2644926], [117.0923881, 3.2668836], [117.0904889, 3.2698028], [117.0888446, 3.27227], [117.0870698, 3.2747352], [117.0855951, 3.2770806], [117.0840776, 3.279289], [117.0822392, 3.2821533], [117.0803251, 3.2849802], [117.078456, 3.2876679], [117.0771347, 3.289834], [117.0728458, 3.2987444], [117.0728145, 3.3029793], [117.0727518, 3.3050342], [117.0726297, 3.307285], [117.072567, 3.3096737], [117.0724942, 3.312291], [117.0724524, 3.3149091], [117.0714494, 3.3174125], [117.0698821, 3.3220751], [117.0680619, 3.3266626], [117.0674872, 3.3283732], [117.0659913, 3.3323937], [117.0650928, 3.3348866], [117.063933, 3.3380367]]}, "properties": {"id": "TRM-KLM-0289", "system": "Mahakam", "voltage_class": "150 kV", "voltage_kv_max": 150.0, "voltage_kv_all": "150", "length_km": 24.611, "osm_id": "way/1319709260", "osm_voltage": "150000", "source_id": "OSM-overpass", "color": "#1f77b4", "weight": 1.8, "from_id": "", "from_name": "", "from_distance_km": "", "to_id": "", "to_name": "", "to_distance_km": "", "endpoint_confidence": "none", "circuit_id": "", "circuit_from_id": "", "circuit_from_name": "", "circuit_to_id": "", "circuit_to_name": "", "circuit_length_km": "", "circuit_segment_count": "", "match_tier": "BASELINE_UNRESOLVED"}}, {"type": "Feature", "geometry": {"type": "LineString", "coordinates": [[115.7777553, -0.2358079], [115.7724115, -0.239069], [115.7693758, -0.2409213], [115.7619246, -0.2457991], [115.7597596, -0.2471967], [115.7565259, -0.249211], [115.745914, -0.2558954], [115.7406797, -0.2592524], [115.7379118, -0.2609514], [115.7355414, -0.2624587], [115.7311018, -0.2646921], [115.7285806, -0.2659527], [115.7271419, -0.2663638], [115.7242781, -0.2671859], [115.7210307, -0.2680902], [115.717797, -0.2690083], [115.7148647, -0.2698989], [115.712179, -0.2706799], [115.7088905, -0.2716117], [115.706246, -0.2723653], [115.7039851, -0.2730504], [115.6994633, -0.2741877], [115.6973258, -0.2749413], [115.6944072, -0.2758045], [115.6923382, -0.2763937], [115.6876317, -0.2777322], [115.6791292, -0.2802675], [115.6701816, -0.2818706], [115.6677289, -0.2822954], [115.6637826, -0.2829668], [115.6569726, -0.2841863], [115.6537389, -0.2847344], [115.6372983, -0.2875432], [115.6336896, -0.2881548], [115.6323075, -0.2883503], [115.6293638, -0.2888678], [115.626226, -0.2893854], [115.6231852, -0.2898545], [115.6203386, -0.2903558], [115.6177507, -0.2908087], [115.6140306, -0.2914557], [115.6109252, -0.2919409], [115.6081756, -0.2924746], [115.5988308, -0.2940597]]}, "properties": {"id": "TRM-KLM-0290", "system": "Mahakam", "voltage_class": "150 kV", "voltage_kv_max": 150.0, "voltage_kv_all": "150", "length_km": 21.202, "osm_id": "way/1321622337", "osm_voltage": "150000", "source_id": "OSM-overpass", "color": "#1f77b4", "weight": 1.8, "from_id": "", "from_name": "", "from_distance_km": "", "to_id": "", "to_name": "", "to_distance_km": "", "endpoint_confidence": "none", "circuit_id": "", "circuit_from_id": "", "circuit_from_name": "", "circuit_to_id": "", "circuit_to_name": "", "circuit_length_km": "", "circuit_segment_count": "", "match_tier": "BASELINE_UNRESOLVED"}}, {"type": "Feature", "geometry": {"type": "LineString", "coordinates": [[117.2928497, -0.3155049], [117.2929661, -0.3150271]]}, "properties": {"id": "TRM-KLM-0291", "system": "Mahakam", "voltage_class": "150 kV", "voltage_kv_max": 150.0, "voltage_kv_all": "150", "length_km": 0.055, "osm_id": "way/1321622745", "osm_voltage": "150000", "source_id": "OSM-overpass", "color": "#1f77b4", "weight": 1.8, "from_id": "", "from_name": "", "from_distance_km": "", "to_id": "", "to_name": "", "to_distance_km": "", "endpoint_confidence": "none", "circuit_id": "", "circuit_from_id": "", "circuit_from_name": "", "circuit_to_id": "", "circuit_to_name": "", "circuit_length_km": "", "circuit_segment_count": "", "match_tier": "BASELINE_UNRESOLVED"}}, {"type": "Feature", "geometry": {"type": "LineString", "coordinates": [[117.2929661, -0.3150271], [117.2929895, -0.3155147]]}, "properties": {"id": "TRM-KLM-0292", "system": "Mahakam", "voltage_class": "150 kV", "voltage_kv_max": 150.0, "voltage_kv_all": "150", "length_km": 0.054, "osm_id": "way/1321622746", "osm_voltage": "150000", "source_id": "OSM-overpass", "color": "#1f77b4", "weight": 1.8, "from_id": "", "from_name": "", "from_distance_km": "", "to_id": "", "to_name": "", "to_distance_km": "", "endpoint_confidence": "none", "circuit_id": "", "circuit_from_id": "", "circuit_from_name": "", "circuit_to_id": "", "circuit_to_name": "", "circuit_length_km": "", "circuit_segment_count": "", "match_tier": "BASELINE_UNRESOLVED"}}, {"type": "Feature", "geometry": {"type": "LineString", "coordinates": [[117.2647947, -0.3097796], [117.2635285, -0.3124654], [117.2627337, -0.315177], [117.2612485, -0.320528], [117.2607573, -0.3222907], [117.2588639, -0.3242362], [117.2570159, -0.3261556], [117.2552915, -0.32649], [117.2527468, -0.3269011], [117.2496464, -0.327475], [117.2470842, -0.3279287], [117.2438149, -0.32848], [117.2403774, -0.3290914], [117.2374835, -0.3295677], [117.2340504, -0.3301756], [117.23041, -0.3293169], [117.2265851, -0.328446], [117.2236292, -0.3281134], [117.2199436, -0.3276832], [117.2162719, -0.327293], [117.212379, -0.3268593], [117.2089435, -0.3264753], [117.2055338, -0.3282283], [117.202456, -0.3298107], [117.200021, -0.3309629], [117.1984726, -0.3317955], [117.1968353, -0.3327987], [117.1936948, -0.3342844], [117.1910099, -0.3356622], [117.1898298, -0.3394697], [117.1888405, -0.342779], [117.1874776, -0.3472682], [117.1867834, -0.3496241], [117.1858951, -0.3525642], [117.1849545, -0.3556506], [117.1842352, -0.3581518], [117.1830473, -0.3622066], [117.1819743, -0.3658172], [117.1811139, -0.3687242], [117.1805286, -0.3705565], [117.1795184, -0.3736778], [117.1785683, -0.3770976], [117.1780606, -0.3789869], [117.1774197, -0.3814644], [117.1767544, -0.3840366], [117.1761645, -0.3863901], [117.1753433, -0.3894194], [117.1745402, -0.3923817], [117.1739618, -0.3946362], [117.173243, -0.3976781], [117.1720548, -0.4001944], [117.1709181, -0.4027128], [117.1702061, -0.4043091], [117.1685776, -0.4075616], [117.1662765, -0.4078677], [117.1663314, -0.4075306]]}, "properties": {"id": "TRM-KLM-0293", "system": "Mahakam", "voltage_class": "150 kV", "voltage_kv_max": 150.0, "voltage_kv_all": "150", "length_km": 18.41, "osm_id": "way/1321622747", "osm_voltage": "150000", "source_id": "OSM-overpass", "color": "#1f77b4", "weight": 1.8, "from_id": "GI-KLM-0086", "from_name": "GI New Samarinda", "from_distance_km": "", "to_id": "GI-KLM-0086", "to_name": "GI New Samarinda", "to_distance_km": 0.044, "endpoint_confidence": "both", "circuit_id": "CIRC-KALIMANTAN-0227", "circuit_from_id": "GI-KLM-0086", "circuit_from_name": "GI New Samarinda", "circuit_to_id": "GI-KLM-0086", "circuit_to_name": "GI New Samarinda", "circuit_length_km": 18.41, "circuit_segment_count": 1, "match_tier": "CONFIRMED_MATCH", "match_reason": "pair match (GI New Samarinda — GI New Samarinda), voltage=150 matches", "ruptl_id": "RUPTL-KALIMANTAN-T-0090", "voltage_kv_ruptl": "150", "length_km_ruptl": "30.0", "target_cod_year_ruptl": "2030", "action_type_ruptl": "New"}}, {"type": "Feature", "geometry": {"type": "LineString", "coordinates": [[111.2002981, -2.7705509], [111.199427, -2.7704029]]}, "properties": {"id": "TRM-KLM-0294", "system": "Khatulistiwa", "voltage_class": "150 kV", "voltage_kv_max": 150.0, "voltage_kv_all": "150", "length_km": 0.098, "osm_id": "way/1339745430", "osm_voltage": "150000", "source_id": "OSM-overpass", "color": "#1f77b4", "weight": 1.8, "from_id": "GI-KLM-0068", "from_name": "GI SUKAMARA", "from_distance_km": 0.047, "to_id": "GI-KLM-0068", "to_name": "GI SUKAMARA", "to_distance_km": "", "endpoint_confidence": "both", "circuit_id": "CIRC-KALIMANTAN-0228", "circuit_from_id": "GI-KLM-0068", "circuit_from_name": "GI SUKAMARA", "circuit_to_id": "GI-KLM-0068", "circuit_to_name": "GI SUKAMARA", "circuit_length_km": 0.098, "circuit_segment_count": 1, "match_tier": "UNMATCHED_BASELINE"}}, {"type": "Feature", "geometry": {"type": "LineString", "coordinates": [[111.2003008, -2.7702776], [111.199427, -2.7704029]]}, "properties": {"id": "TRM-KLM-0295", "system": "Khatulistiwa", "voltage_class": "150 kV", "voltage_kv_max": 150.0, "voltage_kv_all": "150", "length_km": 0.098, "osm_id": "way/1339745431", "osm_voltage": "150000", "source_id": "OSM-overpass", "color": "#1f77b4", "weight": 1.8, "from_id": "GI-KLM-0068", "from_name": "GI SUKAMARA", "from_distance_km": 0.049, "to_id": "GI-KLM-0068", "to_name": "GI SUKAMARA", "to_distance_km": "", "endpoint_confidence": "both", "circuit_id": "CIRC-KALIMANTAN-0229", "circuit_from_id": "GI-KLM-0068", "circuit_from_name": "GI SUKAMARA", "circuit_to_id": "GI-KLM-0068", "circuit_to_name": "GI SUKAMARA", "circuit_length_km": 0.098, "circuit_segment_count": 1, "match_tier": "UNMATCHED_BASELINE"}}, {"type": "Feature", "geometry": {"type": "LineString", "coordinates": [[117.1939243, -0.5833058], [117.194254, -0.5833261]]}, "properties": {"id": "TRM-KLM-0296", "system": "Mahakam", "voltage_class": "150 kV", "voltage_kv_max": 150.0, "voltage_kv_all": "150", "length_km": 0.037, "osm_id": "way/1363038778", "osm_voltage": "150000", "source_id": "OSM-overpass", "color": "#1f77b4", "weight": 1.8, "from_id": "GI-KLM-0076", "from_name": "GI Bukuan", "from_distance_km": 0.032, "to_id": "GI-KLM-0076", "to_name": "GI Bukuan", "to_distance_km": "", "endpoint_confidence": "both", "circuit_id": "CIRC-KALIMANTAN-0230", "circuit_from_id": "GI-KLM-0076", "circuit_from_name": "GI Bukuan", "circuit_to_id": "GI-KLM-0076", "circuit_to_name": "GI Bukuan", "circuit_length_km": 0.037, "circuit_segment_count": 1, "match_tier": "UNMATCHED_BASELINE"}}, {"type": "Feature", "geometry": {"type": "LineString", "coordinates": [[117.194254, -0.5833261], [117.1939317, -0.5831683]]}, "properties": {"id": "TRM-KLM-0297", "system": "Mahakam", "voltage_class": "150 kV", "voltage_kv_max": 150.0, "voltage_kv_all": "150", "length_km": 0.04, "osm_id": "way/1363038779", "osm_voltage": "150000", "source_id": "OSM-overpass", "color": "#1f77b4", "weight": 1.8, "from_id": "GI-KLM-0076", "from_name": "GI Bukuan", "from_distance_km": 0.067, "to_id": "GI-KLM-0076", "to_name": "GI Bukuan", "to_distance_km": "", "endpoint_confidence": "both", "circuit_id": "CIRC-KALIMANTAN-0231", "circuit_from_id": "GI-KLM-0076", "circuit_from_name": "GI Bukuan", "circuit_to_id": "GI-KLM-0076", "circuit_to_name": "GI Bukuan", "circuit_length_km": 0.04, "circuit_segment_count": 1, "match_tier": "UNMATCHED_BASELINE"}}, {"type": "Feature", "geometry": {"type": "LineString", "coordinates": [[117.2824305, -0.6434836], [117.2821717, -0.6440479]]}, "properties": {"id": "TRM-KLM-0298", "system": "Mahakam", "voltage_class": "150 kV", "voltage_kv_max": 150.0, "voltage_kv_all": "150", "length_km": 0.069, "osm_id": "way/1363038780", "osm_voltage": "150000", "source_id": "OSM-overpass", "color": "#1f77b4", "weight": 1.8, "from_id": "", "from_name": "", "from_distance_km": "", "to_id": "", "to_name": "", "to_distance_km": "", "endpoint_confidence": "none", "circuit_id": "", "circuit_from_id": "", "circuit_from_name": "", "circuit_to_id": "", "circuit_to_name": "", "circuit_length_km": "", "circuit_segment_count": "", "match_tier": "BASELINE_UNRESOLVED"}}, {"type": "Feature", "geometry": {"type": "LineString", "coordinates": [[117.2821717, -0.6440479], [117.2823044, -0.6434247]]}, "properties": {"id": "TRM-KLM-0299", "system": "Mahakam", "voltage_class": "150 kV", "voltage_kv_max": 150.0, "voltage_kv_all": "150", "length_km": 0.071, "osm_id": "way/1363038781", "osm_voltage": "150000", "source_id": "OSM-overpass", "color": "#1f77b4", "weight": 1.8, "from_id": "", "from_name": "", "from_distance_km": "", "to_id": "", "to_name": "", "to_distance_km": "", "endpoint_confidence": "none", "circuit_id": "", "circuit_from_id": "", "circuit_from_name": "", "circuit_to_id": "", "circuit_to_name": "", "circuit_length_km": "", "circuit_segment_count": "", "match_tier": "BASELINE_UNRESOLVED"}}, {"type": "Feature", "geometry": {"type": "LineString", "coordinates": [[117.194254, -0.5833261], [117.1961003, -0.5840363], [117.1999521, -0.5856368], [117.201377, -0.5888364], [117.2048673, -0.5902882], [117.2089407, -0.5891971], [117.2116673, -0.5896069], [117.2151156, -0.5911519], [117.2195306, -0.5931537], [117.2235245, -0.5948954], [117.2273048, -0.5968748], [117.2305283, -0.5973291], [117.2332526, -0.5976834], [117.2366983, -0.5992696], [117.2396054, -0.600655], [117.2426971, -0.6020324], [117.245354, -0.6039132], [117.2468432, -0.6066095], [117.2480492, -0.608769], [117.2514166, -0.6120403], [117.2532794, -0.6138605], [117.2557478, -0.6160428], [117.2582399, -0.618293], [117.2615124, -0.6201977], [117.2624021, -0.62282], [117.2645025, -0.6257959], [117.2662218, -0.629417], [117.2660993, -0.6333834], [117.2652413, -0.6365934], [117.2662146, -0.6394265], [117.267068, -0.6399114], [117.2711908, -0.642268], [117.2738137, -0.6438067], [117.2777761, -0.6438628], [117.2821717, -0.6440479]]}, "properties": {"id": "TRM-KLM-0300", "system": "Mahakam", "voltage_class": "150 kV", "voltage_kv_max": 150.0, "voltage_kv_all": "150", "length_km": 13.17, "osm_id": "way/1363038785", "osm_voltage": "150000", "source_id": "OSM-overpass", "color": "#1f77b4", "weight": 1.8, "from_id": "GI-KLM-0076", "from_name": "GI Bukuan", "from_distance_km": 0.067, "to_id": "GI-KLM-0076", "to_name": "GI Bukuan", "to_distance_km": "", "endpoint_confidence": "both", "circuit_id": "CIRC-KALIMANTAN-0232", "circuit_from_id": "GI-KLM-0076", "circuit_from_name": "GI Bukuan", "circuit_to_id": "GI-KLM-0076", "circuit_to_name": "GI Bukuan", "circuit_length_km": 13.17, "circuit_segment_count": 1, "match_tier": "UNMATCHED_BASELINE"}}, {"type": "Feature", "geometry": {"type": "LineString", "coordinates": [[117.8099013, 0.7967328], [117.8096151, 0.7971893]]}, "properties": {"id": "TRM-KLM-0301", "system": "Mahakam", "voltage_class": "150 kV", "voltage_kv_max": 150.0, "voltage_kv_all": "150", "length_km": 0.06, "osm_id": "way/1363038963", "osm_voltage": "150000", "source_id": "OSM-overpass", "color": "#1f77b4", "weight": 1.8, "from_id": "", "from_name": "", "from_distance_km": "", "to_id": "", "to_name": "", "to_distance_km": "", "endpoint_confidence": "none", "circuit_id": "", "circuit_from_id": "", "circuit_from_name": "", "circuit_to_id": "", "circuit_to_name": "", "circuit_length_km": "", "circuit_segment_count": "", "match_tier": "BASELINE_UNRESOLVED"}}, {"type": "Feature", "geometry": {"type": "LineString", "coordinates": [[117.8097253, 0.7972557], [117.8099013, 0.7967328]]}, "properties": {"id": "TRM-KLM-0302", "system": "Mahakam", "voltage_class": "150 kV", "voltage_kv_max": 150.0, "voltage_kv_all": "150", "length_km": 0.061, "osm_id": "way/1363038964", "osm_voltage": "150000", "source_id": "OSM-overpass", "color": "#1f77b4", "weight": 1.8, "from_id": "", "from_name": "", "from_distance_km": "", "to_id": "", "to_name": "", "to_distance_km": "", "endpoint_confidence": "none", "circuit_id": "", "circuit_from_id": "", "circuit_from_name": "", "circuit_to_id": "", "circuit_to_name": "", "circuit_length_km": "", "circuit_segment_count": "", "match_tier": "BASELINE_UNRESOLVED"}}, {"type": "Feature", "geometry": {"type": "LineString", "coordinates": [[116.0700568, -2.6965026], [116.0750889, -2.699076], [116.0751612, -2.701962], [116.0753933, -2.7056287], [116.0754921, -2.7089245], [116.075685, -2.7121305], [116.0766729, -2.718801], [116.0782176, -2.7246645], [116.0767161, -2.7277629], [116.0693501, -2.7431102], [116.0678288, -2.746327], [116.0663865, -2.7493661], [116.0679194, -2.7589969], [116.0685121, -2.762707], [116.0695395, -2.7695351], [116.0700927, -2.772811], [116.0710347, -2.7790756], [116.0714693, -2.7818384], [116.0723782, -2.7875218], [116.0728919, -2.7907384], [116.0744101, -2.8007783], [116.0748364, -2.8030116], [116.0733924, -2.8113602], [116.0713634, -2.8198385], [116.0697433, -2.8227985], [116.0689332, -2.8253046], [116.0613601, -2.8324343], [116.0567962, -2.8367757], [116.0541329, -2.8392328], [116.0544096, -2.842765], [116.0547652, -2.8464945], [116.0574885, -2.8525457], [116.0629516, -2.8580217], [116.0532655, -2.8704741], [116.0488055, -2.8742713], [116.0430537, -2.8772166], [116.033205, -2.8802185], [116.0282176, -2.8827256], [116.0260972, -2.8845025], [116.0185176, -2.8907825], [116.015666, -2.8911233], [116.0127113, -2.8915478], [116.0097762, -2.8919973], [116.0090559, -2.8938317], [116.0114032, -2.900582], [116.0183661, -2.9121727], [116.0203468, -2.9154097], [116.0194919, -2.9181576], [116.0162147, -2.9196862], [116.0128834, -2.9211788], [116.0034659, -2.9286059], [116.0006766, -2.9302656], [115.9949324, -2.9336645], [115.9899446, -2.9366137], [115.9867137, -2.9367473], [115.9832564, -2.94243], [115.984895, -2.9454331], [115.9835755, -2.9559293], [115.9766534, -2.9646692], [115.9752097, -2.9686045], [115.9752334, -2.9713581], [115.9699838, -2.9780693], [115.9674051, -2.9800047], [115.9628348, -2.9950178], [115.962979, -2.9985526], [115.9632306, -3.0023105], [115.9633747, -3.0059893], [115.9650084, -3.014662], [115.9661924, -3.0176314], [115.9675378, -3.0208462], [115.9687486, -3.0237876], [115.9701901, -3.0273703], [115.9711511, -3.0296415], [115.9736958, -3.0357132], [115.9746087, -3.0380963], [115.9776885, -3.0450925], [115.9788737, -3.0484352], [115.9798667, -3.0579196], [115.9771119, -3.0637893], [115.9759106, -3.0663643]]}, "properties": {"id": "TRM-KLM-0303", "system": "Kalselteng", "voltage_class": "150 kV", "voltage_kv_max": 150.0, "voltage_kv_all": "150", "length_km": 50.321, "osm_id": "way/1363724772", "osm_voltage": "150000", "source_id": "OSM-overpass", "color": "#1f77b4", "weight": 1.8, "from_id": "", "from_name": "", "from_distance_km": "", "to_id": "", "to_name": "", "to_distance_km": "", "endpoint_confidence": "none", "circuit_id": "", "circuit_from_id": "", "circuit_from_name": "", "circuit_to_id": "", "circuit_to_name": "", "circuit_length_km": "", "circuit_segment_count": "", "match_tier": "BASELINE_UNRESOLVED"}}, {"type": "Feature", "geometry": {"type": "LineString", "coordinates": [[117.0516336, -0.3845669], [117.0521117, -0.384569], [117.052238, -0.3845696]]}, "properties": {"id": "TRM-KLM-0304", "system": "Mahakam", "voltage_class": "150 kV", "voltage_kv_max": 150.0, "voltage_kv_all": "150", "length_km": 0.067, "osm_id": "way/1385959877", "osm_voltage": "150000", "source_id": "OSM-overpass", "color": "#1f77b4", "weight": 1.8, "from_id": "GI-KLM-0077", "from_name": "GI Embalut", "from_distance_km": 1.905, "to_id": "GI-KLM-0077", "to_name": "GI Embalut", "to_distance_km": "", "endpoint_confidence": "both", "circuit_id": "CIRC-KALIMANTAN-0233", "circuit_from_id": "GI-KLM-0077", "circuit_from_name": "GI Embalut", "circuit_to_id": "GI-KLM-0077", "circuit_to_name": "GI Embalut", "circuit_length_km": 0.067, "circuit_segment_count": 1, "match_tier": "UNMATCHED_BASELINE"}}, {"type": "Feature", "geometry": {"type": "LineString", "coordinates": [[117.0516416, -0.3841994], [117.0521155, -0.3841973], [117.0522433, -0.3841967]]}, "properties": {"id": "TRM-KLM-0305", "system": "Mahakam", "voltage_class": "150 kV", "voltage_kv_max": 150.0, "voltage_kv_all": "150", "length_km": 0.067, "osm_id": "way/1385959878", "osm_voltage": "150000", "source_id": "OSM-overpass", "color": "#1f77b4", "weight": 1.8, "from_id": "GI-KLM-0077", "from_name": "GI Embalut", "from_distance_km": 1.873, "to_id": "GI-KLM-0077", "to_name": "GI Embalut", "to_distance_km": "", "endpoint_confidence": "both", "circuit_id": "CIRC-KALIMANTAN-0234", "circuit_from_id": "GI-KLM-0077", "circuit_from_name": "GI Embalut", "circuit_to_id": "GI-KLM-0077", "circuit_to_name": "GI Embalut", "circuit_length_km": 0.067, "circuit_segment_count": 1, "match_tier": "UNMATCHED_BASELINE"}}, {"type": "Feature", "geometry": {"type": "LineString", "coordinates": [[117.0522371, -0.3846339], [117.052238, -0.3845696], [117.0522433, -0.3841967], [117.0522881, -0.3810318]]}, "properties": {"id": "TRM-KLM-0306", "system": "Mahakam", "voltage_class": "150 kV", "voltage_kv_max": 150.0, "voltage_kv_all": "150", "length_km": 0.401, "osm_id": "way/1385959879", "osm_voltage": "150000", "source_id": "OSM-overpass", "color": "#1f77b4", "weight": 1.8, "from_id": "GI-KLM-0077", "from_name": "GI Embalut", "from_distance_km": 1.868, "to_id": "GI-KLM-0077", "to_name": "GI Embalut", "to_distance_km": "", "endpoint_confidence": "both", "circuit_id": "CIRC-KALIMANTAN-0235", "circuit_from_id": "GI-KLM-0077", "circuit_from_name": "GI Embalut", "circuit_to_id": "GI-KLM-0077", "circuit_to_name": "GI Embalut", "circuit_length_km": 0.401, "circuit_segment_count": 1, "match_tier": "UNMATCHED_BASELINE"}}, {"type": "Feature", "geometry": {"type": "LineString", "coordinates": [[117.052111, -0.3846312], [117.0521117, -0.384569], [117.0521155, -0.3841973], [117.0521486, -0.3810211]]}, "properties": {"id": "TRM-KLM-0307", "system": "Mahakam", "voltage_class": "150 kV", "voltage_kv_max": 150.0, "voltage_kv_all": "150", "length_km": 0.401, "osm_id": "way/1385959880", "osm_voltage": "150000", "source_id": "OSM-overpass", "color": "#1f77b4", "weight": 1.8, "from_id": "GI-KLM-0077", "from_name": "GI Embalut", "from_distance_km": 1.876, "to_id": "GI-KLM-0077", "to_name": "GI Embalut", "to_distance_km": "", "endpoint_confidence": "both", "circuit_id": "CIRC-KALIMANTAN-0236", "circuit_from_id": "GI-KLM-0077", "circuit_from_name": "GI Embalut", "circuit_to_id": "GI-KLM-0077", "circuit_to_name": "GI Embalut", "circuit_length_km": 0.401, "circuit_segment_count": 1, "match_tier": "UNMATCHED_BASELINE"}}, {"type": "Feature", "geometry": {"type": "LineString", "coordinates": [[117.2912658, -0.3090482], [117.2647947, -0.3097796]]}, "properties": {"id": "TRM-KLM-0308", "system": "Mahakam", "voltage_class": "150 kV", "voltage_kv_max": 150.0, "voltage_kv_all": "150", "length_km": 2.945, "osm_id": "way/1385967039", "osm_voltage": "150000", "source_id": "OSM-overpass", "color": "#1f77b4", "weight": 1.8, "from_id": "", "from_name": "", "from_distance_km": "", "to_id": "", "to_name": "", "to_distance_km": "", "endpoint_confidence": "none", "circuit_id": "", "circuit_from_id": "", "circuit_from_name": "", "circuit_to_id": "", "circuit_to_name": "", "circuit_length_km": "", "circuit_segment_count": "", "match_tier": "BASELINE_UNRESOLVED"}}, {"type": "Feature", "geometry": {"type": "LineString", "coordinates": [[117.2929661, -0.3150271], [117.2935043, -0.3120174], [117.2921015, -0.3095581], [117.291712, -0.3093173], [117.2915562, -0.3092252], [117.2912658, -0.3090482]]}, "properties": {"id": "TRM-KLM-0309", "system": "Mahakam", "voltage_class": "150 kV", "voltage_kv_max": 150.0, "voltage_kv_all": "150", "length_km": 0.764, "osm_id": "way/1385967040", "osm_voltage": "150000", "source_id": "OSM-overpass", "color": "#1f77b4", "weight": 1.8, "from_id": "", "from_name": "", "from_distance_km": "", "to_id": "", "to_name": "", "to_distance_km": "", "endpoint_confidence": "none", "circuit_id": "", "circuit_from_id": "", "circuit_from_name": "", "circuit_to_id": "", "circuit_to_name": "", "circuit_length_km": "", "circuit_segment_count": "", "match_tier": "BASELINE_UNRESOLVED"}}, {"type": "Feature", "geometry": {"type": "LineString", "coordinates": [[117.1899513, -0.7796777], [117.1902884, -0.7794092], [117.1904826, -0.779809], [117.1907575, -0.7835233], [117.1942136, -0.7838313], [117.196226, -0.786356], [117.199767, -0.786678], [117.2028575, -0.7871903], [117.2075236, -0.7873314], [117.2105927, -0.787344], [117.2136365, -0.7874075], [117.215894, -0.7873567], [117.2177242, -0.7874402]]}, "properties": {"id": "TRM-KLM-0310", "system": "Mahakam", "voltage_class": "150 kV", "voltage_kv_max": 150.0, "voltage_kv_all": "150", "length_km": 3.653, "osm_id": "way/1385968486", "osm_voltage": "150000", "source_id": "OSM-overpass", "color": "#1f77b4", "weight": 1.8, "from_id": "GI-KLM-0080", "from_name": "GI Muara Jawa", "from_distance_km": 0.186, "to_id": "GI-KLM-0080", "to_name": "GI Muara Jawa", "to_distance_km": "", "endpoint_confidence": "both", "circuit_id": "CIRC-KALIMANTAN-0237", "circuit_from_id": "GI-KLM-0080", "circuit_from_name": "GI Muara Jawa", "circuit_to_id": "GI-KLM-0080", "circuit_to_name": "GI Muara Jawa", "circuit_length_km": 3.653, "circuit_segment_count": 1, "match_tier": "CONFIRMED_MATCH", "match_reason": "pair match (GI Muara Jawa — GI Muara Jawa), voltage=150 matches", "ruptl_id": "RUPTL-KALIMANTAN-T-0110", "voltage_kv_ruptl": "150", "length_km_ruptl": "240.0", "target_cod_year_ruptl": "2032", "action_type_ruptl": "New"}}, {"type": "Feature", "geometry": {"type": "LineString", "coordinates": [[116.7229974, -0.9956128], [116.725091, -0.997313], [116.727011, -0.999426], [116.728857, -1.001486], [116.731936, -1.001883], [116.734983, -1.002301], [116.739607, -1.002923], [116.743244, -1.003374], [116.746538, -1.004779], [116.750615, -1.006517], [116.756419, -1.008995], [116.759198, -1.010207], [116.76174, -1.011226], [116.764712, -1.012513], [116.766375, -1.014616], [116.767995, -1.0166], [116.769712, -1.018703], [116.771654, -1.021471], [116.771203, -1.023916], [116.770742, -1.026373], [116.770431, -1.029065], [116.769948, -1.032723], [116.769626, -1.035534], [116.769304, -1.039031], [116.768982, -1.041734], [116.768628, -1.044641], [116.768167, -1.048471], [116.767845, -1.051581], [116.766483, -1.053952], [116.765152, -1.056291], [116.763704, -1.058865], [116.762223, -1.061547], [116.760367, -1.064797], [116.75908, -1.067061], [116.757556, -1.06971], [116.755829, -1.072821], [116.75614, -1.075846], [116.756483, -1.079], [116.75687, -1.081982], [116.757234, -1.085093], [116.757567, -1.087849], [116.75952, -1.089083], [116.762352, -1.088868], [116.766214, -1.088568], [116.767888, -1.090542], [116.770184, -1.093245], [116.770248, -1.096077], [116.770227, -1.099467], [116.771901, -1.10217], [116.773574, -1.105109], [116.775141, -1.107598], [116.776686, -1.110279], [116.778231, -1.112832], [116.779625, -1.115149], [116.781106, -1.117981], [116.782672, -1.121049], [116.784089, -1.123859], [116.785226, -1.126369], [116.78647, -1.129115], [116.787415, -1.131947], [116.787007, -1.13272], [116.788423, -1.135766], [116.7884233, -1.1401], [116.790998, -1.15132], [116.792071, -1.153143], [116.791899, -1.155803], [116.791749, -1.158206], [116.791534, -1.160781], [116.789711, -1.163055], [116.790698, -1.165479], [116.7919633, -1.1658138]]}, "properties": {"id": "TRM-KLM-0311", "system": "Mahakam", "voltage_class": "150 kV", "voltage_kv_max": 150.0, "voltage_kv_all": "150", "length_km": 24.717, "osm_id": "way/1411098193", "osm_voltage": "150000", "source_id": "OSM-overpass", "color": "#1f77b4", "weight": 1.8, "from_id": "GI-KLM-0097", "from_name": "GIS 4 KPIKN/Sepaku", "from_distance_km": 1.721, "to_id": "GI-KLM-0073", "to_name": "GI Kariangau", "to_distance_km": 0.083, "endpoint_confidence": "both", "circuit_id": "CIRC-KALIMANTAN-0238", "circuit_from_id": "GI-KLM-0097", "circuit_from_name": "GIS 4 KPIKN/Sepaku", "circuit_to_id": "GI-KLM-0073", "circuit_to_name": "GI Kariangau", "circuit_length_km": 24.717, "circuit_segment_count": 1, "match_tier": "UNMATCHED_BASELINE"}}, {"type": "Feature", "geometry": {"type": "LineString", "coordinates": [[116.372541, -3.453879], [116.3736302, -3.4541145]]}, "properties": {"id": "TRM-KLM-0312", "system": "Kalselteng", "voltage_class": "150 kV", "voltage_kv_max": 150.0, "voltage_kv_all": "150", "length_km": 0.124, "osm_id": "way/1411099511", "osm_voltage": "150000", "source_id": "OSM-overpass", "color": "#1f77b4", "weight": 1.8, "from_id": "", "from_name": "", "from_distance_km": "", "to_id": "", "to_name": "", "to_distance_km": "", "endpoint_confidence": "none", "circuit_id": "", "circuit_from_id": "", "circuit_from_name": "", "circuit_to_id": "", "circuit_to_name": "", "circuit_length_km": "", "circuit_segment_count": "", "match_tier": "BASELINE_UNRESOLVED"}}, {"type": "Feature", "geometry": {"type": "LineString", "coordinates": [[116.3736409, -3.453654], [116.372541, -3.453879]]}, "properties": {"id": "TRM-KLM-0313", "system": "Kalselteng", "voltage_class": "150 kV", "voltage_kv_max": 150.0, "voltage_kv_all": "150", "length_km": 0.125, "osm_id": "way/1411099512", "osm_voltage": "150000", "source_id": "OSM-overpass", "color": "#1f77b4", "weight": 1.8, "from_id": "", "from_name": "", "from_distance_km": "", "to_id": "", "to_name": "", "to_distance_km": "", "endpoint_confidence": "none", "circuit_id": "", "circuit_from_id": "", "circuit_from_name": "", "circuit_to_id": "", "circuit_to_name": "", "circuit_length_km": "", "circuit_segment_count": "", "match_tier": "BASELINE_UNRESOLVED"}}, {"type": "Feature", "geometry": {"type": "LineString", "coordinates": [[116.108859, -3.247049], [116.1086145, -3.247062]]}, "properties": {"id": "TRM-KLM-0314", "system": "Kalselteng", "voltage_class": "150 kV", "voltage_kv_max": 150.0, "voltage_kv_all": "150", "length_km": 0.027, "osm_id": "way/1411100169", "osm_voltage": "150000", "source_id": "OSM-overpass", "color": "#1f77b4", "weight": 1.8, "from_id": "GI-KLM-0048", "from_name": "GI TARJUN", "from_distance_km": 0.069, "to_id": "GI-KLM-0048", "to_name": "GI TARJUN", "to_distance_km": "", "endpoint_confidence": "both", "circuit_id": "CIRC-KALIMANTAN-0239", "circuit_from_id": "GI-KLM-0048", "circuit_from_name": "GI TARJUN", "circuit_to_id": "GI-KLM-0048", "circuit_to_name": "GI TARJUN", "circuit_length_km": 0.027, "circuit_segment_count": 1, "match_tier": "UNMATCHED_BASELINE"}}, {"type": "Feature", "geometry": {"type": "LineString", "coordinates": [[116.1079551, -3.2468316], [116.1081827, -3.2468866]]}, "properties": {"id": "TRM-KLM-0315", "system": "Kalselteng", "voltage_class": "150 kV", "voltage_kv_max": 150.0, "voltage_kv_all": "150", "length_km": 0.026, "osm_id": "way/1411100170", "osm_voltage": "150000", "source_id": "OSM-overpass", "color": "#1f77b4", "weight": 1.8, "from_id": "GI-KLM-0048", "from_name": "GI TARJUN", "from_distance_km": 0.071, "to_id": "GI-KLM-0048", "to_name": "GI TARJUN", "to_distance_km": "", "endpoint_confidence": "both", "circuit_id": "CIRC-KALIMANTAN-0240", "circuit_from_id": "GI-KLM-0048", "circuit_from_name": "GI TARJUN", "circuit_to_id": "GI-KLM-0048", "circuit_to_name": "GI TARJUN", "circuit_length_km": 0.026, "circuit_segment_count": 1, "match_tier": "UNMATCHED_BASELINE"}}, {"type": "Feature", "geometry": {"type": "LineString", "coordinates": [[116.1086199, -3.2469067], [116.108859, -3.247049]]}, "properties": {"id": "TRM-KLM-0316", "system": "Kalselteng", "voltage_class": "150 kV", "voltage_kv_max": 150.0, "voltage_kv_all": "150", "length_km": 0.031, "osm_id": "way/1411100171", "osm_voltage": "150000", "source_id": "OSM-overpass", "color": "#1f77b4", "weight": 1.8, "from_id": "GI-KLM-0048", "from_name": "GI TARJUN", "from_distance_km": 0.043, "to_id": "GI-KLM-0048", "to_name": "GI TARJUN", "to_distance_km": "", "endpoint_confidence": "both", "circuit_id": "CIRC-KALIMANTAN-0241", "circuit_from_id": "GI-KLM-0048", "circuit_from_name": "GI TARJUN", "circuit_to_id": "GI-KLM-0048", "circuit_to_name": "GI TARJUN", "circuit_length_km": 0.031, "circuit_segment_count": 1, "match_tier": "UNMATCHED_BASELINE"}}, {"type": "Feature", "geometry": {"type": "LineString", "coordinates": [[116.1081746, -3.2467541], [116.1079551, -3.2468316]]}, "properties": {"id": "TRM-KLM-0317", "system": "Kalselteng", "voltage_class": "150 kV", "voltage_kv_max": 150.0, "voltage_kv_all": "150", "length_km": 0.026, "osm_id": "way/1411100172", "osm_voltage": "150000", "source_id": "OSM-overpass", "color": "#1f77b4", "weight": 1.8, "from_id": "GI-KLM-0048", "from_name": "GI TARJUN", "from_distance_km": 0.046, "to_id": "GI-KLM-0048", "to_name": "GI TARJUN", "to_distance_km": "", "endpoint_confidence": "both", "circuit_id": "CIRC-KALIMANTAN-0242", "circuit_from_id": "GI-KLM-0048", "circuit_from_name": "GI TARJUN", "circuit_to_id": "GI-KLM-0048", "circuit_to_name": "GI TARJUN", "circuit_length_km": 0.026, "circuit_segment_count": 1, "match_tier": "UNMATCHED_BASELINE"}}, {"type": "Feature", "geometry": {"type": "LineString", "coordinates": [[116.7919633, -1.1658138], [116.7923069, -1.1657176]]}, "properties": {"id": "TRM-KLM-0318", "system": "Mahakam", "voltage_class": "150 kV", "voltage_kv_max": 150.0, "voltage_kv_all": "150", "length_km": 0.04, "osm_id": "way/1412506041", "osm_voltage": "150000", "source_id": "OSM-overpass", "color": "#1f77b4", "weight": 1.8, "from_id": "GI-KLM-0073", "from_name": "GI Kariangau", "from_distance_km": 0.083, "to_id": "GI-KLM-0073", "to_name": "GI Kariangau", "to_distance_km": "", "endpoint_confidence": "both", "circuit_id": "CIRC-KALIMANTAN-0243", "circuit_from_id": "GI-KLM-0073", "circuit_from_name": "GI Kariangau", "circuit_to_id": "GI-KLM-0073", "circuit_to_name": "GI Kariangau", "circuit_length_km": 0.04, "circuit_segment_count": 1, "match_tier": "UNMATCHED_BASELINE"}}, {"type": "Feature", "geometry": {"type": "LineString", "coordinates": [[116.7922533, -1.1656023], [116.7919633, -1.1658138]]}, "properties": {"id": "TRM-KLM-0319", "system": "Mahakam", "voltage_class": "150 kV", "voltage_kv_max": 150.0, "voltage_kv_all": "150", "length_km": 0.04, "osm_id": "way/1412506042", "osm_voltage": "150000", "source_id": "OSM-overpass", "color": "#1f77b4", "weight": 1.8, "from_id": "GI-KLM-0073", "from_name": "GI Kariangau", "from_distance_km": 0.044, "to_id": "GI-KLM-0073", "to_name": "GI Kariangau", "to_distance_km": "", "endpoint_confidence": "both", "circuit_id": "CIRC-KALIMANTAN-0244", "circuit_from_id": "GI-KLM-0073", "circuit_from_name": "GI Kariangau", "circuit_to_id": "GI-KLM-0073", "circuit_to_name": "GI Kariangau", "circuit_length_km": 0.04, "circuit_segment_count": 1, "match_tier": "UNMATCHED_BASELINE"}}, {"type": "Feature", "geometry": {"type": "LineString", "coordinates": [[116.7229974, -0.9956128], [116.7227181, -0.9953226]]}, "properties": {"id": "TRM-KLM-0320", "system": "Mahakam", "voltage_class": "150 kV", "voltage_kv_max": 150.0, "voltage_kv_all": "150", "length_km": 0.045, "osm_id": "way/1413522046", "osm_voltage": "150000", "source_id": "OSM-overpass", "color": "#1f77b4", "weight": 1.8, "from_id": "GI-KLM-0097", "from_name": "GIS 4 KPIKN/Sepaku", "from_distance_km": 1.721, "to_id": "GI-KLM-0097", "to_name": "GIS 4 KPIKN/Sepaku", "to_distance_km": "", "endpoint_confidence": "both", "circuit_id": "CIRC-KALIMANTAN-0245", "circuit_from_id": "GI-KLM-0097", "circuit_from_name": "GIS 4 KPIKN/Sepaku", "circuit_to_id": "GI-KLM-0097", "circuit_to_name": "GIS 4 KPIKN/Sepaku", "circuit_length_km": 0.045, "circuit_segment_count": 1, "match_tier": "UNMATCHED_BASELINE"}}, {"type": "Feature", "geometry": {"type": "LineString", "coordinates": [[116.7226433, -0.9954267], [116.7229974, -0.9956128]]}, "properties": {"id": "TRM-KLM-0321", "system": "Mahakam", "voltage_class": "150 kV", "voltage_kv_max": 150.0, "voltage_kv_all": "150", "length_km": 0.044, "osm_id": "way/1413522047", "osm_voltage": "150000", "source_id": "OSM-overpass", "color": "#1f77b4", "weight": 1.8, "from_id": "GI-KLM-0097", "from_name": "GIS 4 KPIKN/Sepaku", "from_distance_km": 1.677, "to_id": "GI-KLM-0097", "to_name": "GIS 4 KPIKN/Sepaku", "to_distance_km": "", "endpoint_confidence": "both", "circuit_id": "CIRC-KALIMANTAN-0246", "circuit_from_id": "GI-KLM-0097", "circuit_from_name": "GIS 4 KPIKN/Sepaku", "circuit_to_id": "GI-KLM-0097", "circuit_to_name": "GIS 4 KPIKN/Sepaku", "circuit_length_km": 0.044, "circuit_segment_count": 1, "match_tier": "UNMATCHED_BASELINE"}}, {"type": "Feature", "geometry": {"type": "LineString", "coordinates": [[116.1745887, -1.9920167], [116.1769117, -1.9901498], [116.1775343, -1.9874454], [116.1788548, -1.9811159], [116.1794056, -1.9784592], [116.1801959, -1.9748213], [116.1779286, -1.9592187], [116.1756535, -1.9500813], [116.1747816, -1.9457329], [116.1722671, -1.9438661], [116.169561, -1.9416641], [116.1663998, -1.9391271], [116.1640263, -1.9372104], [116.1616315, -1.9353196]]}, "properties": {"id": "TRM-KLM-0322", "system": "Kalselteng", "voltage_class": "150 kV", "voltage_kv_max": 150.0, "voltage_kv_all": "150", "length_km": 7.232, "osm_id": "way/1416911980", "osm_voltage": "150000", "source_id": "OSM-overpass", "color": "#1f77b4", "weight": 1.8, "from_id": "", "from_name": "", "from_distance_km": "", "to_id": "", "to_name": "", "to_distance_km": "", "endpoint_confidence": "none", "circuit_id": "", "circuit_from_id": "", "circuit_from_name": "", "circuit_to_id": "", "circuit_to_name": "", "circuit_length_km": "", "circuit_segment_count": "", "match_tier": "BASELINE_UNRESOLVED"}}, {"type": "Feature", "geometry": {"type": "LineString", "coordinates": [[116.1643849, -1.9007593], [116.1651639, -1.8994094]]}, "properties": {"id": "TRM-KLM-0323", "system": "Mahakam", "voltage_class": "150 kV", "voltage_kv_max": 150.0, "voltage_kv_all": "150", "length_km": 0.173, "osm_id": "way/1416911981", "osm_voltage": "150000", "source_id": "OSM-overpass", "color": "#1f77b4", "weight": 1.8, "from_id": "GI-KLM-0091", "from_name": "GI Grogot", "from_distance_km": 0.257, "to_id": "GI-KLM-0091", "to_name": "GI Grogot", "to_distance_km": "", "endpoint_confidence": "both", "circuit_id": "CIRC-KALIMANTAN-0247", "circuit_from_id": "GI-KLM-0091", "circuit_from_name": "GI Grogot", "circuit_to_id": "GI-KLM-0091", "circuit_to_name": "GI Grogot", "circuit_length_km": 0.173, "circuit_segment_count": 1, "match_tier": "UNMATCHED_BASELINE"}}, {"type": "Feature", "geometry": {"type": "LineString", "coordinates": [[116.1651639, -1.8994094], [116.1655524, -1.8991791]]}, "properties": {"id": "TRM-KLM-0324", "system": "Mahakam", "voltage_class": "150 kV", "voltage_kv_max": 150.0, "voltage_kv_all": "150", "length_km": 0.05, "osm_id": "way/1416911982", "osm_voltage": "150000", "source_id": "OSM-overpass", "color": "#1f77b4", "weight": 1.8, "from_id": "GI-KLM-0091", "from_name": "GI Grogot", "from_distance_km": 0.085, "to_id": "GI-KLM-0091", "to_name": "GI Grogot", "to_distance_km": "", "endpoint_confidence": "both", "circuit_id": "CIRC-KALIMANTAN-0248", "circuit_from_id": "GI-KLM-0091", "circuit_from_name": "GI Grogot", "circuit_to_id": "GI-KLM-0091", "circuit_to_name": "GI Grogot", "circuit_length_km": 0.05, "circuit_segment_count": 1, "match_tier": "UNMATCHED_BASELINE"}}, {"type": "Feature", "geometry": {"type": "LineString", "coordinates": [[116.1653781, -1.8989888], [116.1651639, -1.8994094]]}, "properties": {"id": "TRM-KLM-0325", "system": "Mahakam", "voltage_class": "150 kV", "voltage_kv_max": 150.0, "voltage_kv_all": "150", "length_km": 0.052, "osm_id": "way/1416911983", "osm_voltage": "150000", "source_id": "OSM-overpass", "color": "#1f77b4", "weight": 1.8, "from_id": "GI-KLM-0091", "from_name": "GI Grogot", "from_distance_km": 0.035, "to_id": "GI-KLM-0091", "to_name": "GI Grogot", "to_distance_km": "", "endpoint_confidence": "both", "circuit_id": "CIRC-KALIMANTAN-0249", "circuit_from_id": "GI-KLM-0091", "circuit_from_name": "GI Grogot", "circuit_to_id": "GI-KLM-0091", "circuit_to_name": "GI Grogot", "circuit_length_km": 0.052, "circuit_segment_count": 1, "match_tier": "UNMATCHED_BASELINE"}}, {"type": "Feature", "geometry": {"type": "LineString", "coordinates": [[116.1079915, -3.245445], [116.1081999, -3.2455135]]}, "properties": {"id": "TRM-KLM-0326", "system": "Kalselteng", "voltage_class": "150 kV", "voltage_kv_max": 150.0, "voltage_kv_all": "150", "length_km": 0.024, "osm_id": "way/1416911984", "osm_voltage": "150000", "source_id": "OSM-overpass", "color": "#1f77b4", "weight": 1.8, "from_id": "GI-KLM-0048", "from_name": "GI TARJUN", "from_distance_km": 0.135, "to_id": "GI-KLM-0048", "to_name": "GI TARJUN", "to_distance_km": "", "endpoint_confidence": "both", "circuit_id": "CIRC-KALIMANTAN-0250", "circuit_from_id": "GI-KLM-0048", "circuit_from_name": "GI TARJUN", "circuit_to_id": "GI-KLM-0048", "circuit_to_name": "GI TARJUN", "circuit_length_km": 0.024, "circuit_segment_count": 1, "match_tier": "UNMATCHED_BASELINE"}}, {"type": "Feature", "geometry": {"type": "LineString", "coordinates": [[116.1081918, -3.245381], [116.1079915, -3.245445]]}, "properties": {"id": "TRM-KLM-0327", "system": "Kalselteng", "voltage_class": "150 kV", "voltage_kv_max": 150.0, "voltage_kv_all": "150", "length_km": 0.023, "osm_id": "way/1416911985", "osm_voltage": "150000", "source_id": "OSM-overpass", "color": "#1f77b4", "weight": 1.8, "from_id": "GI-KLM-0048", "from_name": "GI TARJUN", "from_distance_km": 0.133, "to_id": "GI-KLM-0048", "to_name": "GI TARJUN", "to_distance_km": "", "endpoint_confidence": "both", "circuit_id": "CIRC-KALIMANTAN-0251", "circuit_from_id": "GI-KLM-0048", "circuit_from_name": "GI TARJUN", "circuit_to_id": "GI-KLM-0048", "circuit_to_name": "GI TARJUN", "circuit_length_km": 0.023, "circuit_segment_count": 1, "match_tier": "UNMATCHED_BASELINE"}}, {"type": "Feature", "geometry": {"type": "LineString", "coordinates": [[116.1079915, -3.245445], [116.1042018, -3.2412312], [116.0988591, -3.2394234], [116.0961095, -3.2394681], [116.0914334, -3.2396716], [116.0889074, -3.2398948]]}, "properties": {"id": "TRM-KLM-0328", "system": "Kalselteng", "voltage_class": "150 kV", "voltage_kv_max": 150.0, "voltage_kv_all": "150", "length_km": 2.362, "osm_id": "way/1416911986", "osm_voltage": "150000", "source_id": "OSM-overpass", "color": "#1f77b4", "weight": 1.8, "from_id": "GI-KLM-0048", "from_name": "GI TARJUN", "from_distance_km": 0.135, "to_id": "GI-KLM-0048", "to_name": "GI TARJUN", "to_distance_km": "", "endpoint_confidence": "both", "circuit_id": "CIRC-KALIMANTAN-0252", "circuit_from_id": "GI-KLM-0048", "circuit_from_name": "GI TARJUN", "circuit_to_id": "GI-KLM-0048", "circuit_to_name": "GI TARJUN", "circuit_length_km": 2.362, "circuit_segment_count": 1, "match_tier": "UNMATCHED_BASELINE"}}, {"type": "Feature", "geometry": {"type": "LineString", "coordinates": [[116.0156135, -2.3153543], [116.0177329, -2.3121166], [116.0195875, -2.3092048], [116.0215235, -2.3062318], [116.0229908, -2.3039308], [116.0247026, -2.3013447], [116.0258957, -2.299422], [116.0278521, -2.2964693], [116.0298085, -2.2934149], [116.0324374, -2.291399], [116.0345773, -2.2897292], [116.0366967, -2.2881002], [116.0394683, -2.2859621], [116.0417507, -2.284048], [116.0450114, -2.2796088], [116.0460915, -2.2763507], [116.0470493, -2.2732962], [116.0484147, -2.2706898], [116.0513494, -2.2649066], [116.0534077, -2.2629517], [116.0554456, -2.2609561], [116.0682287, -2.2529732], [116.0699405, -2.2507943], [116.0723045, -2.2478416], [116.0740571, -2.2456423], [116.0783956, -2.240147], [116.0826141, -2.2352597], [116.0835128, -2.2322674], [116.0932871, -2.2017963], [116.0943005, -2.1986505], [116.0992528, -2.1830757], [116.1002853, -2.179841], [116.1022259, -2.1737649], [116.1027434, -2.1720412], [116.1073121, -2.1509734], [116.1080668, -2.1472243], [116.108649, -2.1444016], [116.1097378, -2.1361276], [116.1096084, -2.1326155], [116.1095006, -2.1289525], [116.1094144, -2.1256773], [116.1093281, -2.1221867], [116.1091697, -2.1190313], [116.1088715, -2.1124073], [116.1101562, -2.1090118], [116.1110187, -2.1064477], [116.1117733, -2.1042498], [116.1130317, -2.1004749], [116.1141083, -2.0974211], [116.1161351, -2.0914955], [116.1182528, -2.0854255], [116.1224358, -2.0732726], [116.123363, -2.066729], [116.1232983, -2.0636261], [116.1233199, -2.0608033], [116.1232983, -2.0583899], [116.1232336, -2.0523564], [116.123093, -2.0315828], [116.123093, -2.0275317], [116.1291405, -2.0214812], [116.1310712, -2.0195582], [116.1341115, -2.0183731], [116.1368067, -2.0172741], [116.1398254, -2.0160889], [116.1431028, -2.0147744]]}, "properties": {"id": "TRM-KLM-0329", "system": "Kalselteng", "voltage_class": "150 kV", "voltage_kv_max": 150.0, "voltage_kv_all": "150", "length_km": 38.313, "osm_id": "way/1416911987", "osm_voltage": "150000", "source_id": "OSM-overpass", "color": "#1f77b4", "weight": 1.8, "from_id": "", "from_name": "", "from_distance_km": "", "to_id": "", "to_name": "", "to_distance_km": "", "endpoint_confidence": "none", "circuit_id": "", "circuit_from_id": "", "circuit_from_name": "", "circuit_to_id": "", "circuit_to_name": "", "circuit_length_km": "", "circuit_segment_count": "", "match_tier": "BASELINE_UNRESOLVED"}}, {"type": "Feature", "geometry": {"type": "LineString", "coordinates": [[111.1649636, -2.7758948], [111.1595102, -2.7722292], [111.1511377, -2.7665014], [111.1483128, -2.7645732], [111.1428882, -2.7608666], [111.1401732, -2.7590011], [111.137073, -2.756933], [111.134605, -2.755143], [111.132063, -2.753375], [111.129659, -2.751693], [111.127288, -2.750053], [111.125046, -2.748488], [111.122364, -2.746656], [111.117032, -2.742787], [111.114929, -2.74013], [111.11304, -2.737708], [111.110938, -2.735136], [111.108706, -2.732242], [111.106775, -2.729842], [111.104844, -2.727398], [111.102676, -2.72473], [111.100638, -2.722093], [111.098632, -2.719596], [111.0964, -2.719393], [111.093267, -2.719082], [111.090081, -2.718718], [111.087034, -2.718396], [111.083858, -2.718032], [111.080704, -2.7177], [111.077625, -2.71741], [111.074417, -2.717164], [111.07137, -2.716746], [111.068226, -2.716403], [111.065083, -2.716081], [111.061907, -2.715749], [111.058817, -2.715438], [111.055706, -2.715074], [111.052583, -2.714731], [111.050255, -2.712395], [111.04797, -2.709983], [111.045492, -2.707347], [111.043153, -2.704947], [111.040696, -2.702342], [111.038475, -2.699985], [111.035825, -2.697166], [111.033626, -2.695023], [111.0309, -2.693876], [111.0278, -2.692633], [111.02471, -2.691357], [111.02177, -2.690125], [111.018873, -2.688903], [111.015955, -2.687682], [111.013026, -2.686471], [111.01014, -2.685184], [111.008241, -2.682784], [111.006321, -2.68018], [111.004432, -2.677607], [111.002576, -2.67511], [111.000688, -2.67257], [110.9988, -2.670009], [110.996718, -2.667255], [110.994862, -2.664768], [110.993028, -2.66226], [110.991118, -2.65971], [110.98924, -2.657234], [110.98173, -2.647106], [110.979831, -2.64463], [110.977836, -2.641855], [110.975937, -2.639272], [110.973887, -2.636635], [110.972139, -2.634213], [110.970272, -2.631673], [110.968416, -2.629176], [110.966495, -2.626668], [110.964596, -2.624096], [110.962837, -2.621684], [110.961699, -2.618737], [110.960723, -2.615811], [110.959586, -2.61281], [110.958513, -2.609873], [110.957376, -2.606894], [110.956346, -2.603979], [110.955305, -2.601042], [110.954232, -2.597966], [110.953138, -2.595019], [110.952194, -2.592446], [110.950853, -2.58907], [110.949973, -2.586348], [110.948943, -2.583561], [110.947806, -2.58041], [110.946743, -2.577431], [110.945671, -2.574547], [110.94463, -2.57145], [110.943536, -2.568545], [110.942463, -2.56563], [110.941379, -2.562565], [110.940253, -2.559521], [110.939223, -2.556573], [110.93815, -2.553615], [110.937055, -2.550667], [110.936004, -2.547677], [110.934952, -2.544708], [110.933805, -2.541728], [110.932839, -2.53892], [110.931863, -2.536273], [110.931144, -2.534065], [110.930157, -2.531428], [110.929062, -2.528534], [110.927968, -2.525458], [110.926874, -2.522532], [110.925801, -2.519584], [110.924771, -2.51654], [110.923741, -2.513603], [110.922689, -2.510859], [110.921606, -2.507858], [110.920565, -2.50505], [110.919589, -2.502092], [110.918452, -2.498972], [110.917422, -2.496186], [110.916231, -2.492916], [110.915158, -2.489958], [110.913967, -2.486517], [110.912862, -2.483559], [110.911778, -2.48059], [110.910716, -2.477621], [110.909708, -2.47463], [110.908549, -2.471629], [110.907551, -2.468853], [110.906414, -2.465712], [110.905191, -2.462261], [110.904086, -2.459313], [110.903034, -2.456344], [110.902069, -2.453728], [110.900942, -2.450438], [110.899837, -2.447447], [110.898764, -2.444521], [110.89753, -2.441058], [110.896254, -2.437478], [110.894998, -2.433941], [110.893925, -2.431047], [110.892938, -2.428324], [110.89193, -2.425623], [110.890793, -2.422321], [110.889634, -2.419234], [110.888475, -2.415986], [110.887295, -2.412781], [110.886158, -2.40978], [110.884452, -2.408408], [110.881641, -2.406124], [110.878916, -2.404002], [110.876513, -2.402094], [110.874023, -2.400154], [110.871921, -2.39846], [110.86941, -2.396423], [110.866728, -2.394269], [110.864121, -2.392221], [110.861503, -2.390067], [110.859014, -2.388051], [110.856342, -2.386004], [110.853853, -2.38401], [110.850924, -2.381673], [110.849015, -2.380055], [110.846955, -2.378425], [110.844991, -2.376882], [110.842524, -2.374952], [110.840045, -2.37299], [110.837781, -2.37119], [110.834949, -2.366987], [110.831516, -2.361992], [110.829488, -2.358969], [110.827428, -2.356043], [110.825765, -2.353663], [110.824263, -2.351465], [110.822493, -2.350157], [110.820122, -2.348517], [110.817804, -2.346802], [110.815305, -2.345033], [110.812976, -2.343372], [110.810734, -2.341817], [110.798364, -2.333049], [110.794179, -2.330047], [110.792109, -2.329972], [110.788718, -2.330015], [110.785521, -2.330047], [110.782378, -2.330047], [110.779266, -2.330101], [110.776005, -2.330165], [110.7721871, -2.330266]]}, "properties": {"id": "TRM-KLM-0330", "system": "Khatulistiwa", "voltage_class": "150 kV", "voltage_kv_max": 150.0, "voltage_kv_all": "150", "length_km": 70.719, "osm_id": "way/1428533033", "osm_voltage": "150000", "source_id": "OSM-overpass", "color": "#1f77b4", "weight": 1.8, "from_id": "", "from_name": "", "from_distance_km": "", "to_id": "", "to_name": "", "to_distance_km": "", "endpoint_confidence": "none", "circuit_id": "", "circuit_from_id": "", "circuit_from_name": "", "circuit_to_id": "", "circuit_to_name": "", "circuit_length_km": "", "circuit_segment_count": "", "match_tier": "BASELINE_UNRESOLVED"}}, {"type": "Feature", "geometry": {"type": "LineString", "coordinates": [[109.2563622, -0.0311868], [109.2563398, -0.0316113], [109.2587274, -0.0310278]]}, "properties": {"id": "TRM-KLM-0331", "system": "Khatulistiwa", "voltage_class": "150 kV", "voltage_kv_max": 150.0, "voltage_kv_all": "150", "length_km": 0.321, "osm_id": "way/1432434026", "osm_voltage": "150000", "source_id": "OSM-overpass", "color": "#1f77b4", "weight": 1.8, "from_id": "GI-KLM-0007", "from_name": "GI CENDANA", "from_distance_km": 0.026, "to_id": "GI-KLM-0007", "to_name": "GI CENDANA", "to_distance_km": "", "endpoint_confidence": "both", "circuit_id": "CIRC-KALIMANTAN-0253", "circuit_from_id": "GI-KLM-0007", "circuit_from_name": "GI CENDANA", "circuit_to_id": "GI-KLM-0007", "circuit_to_name": "GI CENDANA", "circuit_length_km": 0.321, "circuit_segment_count": 1, "match_tier": "UNMATCHED_BASELINE"}}, {"type": "Feature", "geometry": {"type": "LineString", "coordinates": [[109.2064673, 0.0597677], [109.2063989, 0.0591829]]}, "properties": {"id": "TRM-KLM-0332", "system": "Khatulistiwa", "voltage_class": "150 kV", "voltage_kv_max": 150.0, "voltage_kv_all": "150", "length_km": 0.065, "osm_id": "way/1444049309", "osm_voltage": "150000", "source_id": "OSM-overpass", "color": "#1f77b4", "weight": 1.8, "from_id": "GI-KLM-0003", "from_name": "GI PARIT BARU", "from_distance_km": 0.133, "to_id": "GI-KLM-0003", "to_name": "GI PARIT BARU", "to_distance_km": "", "endpoint_confidence": "both", "circuit_id": "CIRC-KALIMANTAN-0254", "circuit_from_id": "GI-KLM-0003", "circuit_from_name": "GI PARIT BARU", "circuit_to_id": "GI-KLM-0003", "circuit_to_name": "GI PARIT BARU", "circuit_length_km": 0.065, "circuit_segment_count": 1, "match_tier": "UNMATCHED_BASELINE"}}, {"type": "Feature", "geometry": {"type": "LineString", "coordinates": [[110.5393557, -1.1992664], [110.0934067, 0.0016321]]}, "properties": {"id": "RUPTL:RUPTL-KALIMANTAN-T-0001", "ruptl_id": "RUPTL-KALIMANTAN-T-0001", "name": "Sandai — Tayan", "from_bus": "Sandai", "to_bus": "Tayan", "from_id": "GI-KLM-0021", "to_id": "GI-KLM-0005", "voltage_kv": "150", "voltage_class": "150 kV", "action_type": "New", "circuits": "2", "line_type": "SUTT", "length_km": "332.0", "target_cod_year": "2025", "status": "Construction", "province": "Kalimantan Barat", "match_tier": "PLANNED_RUPTL", "source": "ruptl", "source_page": "739", "source_table": "Tabel A11.13"}}, {"type": "Feature", "geometry": {"type": "LineString", "coordinates": [[116.1085205, -3.2465336], [114.7040557, -3.3918538]]}, "properties": {"id": "RUPTL:RUPTL-KALIMANTAN-T-0034", "ruptl_id": "RUPTL-KALIMANTAN-T-0034", "name": "Tarjun — Sei Durian", "from_bus": "Tarjun", "to_bus": "Sei Durian", "from_id": "GI-KLM-0048", "to_id": "GI-KLM-0031", "voltage_kv": "150", "voltage_class": "150 kV", "action_type": "New", "circuits": "2", "line_type": "SUTT", "length_km": "169.0", "target_cod_year": "2026", "status": "Planned", "province": "Kalimantan Selatan", "match_tier": "PLANNED_RUPTL", "source": "ruptl", "source_page": "754", "source_table": "Tabel A12.15"}}, {"type": "Feature", "geometry": {"type": "LineString", "coordinates": [[114.7040557, -3.3918538], [114.6269126, -3.4238908]]}, "properties": {"id": "RUPTL:RUPTL-KALIMANTAN-T-0042", "ruptl_id": "RUPTL-KALIMANTAN-T-0042", "name": "Sei Tabuk — Mantuil", "from_bus": "Sei Tabuk", "to_bus": "Mantuil", "from_id": "GI-KLM-0031", "to_id": "GI-KLM-0029", "voltage_kv": "150", "voltage_class": "150 kV", "action_type": "New", "circuits": "2", "line_type": "SUTT", "length_km": "20.0", "target_cod_year": "2030", "status": "Planned", "province": "Kalimantan Selatan", "match_tier": "PLANNED_RUPTL", "source": "ruptl", "source_page": "754", "source_table": "Tabel A12.15"}}, {"type": "Feature", "geometry": {"type": "LineString", "coordinates": [[114.5459576, -0.7017628], [113.8081591, -1.1150087]]}, "properties": {"id": "RUPTL:RUPTL-KALIMANTAN-T-0045", "ruptl_id": "RUPTL-KALIMANTAN-T-0045", "name": "Puruk Cahu — Kuala Kurun", "from_bus": "Puruk Cahu", "to_bus": "Kuala Kurun", "from_id": "GI-KLM-0052", "to_id": "GI-KLM-0061", "voltage_kv": "150", "voltage_class": "150 kV", "action_type": "New", "circuits": "2", "line_type": "SUTT", "length_km": "94.0", "target_cod_year": "2025", "status": "Construction", "province": "Kalimantan Tengah", "match_tier": "PLANNED_RUPTL", "source": "ruptl", "source_page": "767", "source_table": "Tabel A13.12"}}, {"type": "Feature", "geometry": {"type": "LineString", "coordinates": [[114.9805954, -1.7494672], [113.8736782, -2.1749099]]}, "properties": {"id": "RUPTL:RUPTL-KALIMANTAN-T-0054", "ruptl_id": "RUPTL-KALIMANTAN-T-0054", "name": "Buntok — Palangkaraya", "from_bus": "Buntok", "to_bus": "Palangkaraya", "from_id": "GI-KLM-0049", "to_id": "GI-KLM-0053", "voltage_kv": "150", "voltage_class": "150 kV", "action_type": "New", "circuits": "2", "line_type": "SUTT", "length_km": "300.0", "target_cod_year": "2030", "status": "Planned", "province": "Kalimantan Tengah", "match_tier": "PLANNED_RUPTL", "source": "ruptl", "source_page": "768", "source_table": "Tabel A13.15"}}, {"type": "Feature", "geometry": {"type": "LineString", "coordinates": [[117.1883726, -0.7802248], [117.5707079, 0.4706811]]}, "properties": {"id": "RUPTL:RUPTL-KALIMANTAN-T-0068", "ruptl_id": "RUPTL-KALIMANTAN-T-0068", "name": "Muara Wahau — Sangatta", "from_bus": "Muara Wahau", "to_bus": "Sangatta", "from_id": "GI-KLM-0080", "to_id": "GI-KLM-0085", "voltage_kv": "150", "voltage_class": "150 kV", "action_type": "New", "circuits": "2", "line_type": "SUTT", "length_km": "256.0", "target_cod_year": "2026", "status": "Committed", "province": "Kalimantan Timur", "match_tier": "PLANNED_RUPTL", "source": "ruptl", "source_page": "786", "source_table": ""}}, {"type": "Feature", "geometry": {"type": "LineString", "coordinates": [[117.1883726, -0.7802248], [115.4510039, -2.194764]]}, "properties": {"id": "RUPTL:RUPTL-KALIMANTAN-T-0112", "ruptl_id": "RUPTL-KALIMANTAN-T-0112", "name": "Muara Wahau — Tanjung Redeb", "from_bus": "Muara Wahau", "to_bus": "Tanjung Redeb", "from_id": "GI-KLM-0080", "to_id": "GI-KLM-0094", "voltage_kv": "150", "voltage_class": "150 kV", "action_type": "New", "circuits": "2", "line_type": "SUTT", "length_km": "304.0", "target_cod_year": "2032", "status": "Planned", "province": "Kalimantan Timur", "match_tier": "PLANNED_RUPTL", "source": "ruptl", "source_page": "788", "source_table": "Tabel A14.19"}}]}